"production_id";"production_plant_id";"date";"energy_type";"amount_kwh";"cost_usd";"carbon_emission_kg"
1;2;"2023-07-07";"gas";538.42;57.79;88.03
2;3;"2024-03-24";"coal";1701.42;158.57;407.37
3;9;"2022-10-14";"wind";38.65;1.52;1.8
4;7;"2022-06-18";"electricity";487.77;36.75;163.6
5;10;"2023-06-19";"wind";114.99;4.75;4.97
6;1;"2022-04-23";"electricity";1849.15;229.42;902.72
7;4;"2022-04-10";"electricity";166.64;23.4;72.84
8;7;"2022-05-07";"electricity";1511.51;185.35;402.52
9;10;"2023-10-22";"wind";252.4;11.41;8.55
10;10;"2022-03-14";"wind";334.67;8.49;15.17
11;3;"2024-01-30";"coal";612.72;77.9;139.14
12;6;"2023-10-31";"coal";736.45;107.29;226.17
13;6;"2021-07-20";"coal";322.36;44.11;146.38
14;3;"2022-09-26";"coal";1182.28;121.68;381.15
15;7;"2022-04-25";"electricity";865.76;100.71;226.76
16;9;"2021-09-19";"wind";348.74;15.33;8.31
17;4;"2023-07-09";"electricity";593.79;73.7;93.19
18;4;"2023-12-28";"electricity";154.65;11.29;21.24
19;7;"2022-11-21";"electricity";1231.3;120.89;353.51
20;6;"2022-06-03";"coal";327.47;38.92;62.91
21;3;"2024-05-04";"coal";473.28;45.71;128.03
22;8;"2023-12-16";"gas";1584.23;142.95;403.44
23;7;"2023-01-30";"electricity";1717.79;199.9;215.93
24;10;"2024-04-15";"wind";282.91;10.23;7.87
25;3;"2023-05-15";"coal";1590.16;160.41;352.37
26;8;"2022-08-04";"gas";231.42;29.63;54.25
27;6;"2024-04-29";"coal";443.44;51.83;185.52
28;7;"2021-08-20";"electricity";739.81;90.37;328.57
29;7;"2022-07-27";"electricity";641.28;64.79;93.59
30;2;"2022-12-19";"gas";817.72;85.06;303.24
31;2;"2021-10-19";"gas";224.77;11.86;94.9
32;4;"2021-08-12";"electricity";459.94;49.36;71.18
33;10;"2023-03-10";"wind";219.35;9.35;8.9
34;4;"2023-04-05";"electricity";1189.6;107.63;538.23
35;7;"2023-09-23";"electricity";1453.1;128.08;706.36
36;1;"2022-03-03";"electricity";653.84;97.02;224.34
37;10;"2023-04-16";"wind";435.21;13.41;10.31
38;7;"2022-09-17";"electricity";124.73;8.55;55.66
39;3;"2023-11-14";"coal";501.76;68.64;178.67
40;5;"2021-06-13";"electricity";1953.54;211.91;670.45
41;1;"2021-09-11";"electricity";1351.95;193.67;271.56
42;5;"2023-09-26";"electricity";979.21;117.39;417.32
43;1;"2022-08-31";"electricity";1584.17;222.81;539.63
44;8;"2024-04-04";"gas";686.98;52.83;219.85
45;3;"2023-10-16";"coal";450.77;66.44;207.81
46;9;"2024-04-21";"wind";22.15;0.72;1.09
47;5;"2022-12-09";"electricity";439.72;25.13;143.63
48;6;"2023-06-19";"coal";470.99;54.27;172.14
49;9;"2022-04-19";"wind";163.48;7.4;5.88
50;6;"2023-05-22";"coal";1134.39;68.05;353.55
51;8;"2022-02-08";"gas";954.48;111.88;443.76
52;4;"2023-11-01";"electricity";901.16;121.59;281.17
53;3;"2022-05-24";"coal";1916.06;239.11;270.47
54;7;"2023-10-24";"electricity";630.35;91.3;192.94
55;1;"2023-10-20";"electricity";1458.6;86.85;271.9
56;2;"2024-03-09";"gas";1053.37;150.34;465.25
57;2;"2022-08-14";"gas";1410.91;196.35;688.53
58;8;"2023-06-01";"gas";1923.04;154.66;214.27
59;2;"2021-10-15";"gas";1681.08;189.71;257.83
60;2;"2022-06-28";"gas";810.41;46.89;288.1
61;2;"2022-02-11";"gas";842.86;61.93;183.87
62;3;"2024-04-17";"coal";1481.56;212.87;255.71
63;6;"2023-02-07";"coal";183.75;25.57;49.53
64;2;"2022-10-30";"gas";1800.84;196.0;537.03
65;5;"2022-05-02";"electricity";1918.87;275.85;477.62
66;1;"2021-07-02";"electricity";737.4;98.36;264.22
67;6;"2022-07-25";"coal";408.95;59.35;120.58
68;9;"2022-02-09";"wind";321.09;7.25;4.64
69;2;"2023-02-21";"gas";898.46;124.25;354.94
70;3;"2022-03-03";"coal";509.71;51.88;221.39
71;10;"2023-03-01";"wind";422.12;17.15;11.6
72;4;"2023-04-11";"electricity";134.44;12.08;36.55
73;9;"2023-09-16";"wind";332.01;7.55;5.8
74;5;"2022-05-31";"electricity";1072.64;102.07;313.14
75;7;"2021-05-31";"electricity";593.98;52.61;260.34
76;7;"2022-01-22";"electricity";807.48;82.37;185.56
77;9;"2023-05-25";"wind";192.96;9.05;5.84
78;8;"2024-05-22";"gas";718.46;63.16;315.36
79;9;"2024-01-06";"wind";469.67;16.45;19.52
80;3;"2021-06-23";"coal";894.73;72.18;191.74
81;7;"2022-06-05";"electricity";801.44;79.4;129.84
82;4;"2023-03-07";"electricity";1048.56;60.06;324.09
83;4;"2023-11-18";"electricity";1156.28;116.13;513.16
84;7;"2021-07-13";"electricity";459.4;46.18;102.11
85;2;"2022-01-07";"gas";785.12;40.76;384.1
86;4;"2021-10-15";"electricity";301.82;41.74;58.14
87;7;"2021-07-18";"electricity";997.73;93.9;470.69
88;7;"2022-03-06";"electricity";1922.14;214.63;595.75
89;1;"2021-06-30";"electricity";126.98;16.94;28.45
90;10;"2022-07-03";"wind";488.7;12.75;20.05
91;4;"2021-12-30";"electricity";846.63;124.32;333.03
92;9;"2021-09-16";"wind";168.43;7.66;3.59
93;9;"2022-12-18";"wind";255.24;5.78;12.27
94;1;"2024-04-24";"electricity";1966.71;283.09;212.02
95;2;"2022-06-20";"gas";133.71;14.76;13.83
96;7;"2023-09-20";"electricity";1971.55;181.35;342.49
97;2;"2021-08-02";"gas";302.83;42.58;70.66
98;10;"2023-01-05";"wind";369.15;12.44;14.75
99;5;"2022-02-17";"electricity";415.01;43.62;147.8
100;10;"2024-04-30";"wind";176.82;5.63;4.79
101;3;"2021-10-23";"coal";1258.47;132.03;126.04
102;7;"2024-05-20";"electricity";1115.81;137.56;443.36
103;9;"2024-05-20";"wind";409.19;19.58;5.24
104;5;"2023-12-01";"electricity";993.47;116.02;185.87
105;10;"2023-10-27";"wind";351.4;16.62;17.32
106;1;"2023-04-04";"electricity";397.67;44.84;105.89
107;10;"2024-04-08";"wind";342.91;8.53;13.25
108;8;"2022-01-09";"gas";596.56;30.52;140.01
109;2;"2022-12-23";"gas";651.19;92.4;172.57
110;8;"2023-04-02";"gas";494.26;32.28;140.53
111;2;"2022-02-27";"gas";1977.51;246.64;552.87
112;10;"2023-12-12";"wind";86.87;3.75;3.56
113;7;"2023-12-09";"electricity";131.19;12.61;36.59
114;10;"2024-05-03";"wind";426.1;9.46;20.55
115;2;"2021-07-15";"gas";1738.7;124.71;340.12
116;10;"2022-11-28";"wind";20.43;0.69;0.49
117;2;"2023-11-12";"gas";1075.18;155.77;326.7
118;3;"2024-03-27";"coal";1244.61;116.53;188.61
119;7;"2022-02-28";"electricity";1205.45;92.26;132.99
120;9;"2023-02-17";"wind";205.96;6.66;4.13
121;1;"2024-05-10";"electricity";1425.17;115.38;483.47
122;6;"2023-03-15";"coal";528.4;52.24;258.46
123;6;"2024-04-29";"coal";1779.89;138.75;472.16
124;2;"2024-01-27";"gas";1928.12;211.79;399.95
125;10;"2022-09-23";"wind";46.14;1.87;1.35
126;10;"2024-02-16";"wind";387.98;9.34;17.1
127;5;"2022-03-01";"electricity";419.56;46.77;173.2
128;10;"2022-08-21";"wind";335.35;16.35;4.0
129;7;"2023-06-29";"electricity";722.85;46.5;172.15
130;2;"2022-06-03";"gas";1065.25;60.39;373.95
131;2;"2022-08-31";"gas";286.42;24.43;52.85
132;10;"2022-02-20";"wind";170.77;6.53;4.96
133;1;"2023-03-13";"electricity";534.98;75.27;233.35
134;7;"2021-12-17";"electricity";1803.22;103.36;287.18
135;5;"2022-08-26";"electricity";769.79;47.15;152.92
136;5;"2022-11-26";"electricity";1382.98;181.33;434.28
137;6;"2022-10-09";"coal";365.83;33.57;72.91
138;6;"2023-08-13";"coal";1430.02;213.42;688.78
139;2;"2021-09-18";"gas";1304.15;131.48;197.16
140;4;"2022-10-11";"electricity";1570.68;213.81;284.67
141;8;"2023-08-08";"gas";886.75;52.92;434.55
142;6;"2023-06-03";"coal";1726.49;216.72;347.85
143;7;"2021-06-21";"electricity";411.37;48.57;94.11
144;5;"2022-09-16";"electricity";106.56;6.0;27.53
145;1;"2021-08-14";"electricity";441.95;63.73;125.11
146;4;"2024-05-18";"electricity";922.98;76.37;293.4
147;3;"2022-08-05";"coal";1488.32;145.81;664.45
148;5;"2023-08-02";"electricity";1087.63;157.64;123.65
149;5;"2024-01-30";"electricity";1785.91;193.22;693.87
150;9;"2024-01-12";"wind";106.14;4.89;1.09
151;4;"2023-11-22";"electricity";627.17;91.13;109.7
152;9;"2024-04-04";"wind";186.5;8.33;6.96
153;2;"2022-05-27";"gas";212.61;13.69;64.45
154;10;"2022-06-20";"wind";495.33;20.56;17.87
155;5;"2022-04-04";"electricity";1783.04;104.46;592.63
156;4;"2022-10-11";"electricity";278.88;31.64;119.92
157;4;"2023-12-19";"electricity";1154.67;154.54;509.01
158;9;"2022-01-25";"wind";186.78;6.99;5.96
159;10;"2022-10-23";"wind";11.48;0.3;0.29
160;6;"2024-01-29";"coal";1276.1;148.86;413.02
161;6;"2023-11-18";"coal";1110.91;114.93;296.57
162;10;"2024-03-18";"wind";335.43;9.77;3.78
163;9;"2023-03-06";"wind";252.19;8.79;6.48
164;6;"2021-06-30";"coal";1899.26;141.65;284.93
165;4;"2023-05-19";"electricity";1241.59;140.6;257.73
166;8;"2024-01-03";"gas";1589.79;142.53;243.77
167;7;"2021-10-22";"electricity";1444.7;83.53;576.28
168;1;"2024-03-02";"electricity";1667.85;128.29;688.05
169;6;"2021-11-15";"coal";1095.72;140.5;150.19
170;9;"2022-03-10";"wind";353.1;7.47;6.41
171;7;"2022-12-16";"electricity";1957.9;247.88;752.42
172;3;"2021-10-05";"coal";295.35;17.97;112.9
173;3;"2022-09-14";"coal";423.63;27.81;93.78
174;10;"2023-01-16";"wind";345.05;9.35;16.6
175;9;"2022-11-24";"wind";272.04;9.41;12.75
176;8;"2023-02-06";"gas";1823.53;256.29;258.75
177;1;"2023-03-15";"electricity";433.99;57.55;95.56
178;2;"2022-07-01";"gas";1711.22;154.99;471.68
179;7;"2023-07-31";"electricity";941.33;60.34;275.39
180;10;"2022-04-12";"wind";305.89;6.22;13.08
181;5;"2024-03-04";"electricity";1545.97;208.42;255.1
182;3;"2021-09-30";"coal";830.57;101.94;159.65
183;2;"2022-03-10";"gas";1991.75;133.42;608.58
184;6;"2022-04-18";"coal";885.62;74.68;373.48
185;9;"2022-04-01";"wind";83.21;3.85;1.65
186;4;"2023-03-18";"electricity";1332.62;115.43;589.37
187;7;"2022-02-23";"electricity";1291.19;107.51;400.91
188;8;"2023-11-03";"gas";1881.22;118.28;745.05
189;2;"2023-12-25";"gas";941.11;80.68;199.33
190;5;"2022-07-15";"electricity";695.77;45.13;208.29
191;8;"2022-09-17";"gas";1282.89;64.79;475.5
192;2;"2022-12-23";"gas";909.95;98.07;164.51
193;6;"2023-07-22";"coal";1631.52;187.08;355.44
194;2;"2024-01-22";"gas";1137.34;121.82;177.19
195;3;"2023-03-27";"coal";1602.92;239.13;277.1
196;2;"2021-12-06";"gas";204.63;10.7;34.28
197;8;"2023-12-05";"gas";1085.5;72.39;221.48
198;9;"2023-09-12";"wind";180.2;8.4;5.08
199;10;"2023-06-08";"wind";289.34;7.92;3.77
200;10;"2023-05-07";"wind";333.79;15.52;13.78
201;7;"2021-07-31";"electricity";1051.62;92.01;429.19
202;7;"2024-05-28";"electricity";1992.34;205.28;324.98
203;2;"2023-10-18";"gas";1369.63;157.25;413.92
204;5;"2022-12-13";"electricity";1780.28;128.69;712.47
205;8;"2022-07-14";"gas";1860.17;237.9;547.63
206;3;"2022-11-07";"coal";1346.24;139.62;477.46
207;2;"2024-05-03";"gas";758.81;53.2;368.82
208;3;"2021-10-29";"coal";268.99;26.85;132.22
209;7;"2024-04-27";"electricity";1217.2;64.07;470.67
210;1;"2022-06-24";"electricity";339.91;36.59;64.28
211;3;"2022-10-16";"coal";1306.62;178.71;405.61
212;10;"2023-06-22";"wind";369.51;18.32;15.11
213;2;"2021-11-04";"gas";194.75;16.34;64.86
214;5;"2024-03-24";"electricity";1176.29;76.72;276.52
215;9;"2022-12-27";"wind";343.69;15.98;6.66
216;5;"2024-05-28";"electricity";826.75;49.26;255.54
217;3;"2022-12-23";"coal";1996.66;146.42;399.05
218;7;"2022-04-02";"electricity";126.2;14.98;54.73
219;1;"2021-12-04";"electricity";502.69;59.75;164.46
220;4;"2023-03-30";"electricity";1912.02;95.68;801.93
221;4;"2023-01-07";"electricity";1311.42;74.76;404.89
222;10;"2024-01-21";"wind";377.3;7.82;18.52
223;9;"2022-12-08";"wind";420.86;8.7;10.62
224;1;"2023-01-21";"electricity";1456.97;99.98;602.75
225;1;"2021-06-30";"electricity";1634.16;96.97;493.34
226;9;"2022-05-14";"wind";45.51;1.35;0.94
227;10;"2021-07-18";"wind";455.11;11.72;5.5
228;2;"2023-12-09";"gas";594.19;86.02;231.77
229;4;"2023-05-10";"electricity";1975.67;278.32;483.95
230;2;"2023-11-20";"gas";668.74;48.39;149.78
231;4;"2021-06-12";"electricity";1091.37;64.28;409.75
232;9;"2021-09-11";"wind";285.86;7.08;11.54
233;10;"2022-09-18";"wind";181.15;3.86;3.5
234;3;"2021-08-19";"coal";1012.29;86.9;113.12
235;9;"2024-01-02";"wind";280.4;5.83;3.58
236;1;"2023-11-29";"electricity";906.37;111.16;447.87
237;1;"2021-12-08";"electricity";1780.38;217.05;363.6
238;4;"2023-04-29";"electricity";950.2;78.49;298.65
239;3;"2023-04-02";"coal";1750.18;96.94;470.86
240;3;"2024-04-29";"coal";356.99;22.73;170.55
241;1;"2022-08-16";"electricity";1016.91;98.99;319.67
242;8;"2022-07-08";"gas";972.55;78.0;175.32
243;8;"2021-11-27";"gas";1594.0;142.41;535.66
244;2;"2022-02-10";"gas";1094.1;124.83;534.24
245;9;"2023-04-04";"wind";31.35;1.03;0.79
246;2;"2023-03-14";"gas";357.98;37.01;94.6
247;7;"2023-11-11";"electricity";1765.97;230.6;321.93
248;2;"2023-02-26";"gas";803.72;117.57;303.24
249;5;"2023-04-23";"electricity";905.09;106.24;267.66
250;4;"2023-09-04";"electricity";1950.35;171.83;914.08
251;8;"2023-05-20";"gas";244.28;31.6;93.19
252;4;"2023-09-03";"electricity";1201.75;123.0;373.21
253;1;"2021-10-17";"electricity";1880.08;158.97;338.41
254;5;"2022-03-09";"electricity";143.35;10.7;15.16
255;4;"2022-02-19";"electricity";1110.75;132.44;225.69
256;3;"2022-07-29";"coal";140.75;19.61;68.58
257;2;"2023-03-20";"gas";1570.07;134.23;159.63
258;10;"2022-05-08";"wind";375.38;10.57;8.0
259;3;"2022-10-18";"coal";1726.71;148.73;811.11
260;5;"2022-04-19";"electricity";1551.2;202.99;528.75
261;9;"2022-05-12";"wind";242.15;5.96;8.01
262;6;"2021-08-12";"coal";1490.91;103.28;428.69
263;1;"2021-12-07";"electricity";688.96;36.66;195.57
264;9;"2022-03-23";"wind";126.8;4.13;2.77
265;6;"2023-03-26";"coal";731.85;47.0;234.24
266;1;"2024-05-19";"electricity";1819.07;201.77;884.36
267;5;"2023-05-28";"electricity";376.51;45.93;59.41
268;9;"2022-04-27";"wind";71.94;3.5;3.31
269;7;"2022-09-27";"electricity";455.69;30.35;57.91
270;3;"2023-04-29";"coal";760.7;58.98;333.22
271;1;"2023-05-14";"electricity";1177.01;133.65;300.62
272;8;"2021-10-11";"gas";910.27;98.21;145.21
273;6;"2023-09-30";"coal";402.45;47.07;146.33
274;4;"2022-04-25";"electricity";1420.76;132.43;269.32
275;7;"2021-07-31";"electricity";260.46;21.55;78.43
276;6;"2023-07-10";"coal";547.15;74.04;188.83
277;8;"2021-09-11";"gas";348.28;25.26;151.5
278;10;"2024-03-12";"wind";108.88;5.25;1.25
279;9;"2022-04-01";"wind";149.54;3.13;5.98
280;1;"2022-08-17";"electricity";127.32;12.63;32.37
281;7;"2022-12-22";"electricity";520.48;55.6;225.89
282;7;"2023-07-13";"electricity";747.69;48.84;360.47
283;10;"2023-01-14";"wind";408.25;20.24;17.33
284;2;"2023-06-05";"gas";745.88;106.53;206.89
285;3;"2022-01-04";"coal";977.78;134.67;365.15
286;5;"2022-11-22";"electricity";737.45;90.81;229.0
287;7;"2023-05-26";"electricity";1705.92;122.19;317.12
288;1;"2021-07-17";"electricity";1198.54;63.1;199.4
289;8;"2021-11-27";"gas";1276.23;165.97;272.43
290;8;"2023-04-07";"gas";469.56;68.6;92.99
291;5;"2021-08-14";"electricity";1138.4;136.02;319.47
292;10;"2023-01-27";"wind";340.46;14.65;11.5
293;2;"2023-09-24";"gas";1301.5;87.62;456.63
294;5;"2021-06-18";"electricity";375.56;44.0;185.87
295;1;"2023-03-05";"electricity";110.99;15.5;46.66
296;1;"2022-01-20";"electricity";1288.09;121.62;285.39
297;3;"2023-03-02";"coal";1864.68;229.88;198.32
298;5;"2023-09-26";"electricity";1473.4;126.14;570.17
299;5;"2022-05-11";"electricity";1723.28;206.32;345.67
300;1;"2024-02-21";"electricity";1111.41;113.63;501.23
301;8;"2022-01-19";"gas";261.38;16.91;95.03
302;9;"2022-04-24";"wind";391.4;17.91;13.8
303;9;"2021-11-13";"wind";143.88;5.9;1.82
304;1;"2023-08-08";"electricity";265.9;22.66;64.18
305;3;"2021-06-21";"coal";813.09;92.15;191.88
306;10;"2022-07-24";"wind";248.94;12.44;6.54
307;4;"2022-02-11";"electricity";1118.39;99.63;400.71
308;4;"2023-03-23";"electricity";1479.51;214.29;545.35
309;2;"2022-07-13";"gas";918.13;47.67;334.34
310;8;"2024-04-01";"gas";713.65;53.14;120.18
311;5;"2021-06-07";"electricity";501.45;40.19;81.7
312;6;"2022-08-12";"coal";1198.46;106.71;160.0
313;6;"2023-11-13";"coal";991.26;92.01;426.94
314;2;"2021-10-31";"gas";1669.87;89.67;574.67
315;3;"2021-12-31";"coal";545.21;38.4;210.65
316;5;"2023-06-04";"electricity";1440.6;156.42;676.33
317;4;"2023-10-18";"electricity";1174.71;166.03;320.46
318;1;"2023-02-19";"electricity";198.33;14.54;36.62
319;5;"2024-02-19";"electricity";1805.14;232.39;668.14
320;8;"2022-12-25";"gas";973.1;102.5;315.03
321;5;"2022-09-05";"electricity";1470.64;106.51;189.35
322;9;"2023-01-27";"wind";462.48;22.8;5.35
323;9;"2021-11-25";"wind";327.42;9.79;8.51
324;8;"2022-02-28";"gas";1787.83;120.94;423.34
325;3;"2023-02-08";"coal";721.89;104.82;328.1
326;2;"2023-12-07";"gas";548.12;73.52;215.87
327;4;"2022-09-13";"electricity";432.7;27.84;125.51
328;2;"2023-11-10";"gas";1078.82;107.73;130.43
329;4;"2021-06-16";"electricity";861.37;109.96;212.13
330;3;"2021-09-30";"coal";438.61;56.89;104.42
331;1;"2022-09-28";"electricity";639.63;67.46;256.55
332;10;"2023-12-13";"wind";270.17;10.85;4.67
333;7;"2023-02-10";"electricity";369.84;42.01;122.49
334;5;"2021-07-05";"electricity";1138.04;74.19;507.99
335;7;"2022-03-03";"electricity";1508.25;206.25;228.63
336;5;"2023-09-09";"electricity";1389.33;205.18;384.67
337;8;"2021-11-09";"gas";1979.8;250.42;929.89
338;2;"2023-02-27";"gas";629.88;71.93;208.24
339;2;"2024-02-07";"gas";489.97;42.24;126.26
340;8;"2022-10-12";"gas";1002.82;69.97;341.18
341;3;"2022-08-01";"coal";184.93;11.21;54.43
342;4;"2023-10-16";"electricity";294.19;17.49;126.69
343;10;"2022-11-29";"wind";269.82;11.88;13.12
344;1;"2021-08-19";"electricity";1132.35;75.86;415.7
345;2;"2024-05-10";"gas";1821.76;211.1;585.84
346;2;"2024-02-20";"gas";1493.23;197.19;743.72
347;2;"2023-12-14";"gas";692.62;103.66;311.07
348;5;"2021-09-20";"electricity";1557.05;204.92;760.12
349;2;"2022-06-23";"gas";1719.95;196.4;524.03
350;10;"2022-10-16";"wind";464.77;16.29;9.78
351;9;"2024-03-21";"wind";185.7;6.67;2.73
352;8;"2021-12-26";"gas";226.82;29.04;56.03
353;3;"2021-06-03";"coal";575.94;85.17;75.61
354;3;"2021-06-14";"coal";1999.46;206.94;754.54
355;6;"2021-09-11";"coal";1112.19;70.52;335.81
356;5;"2021-10-11";"electricity";416.14;26.66;131.43
357;6;"2021-06-05";"coal";887.07;53.84;113.53
358;7;"2021-08-28";"electricity";427.46;25.96;149.17
359;4;"2021-09-09";"electricity";1938.94;184.23;472.7
360;9;"2024-05-11";"wind";158.7;4.46;3.08
361;4;"2021-06-15";"electricity";589.87;46.4;277.45
362;10;"2024-01-28";"wind";378.52;12.47;16.83
363;1;"2021-11-29";"electricity";1504.44;142.02;207.25
364;5;"2021-10-06";"electricity";970.34;59.18;383.95
365;7;"2023-12-14";"electricity";273.66;26.51;62.42
366;3;"2023-06-01";"coal";555.62;42.65;67.88
367;2;"2024-03-02";"gas";1572.94;83.49;785.07
368;4;"2024-02-05";"electricity";348.38;49.95;96.57
369;9;"2023-12-09";"wind";126.95;6.12;1.38
370;5;"2024-03-07";"electricity";1354.83;128.92;377.92
371;3;"2022-06-25";"coal";837.41;121.49;202.32
372;7;"2023-11-24";"electricity";208.82;17.6;38.64
373;8;"2024-02-12";"gas";1957.18;248.08;388.2
374;1;"2022-12-19";"electricity";501.7;35.53;118.93
375;3;"2023-05-16";"coal";439.96;40.51;93.29
376;1;"2022-04-22";"electricity";1291.44;139.98;445.05
377;4;"2022-10-29";"electricity";521.02;51.56;200.49
378;5;"2023-09-23";"electricity";1751.48;189.65;513.09
379;5;"2021-09-28";"electricity";1171.27;164.97;402.69
380;1;"2022-12-08";"electricity";1859.67;111.85;718.06
381;4;"2021-12-06";"electricity";826.14;96.91;203.0
382;9;"2024-02-05";"wind";196.43;4.32;2.21
383;9;"2023-08-04";"wind";164.83;6.68;5.14
384;9;"2023-06-12";"wind";450.31;15.31;8.82
385;5;"2022-09-18";"electricity";162.87;20.2;81.22
386;5;"2023-09-16";"electricity";653.09;55.61;299.94
387;10;"2023-06-18";"wind";248.89;8.92;4.21
388;10;"2024-02-12";"wind";393.28;13.87;7.37
389;2;"2023-12-06";"gas";1241.56;157.27;374.63
390;9;"2023-03-17";"wind";403.69;19.63;18.41
391;2;"2024-04-07";"gas";361.14;34.35;52.39
392;6;"2021-06-21";"coal";1448.9;189.36;388.55
393;9;"2024-01-23";"wind";276.12;12.37;7.12
394;4;"2022-07-05";"electricity";1217.57;96.28;278.36
395;6;"2022-03-12";"coal";162.35;14.73;80.35
396;2;"2023-05-26";"gas";1670.69;209.33;675.8
397;10;"2021-06-01";"wind";393.15;13.89;9.44
398;6;"2024-05-17";"coal";887.56;109.17;330.86
399;1;"2021-08-31";"electricity";1335.75;142.85;628.84
400;5;"2022-10-26";"electricity";264.37;27.04;71.02
401;9;"2023-07-22";"wind";56.78;2.12;2.23
402;9;"2023-09-19";"wind";479.97;10.14;17.41
403;2;"2022-01-11";"gas";1101.59;155.09;194.48
404;9;"2022-07-26";"wind";105.32;3.27;3.85
405;2;"2024-02-23";"gas";519.55;35.55;236.26
406;8;"2021-07-18";"gas";644.47;88.29;173.76
407;5;"2022-11-16";"electricity";1408.36;155.72;537.52
408;9;"2022-06-07";"wind";79.93;2.37;2.15
409;10;"2022-03-01";"wind";105.44;3.1;2.13
410;5;"2021-08-25";"electricity";752.76;63.7;207.03
411;9;"2022-02-10";"wind";487.32;11.34;16.17
412;5;"2022-10-04";"electricity";623.97;68.71;127.63
413;5;"2023-01-18";"electricity";834.09;52.18;409.15
414;10;"2023-07-17";"wind";479.52;19.1;10.96
415;9;"2022-07-30";"wind";29.62;1.15;0.4
416;2;"2023-02-13";"gas";789.53;95.45;315.29
417;4;"2023-10-20";"electricity";1439.67;136.46;359.67
418;3;"2022-04-09";"coal";1736.02;133.13;758.82
419;6;"2024-04-23";"coal";995.88;69.68;198.64
420;5;"2023-07-09";"electricity";1779.49;195.35;753.99
421;10;"2024-04-30";"wind";495.39;22.6;10.98
422;3;"2024-04-15";"coal";1358.91;162.37;370.22
423;9;"2021-08-22";"wind";131.5;2.65;6.44
424;3;"2023-09-20";"coal";973.59;110.49;461.42
425;7;"2023-11-25";"electricity";1579.33;152.62;362.63
426;2;"2023-10-15";"gas";628.49;35.95;311.64
427;8;"2022-11-18";"gas";784.84;109.83;221.08
428;7;"2023-07-12";"electricity";1646.82;120.86;537.99
429;6;"2023-01-29";"coal";1651.02;196.46;785.0
430;6;"2023-12-14";"coal";1169.62;102.63;262.74
431;6;"2021-12-14";"coal";1864.54;276.92;329.58
432;8;"2021-12-11";"gas";826.82;48.21;160.58
433;3;"2022-10-14";"coal";1070.16;136.82;246.43
434;5;"2021-11-30";"electricity";1302.04;131.34;534.76
435;6;"2022-09-30";"coal";1950.17;233.33;757.41
436;3;"2023-01-31";"coal";182.29;16.45;35.69
437;2;"2021-06-09";"gas";1037.3;58.68;228.12
438;6;"2023-06-01";"coal";704.48;59.29;284.51
439;4;"2023-10-14";"electricity";1687.86;156.41;614.26
440;9;"2022-06-28";"wind";12.42;0.5;0.46
441;8;"2023-09-13";"gas";1413.66;100.36;353.68
442;2;"2022-07-16";"gas";1665.44;158.3;829.0
443;5;"2024-04-06";"electricity";1299.27;163.02;209.14
444;4;"2022-01-29";"electricity";1119.28;109.82;448.8
445;3;"2023-04-23";"coal";200.74;20.62;60.05
446;2;"2024-01-15";"gas";1794.88;136.49;457.98
447;8;"2021-06-16";"gas";454.53;28.12;202.07
448;7;"2023-04-07";"electricity";1983.41;217.81;582.57
449;10;"2024-03-19";"wind";470.93;21.41;16.99
450;9;"2023-06-06";"wind";219.91;8.07;5.98
451;8;"2023-10-03";"gas";926.6;98.48;210.49
452;6;"2022-09-24";"coal";1439.32;145.69;517.32
453;2;"2023-08-24";"gas";158.52;9.98;62.01
454;8;"2021-06-10";"gas";186.23;11.98;72.45
455;7;"2021-10-24";"electricity";838.29;99.28;375.26
456;8;"2022-12-07";"gas";694.17;82.75;309.4
457;6;"2024-05-16";"coal";1903.49;206.82;453.03
458;2;"2024-01-14";"gas";1723.12;109.02;532.58
459;9;"2023-03-07";"wind";187.69;4.06;6.67
460;7;"2024-01-18";"electricity";1549.32;95.46;355.33
461;3;"2023-05-27";"coal";1147.66;118.02;123.36
462;3;"2023-04-11";"coal";441.09;33.16;188.52
463;1;"2022-03-09";"electricity";779.2;101.77;382.29
464;2;"2022-07-01";"gas";510.05;41.16;79.57
465;7;"2023-08-13";"electricity";1402.53;111.29;652.47
466;6;"2021-11-21";"coal";1826.56;185.69;577.35
467;6;"2021-10-04";"coal";818.41;90.72;117.58
468;3;"2022-01-29";"coal";697.46;92.08;164.73
469;6;"2023-12-26";"coal";780.65;96.86;147.17
470;4;"2022-08-18";"electricity";1597.93;201.2;272.09
471;9;"2023-10-29";"wind";58.72;1.45;0.65
472;6;"2024-03-15";"coal";246.02;15.02;27.56
473;9;"2021-10-04";"wind";66.13;3.06;2.57
474;5;"2024-02-18";"electricity";1337.26;119.57;525.33
475;8;"2022-12-06";"gas";1045.44;141.07;225.33
476;4;"2022-10-16";"electricity";1253.79;100.47;170.06
477;9;"2022-06-02";"wind";104.87;3.82;3.18
478;1;"2021-05-30";"electricity";305.43;33.28;40.56
479;7;"2023-08-19";"electricity";1773.23;206.06;699.7
480;6;"2023-07-25";"coal";456.25;57.54;56.73
481;9;"2021-11-11";"wind";130.67;4.33;2.55
482;5;"2023-06-28";"electricity";158.62;21.91;53.68
483;4;"2022-04-08";"electricity";1217.58;169.86;471.03
484;1;"2023-11-05";"electricity";898.01;64.97;368.36
485;6;"2023-04-16";"coal";106.7;15.41;15.31
486;1;"2023-10-20";"electricity";1058.4;105.62;326.08
487;6;"2022-04-24";"coal";1377.85;128.73;342.95
488;1;"2022-07-22";"electricity";1291.33;172.34;596.09
489;1;"2022-07-04";"electricity";790.27;58.89;387.18
490;10;"2023-11-24";"wind";414.04;11.92;10.96
491;9;"2023-05-02";"wind";342.08;15.0;13.74
492;3;"2024-03-21";"coal";446.43;37.67;57.19
493;8;"2023-06-03";"gas";1135.36;74.5;290.58
494;7;"2022-11-08";"electricity";1115.05;78.0;257.88
495;7;"2023-02-23";"electricity";1263.76;96.7;537.0
496;10;"2023-11-19";"wind";152.98;3.09;6.56
497;5;"2022-02-26";"electricity";265.85;29.31;122.87
498;3;"2024-05-05";"coal";1949.31;136.75;221.96
499;2;"2021-06-04";"gas";553.91;60.93;254.34
500;6;"2021-08-21";"coal";1912.01;132.89;329.58
501;10;"2021-06-16";"wind";235.56;10.07;7.04
502;1;"2022-08-29";"electricity";382.46;42.39;127.91
503;8;"2022-05-06";"gas";219.22;17.51;61.85
504;6;"2024-02-17";"coal";1968.4;142.3;727.19
505;9;"2023-11-26";"wind";95.57;3.44;3.27
506;1;"2021-06-03";"electricity";324.18;36.6;105.5
507;3;"2021-07-06";"coal";1946.72;119.39;310.39
508;3;"2023-02-13";"coal";753.83;43.07;309.6
509;8;"2021-12-22";"gas";1513.61;222.05;444.19
510;10;"2023-12-06";"wind";442.22;18.75;4.73
511;7;"2022-05-11";"electricity";968.69;94.94;453.49
512;6;"2021-06-11";"coal";1312.21;131.41;312.57
513;7;"2021-05-31";"electricity";521.01;73.66;186.33
514;2;"2023-09-04";"gas";790.81;111.55;391.46
515;1;"2023-06-24";"electricity";1954.13;246.48;200.77
516;9;"2021-07-16";"wind";86.87;2.06;3.44
517;8;"2023-03-23";"gas";1940.52;183.78;928.61
518;3;"2022-03-10";"coal";700.48;96.85;168.25
519;9;"2023-11-14";"wind";164.6;3.4;7.75
520;1;"2024-04-13";"electricity";283.55;40.69;31.93
521;7;"2022-02-04";"electricity";1729.04;129.67;187.76
522;6;"2022-07-12";"coal";737.23;39.89;344.23
523;3;"2023-12-26";"coal";508.99;53.2;96.13
524;4;"2023-08-18";"electricity";804.5;43.86;114.39
525;5;"2022-11-11";"electricity";557.55;61.34;269.73
526;2;"2022-10-13";"gas";399.73;46.69;140.47
527;5;"2022-04-29";"electricity";1646.81;172.63;218.56
528;4;"2021-11-07";"electricity";187.91;27.18;80.35
529;4;"2022-12-23";"electricity";359.78;26.5;103.64
530;5;"2024-04-14";"electricity";704.18;89.22;225.04
531;5;"2024-04-13";"electricity";1435.62;208.3;676.75
532;7;"2021-10-16";"electricity";279.18;30.16;95.2
533;8;"2021-12-08";"gas";1958.67;206.08;891.97
534;6;"2024-02-27";"coal";427.46;52.42;121.81
535;8;"2022-07-02";"gas";623.27;53.3;100.25
536;2;"2022-09-12";"gas";231.8;27.28;28.49
537;5;"2022-02-22";"electricity";1426.15;176.1;708.37
538;5;"2023-06-10";"electricity";1527.72;145.15;519.06
539;1;"2023-08-18";"electricity";1618.27;147.17;249.5
540;5;"2022-04-11";"electricity";1011.61;62.47;123.34
541;3;"2022-08-29";"coal";1201.11;150.0;559.59
542;4;"2024-03-27";"electricity";421.38;29.27;185.59
543;5;"2023-07-07";"electricity";451.28;28.34;46.49
544;3;"2021-11-08";"coal";404.84;47.66;170.03
545;4;"2023-10-19";"electricity";830.66;61.04;258.0
546;1;"2022-08-11";"electricity";1057.17;87.05;352.99
547;2;"2022-02-17";"gas";1673.34;134.83;453.56
548;4;"2021-12-22";"electricity";1417.78;114.08;699.44
549;7;"2022-06-26";"electricity";814.22;63.89;216.47
550;9;"2023-11-18";"wind";191.88;6.51;4.56
551;6;"2021-07-25";"coal";240.56;28.89;30.37
552;7;"2022-04-11";"electricity";1062.91;66.89;362.37
553;7;"2022-03-22";"electricity";1745.47;137.15;812.74
554;9;"2023-02-23";"wind";454.08;13.67;7.13
555;7;"2021-08-14";"electricity";836.87;48.51;140.65
556;1;"2023-11-23";"electricity";1579.85;152.3;739.38
557;8;"2023-08-22";"gas";173.63;10.71;36.8
558;7;"2024-02-13";"electricity";737.09;97.34;82.26
559;9;"2022-04-11";"wind";232.1;6.54;5.3
560;2;"2022-01-28";"gas";709.02;70.1;297.6
561;8;"2024-05-24";"gas";135.33;8.12;25.86
562;10;"2024-01-24";"wind";171.1;7.01;3.55
563;8;"2022-01-24";"gas";1834.91;242.65;870.77
564;2;"2024-05-17";"gas";590.46;67.33;221.56
565;5;"2022-08-20";"electricity";1158.33;156.19;144.52
566;8;"2024-05-16";"gas";1603.53;81.1;462.27
567;8;"2024-04-20";"gas";1489.3;209.3;648.2
568;2;"2021-11-05";"gas";429.7;44.63;173.98
569;3;"2022-08-11";"coal";869.36;66.12;300.9
570;1;"2022-02-03";"electricity";1395.26;163.91;143.48
571;8;"2024-03-27";"gas";1469.16;190.64;246.86
572;9;"2024-03-15";"wind";384.46;16.85;3.85
573;6;"2024-04-02";"coal";1676.43;191.01;602.8
574;7;"2022-08-25";"electricity";333.18;36.03;147.61
575;4;"2023-10-04";"electricity";350.73;39.59;130.87
576;4;"2024-03-26";"electricity";1104.53;154.9;225.38
577;9;"2022-10-13";"wind";356.44;9.74;3.65
578;5;"2021-12-06";"electricity";1085.7;102.81;243.98
579;2;"2023-02-16";"gas";1318.89;126.12;247.04
580;3;"2021-10-26";"coal";603.81;53.08;265.18
581;2;"2022-08-24";"gas";1352.71;93.25;621.86
582;4;"2023-05-21";"electricity";267.1;36.99;37.69
583;9;"2021-11-09";"wind";286.49;6.43;14.02
584;9;"2023-11-02";"wind";220.33;6.25;9.26
585;9;"2022-08-31";"wind";436.14;16.92;14.92
586;5;"2022-04-11";"electricity";1661.03;149.78;683.14
587;10;"2021-06-17";"wind";291.8;11.41;11.06
588;10;"2021-08-08";"wind";353.52;11.62;10.89
589;5;"2021-07-26";"electricity";1347.55;182.96;512.04
590;5;"2022-10-11";"electricity";298.25;20.74;89.72
591;7;"2021-06-16";"electricity";1702.05;247.31;548.56
592;9;"2024-01-13";"wind";494.41;15.93;13.69
593;4;"2023-09-29";"electricity";1887.73;207.13;309.35
594;4;"2023-10-10";"electricity";666.26;65.8;190.24
595;8;"2022-01-09";"gas";322.47;47.16;125.77
596;10;"2021-11-08";"wind";211.3;10.33;2.4
597;1;"2022-07-08";"electricity";126.31;6.58;58.5
598;3;"2022-06-14";"coal";1568.67;90.67;167.31
599;8;"2023-04-02";"gas";1675.45;117.7;531.6
600;9;"2021-08-17";"wind";248.61;6.0;3.72
601;9;"2022-05-28";"wind";311.27;8.58;11.72
602;7;"2024-04-29";"electricity";807.89;64.41;270.91
603;6;"2024-02-27";"coal";1343.77;152.58;598.54
604;6;"2023-08-12";"coal";670.06;62.83;276.96
605;4;"2021-10-21";"electricity";1048.98;66.1;515.75
606;5;"2021-12-19";"electricity";1671.36;189.8;455.14
607;4;"2021-09-09";"electricity";546.55;72.55;235.12
608;5;"2022-12-17";"electricity";1232.49;174.7;418.02
609;4;"2023-03-16";"electricity";1792.83;261.7;250.42
610;5;"2023-06-19";"electricity";1639.37;227.82;414.24
611;3;"2024-04-07";"coal";783.0;55.51;211.13
612;4;"2024-02-02";"electricity";1202.38;112.38;185.72
613;2;"2023-02-18";"gas";739.22;58.88;362.51
614;3;"2021-09-13";"coal";850.77;52.22;324.65
615;3;"2021-09-25";"coal";246.34;30.9;79.81
616;8;"2024-03-29";"gas";1033.78;119.5;310.75
617;4;"2024-03-26";"electricity";1600.22;136.32;358.76
618;8;"2024-05-19";"gas";392.58;42.52;92.25
619;10;"2023-10-17";"wind";239.93;5.32;2.44
620;1;"2023-07-31";"electricity";1948.11;281.32;664.85
621;3;"2023-04-28";"coal";229.85;33.63;64.22
622;9;"2022-09-14";"wind";458.8;12.92;7.09
623;1;"2024-04-24";"electricity";502.96;51.68;215.82
624;10;"2024-02-19";"wind";104.37;3.42;2.34
625;4;"2021-06-19";"electricity";1749.17;111.71;358.43
626;10;"2023-11-18";"wind";392.51;15.03;9.44
627;9;"2023-04-10";"wind";190.77;4.76;4.74
628;9;"2023-11-21";"wind";355.15;7.21;12.09
629;9;"2023-01-30";"wind";13.82;0.36;0.26
630;8;"2024-03-29";"gas";722.29;71.74;260.32
631;5;"2023-09-22";"electricity";873.41;114.54;338.35
632;3;"2024-03-13";"coal";860.97;100.43;224.92
633;9;"2023-12-03";"wind";389.54;11.98;4.99
634;9;"2021-12-06";"wind";168.87;6.77;5.97
635;7;"2024-02-08";"electricity";1750.9;254.97;543.15
636;1;"2022-01-22";"electricity";1100.25;124.26;484.56
637;6;"2022-11-03";"coal";1468.13;189.32;418.0
638;4;"2022-06-13";"electricity";1037.55;102.15;227.53
639;1;"2021-10-28";"electricity";800.39;57.64;237.49
640;8;"2021-08-06";"gas";415.11;53.45;125.3
641;10;"2024-01-09";"wind";408.95;13.02;19.62
642;7;"2022-08-15";"electricity";1360.04;200.03;403.31
643;2;"2023-04-15";"gas";508.21;48.01;133.88
644;4;"2022-10-12";"electricity";193.91;17.29;61.7
645;6;"2023-01-05";"coal";1355.34;154.8;528.16
646;1;"2022-04-06";"electricity";468.21;42.74;110.46
647;7;"2023-05-13";"electricity";203.95;16.45;52.03
648;5;"2023-11-06";"electricity";1124.31;126.19;487.57
649;6;"2021-10-01";"coal";1539.29;135.06;759.74
650;2;"2021-12-30";"gas";272.46;36.9;84.96
651;8;"2022-06-26";"gas";1418.08;170.68;219.08
652;9;"2023-01-11";"wind";384.47;10.1;6.3
653;5;"2022-08-30";"electricity";666.91;69.56;149.07
654;1;"2021-06-02";"electricity";1965.68;285.89;398.56
655;6;"2022-03-06";"coal";1463.2;119.24;510.35
656;4;"2021-12-14";"electricity";931.84;133.97;246.01
657;6;"2022-12-16";"coal";847.64;100.24;305.87
658;1;"2023-10-08";"electricity";1442.68;175.34;452.33
659;6;"2021-06-07";"coal";1595.26;194.13;550.15
660;3;"2021-12-05";"coal";1206.94;105.79;428.67
661;2;"2023-07-12";"gas";1476.45;221.34;341.56
662;10;"2023-01-07";"wind";85.33;3.66;4.22
663;5;"2021-06-23";"electricity";120.07;15.38;52.83
664;1;"2023-08-11";"electricity";431.79;37.78;145.33
665;10;"2021-08-18";"wind";459.89;22.03;12.74
666;9;"2021-10-08";"wind";156.93;5.36;2.59
667;7;"2023-12-03";"electricity";991.92;65.93;383.03
668;2;"2022-07-10";"gas";849.31;87.3;218.17
669;9;"2022-04-26";"wind";458.65;15.01;18.44
670;4;"2023-05-25";"electricity";712.73;100.49;329.9
671;7;"2021-06-12";"electricity";1923.77;282.24;737.52
672;10;"2024-03-27";"wind";145.86;5.44;4.99
673;5;"2023-06-03";"electricity";1383.37;167.68;247.59
674;6;"2023-10-15";"coal";1830.26;159.9;215.79
675;1;"2021-12-14";"electricity";978.63;49.56;327.93
676;7;"2023-08-23";"electricity";122.41;9.38;13.64
677;7;"2023-07-12";"electricity";1272.67;163.44;179.92
678;3;"2021-10-03";"coal";1565.03;191.93;529.91
679;3;"2023-04-11";"coal";1601.69;137.34;183.96
680;4;"2023-06-05";"electricity";975.51;113.21;103.95
681;8;"2022-02-17";"gas";1981.39;182.97;977.4
682;10;"2022-03-29";"wind";13.8;0.62;0.24
683;2;"2023-07-31";"gas";146.16;16.57;27.55
684;9;"2024-03-22";"wind";292.29;9.9;8.48
685;3;"2021-12-23";"coal";1139.32;170.34;492.0
686;6;"2023-11-27";"coal";305.87;23.45;119.09
687;6;"2021-08-28";"coal";874.92;122.74;200.66
688;7;"2023-11-30";"electricity";150.26;10.97;50.94
689;8;"2023-02-26";"gas";723.33;83.97;344.9
690;5;"2024-05-10";"electricity";1917.39;218.46;875.36
691;2;"2021-06-28";"gas";888.0;104.1;184.71
692;4;"2023-12-23";"electricity";1792.71;169.3;383.21
693;9;"2021-10-11";"wind";16.0;0.68;0.36
694;2;"2022-01-11";"gas";1238.21;126.46;462.64
695;5;"2023-03-19";"electricity";375.09;49.64;91.2
696;8;"2022-01-10";"gas";1235.38;73.69;153.71
697;10;"2021-09-22";"wind";346.19;12.3;6.79
698;9;"2023-06-15";"wind";430.82;16.9;9.32
699;10;"2023-10-02";"wind";83.09;3.48;1.36
700;6;"2022-10-06";"coal";297.32;20.41;39.87
701;9;"2023-02-23";"wind";299.91;12.8;7.96
702;4;"2022-03-08";"electricity";678.28;83.49;293.8
703;2;"2021-09-18";"gas";803.71;115.21;358.52
704;3;"2021-08-10";"coal";537.59;50.88;209.91
705;2;"2023-01-14";"gas";509.25;36.09;200.7
706;2;"2022-09-18";"gas";413.25;23.65;180.84
707;6;"2023-11-26";"coal";1212.22;160.88;440.81
708;10;"2023-05-10";"wind";381.4;7.64;6.23
709;2;"2023-08-12";"gas";776.77;50.6;363.55
710;8;"2023-10-10";"gas";507.15;60.66;88.62
711;8;"2022-02-27";"gas";1862.45;233.73;377.54
712;7;"2023-07-30";"electricity";342.39;20.37;153.47
713;2;"2021-08-26";"gas";397.17;34.54;95.73
714;4;"2022-10-15";"electricity";1397.03;162.48;171.37
715;7;"2022-01-24";"electricity";107.25;11.82;15.35
716;10;"2023-11-03";"wind";437.15;12.12;15.72
717;4;"2023-04-23";"electricity";227.67;14.25;90.12
718;4;"2022-03-16";"electricity";1423.07;78.97;621.7
719;5;"2022-04-27";"electricity";1184.97;71.33;376.16
720;9;"2021-10-18";"wind";74.31;3.57;1.48
721;8;"2021-09-06";"gas";436.09;64.2;127.41
722;10;"2024-05-10";"wind";364.23;15.13;7.1
723;5;"2023-10-12";"electricity";937.14;86.68;180.23
724;10;"2022-11-19";"wind";299.77;14.27;12.29
725;8;"2021-09-04";"gas";1852.71;196.71;232.3
726;7;"2023-12-23";"electricity";564.48;49.33;180.84
727;5;"2022-12-15";"electricity";698.39;103.49;274.54
728;7;"2021-09-05";"electricity";419.49;31.66;175.31
729;8;"2023-09-22";"gas";1013.82;142.04;200.75
730;8;"2023-01-06";"gas";283.89;28.73;70.86
731;1;"2023-05-01";"electricity";710.49;49.51;152.74
732;2;"2022-12-01";"gas";1816.15;155.59;498.55
733;7;"2023-03-08";"electricity";1021.85;144.43;495.08
734;10;"2021-10-29";"wind";395.53;17.81;4.87
735;6;"2021-09-18";"coal";1439.15;112.93;404.04
736;7;"2022-06-08";"electricity";717.96;56.11;95.64
737;1;"2022-01-28";"electricity";1559.28;115.07;316.59
738;7;"2023-09-23";"electricity";1108.66;134.03;509.28
739;7;"2022-04-08";"electricity";551.04;65.07;204.93
740;5;"2021-08-01";"electricity";1637.64;205.5;712.15
741;8;"2023-10-09";"gas";1140.58;136.66;273.06
742;2;"2024-02-18";"gas";553.56;48.43;251.15
743;3;"2022-11-12";"coal";1761.11;111.16;414.61
744;7;"2023-07-19";"electricity";636.33;70.58;151.65
745;9;"2021-06-07";"wind";74.55;2.99;3.03
746;8;"2023-04-26";"gas";951.38;115.04;239.85
747;3;"2024-01-28";"coal";332.57;37.24;141.47
748;5;"2023-09-25";"electricity";846.03;110.54;253.49
749;2;"2023-12-03";"gas";1318.44;186.42;157.38
750;2;"2023-03-01";"gas";1086.05;74.95;134.09
751;5;"2021-06-27";"electricity";547.7;72.62;165.41
752;4;"2022-10-15";"electricity";621.2;82.99;118.84
753;1;"2022-05-17";"electricity";1238.87;179.92;309.99
754;9;"2022-11-13";"wind";309.08;8.23;13.08
755;3;"2021-11-22";"coal";385.49;37.26;181.36
756;2;"2023-03-30";"gas";1512.0;225.21;624.34
757;10;"2024-02-16";"wind";452.67;10.74;13.84
758;8;"2023-10-16";"gas";1434.13;85.72;161.3
759;1;"2022-02-14";"electricity";516.29;41.67;243.5
760;4;"2021-11-18";"electricity";385.93;30.8;141.64
761;9;"2024-01-31";"wind";20.79;0.45;0.92
762;2;"2023-06-02";"gas";178.03;23.95;58.92
763;3;"2024-03-03";"coal";1602.07;156.35;716.4
764;9;"2021-10-18";"wind";238.59;11.29;5.46
765;9;"2021-08-16";"wind";178.32;5.07;2.87
766;7;"2021-12-09";"electricity";1500.98;146.03;436.78
767;10;"2022-02-16";"wind";249.13;9.33;4.29
768;9;"2021-10-27";"wind";105.04;2.95;4.05
769;3;"2022-02-07";"coal";1085.73;62.56;461.02
770;4;"2022-10-16";"electricity";177.9;16.05;38.7
771;5;"2022-01-06";"electricity";1087.6;112.98;543.48
772;8;"2022-04-05";"gas";1435.94;73.3;562.49
773;7;"2022-11-13";"electricity";456.85;25.58;184.92
774;5;"2022-09-07";"electricity";867.06;96.79;185.7
775;2;"2024-03-26";"gas";1861.39;228.23;252.69
776;2;"2022-01-09";"gas";980.93;51.98;121.31
777;4;"2021-08-25";"electricity";1969.81;250.83;263.74
778;9;"2022-11-15";"wind";266.8;10.36;5.56
779;8;"2021-11-20";"gas";405.98;24.38;193.41
780;7;"2021-09-09";"electricity";1245.58;113.82;500.89
781;1;"2021-07-20";"electricity";1637.97;89.68;269.72
782;2;"2022-08-28";"gas";224.78;11.39;101.09
783;9;"2023-04-06";"wind";262.28;5.38;6.19
784;8;"2021-08-21";"gas";632.75;55.96;205.67
785;7;"2022-07-01";"electricity";1018.15;91.62;364.0
786;2;"2023-06-28";"gas";875.89;66.39;395.54
787;7;"2021-07-27";"electricity";863.89;104.12;336.98
788;6;"2023-12-15";"coal";1951.22;107.04;965.86
789;5;"2023-12-22";"electricity";1949.84;242.89;539.01
790;3;"2022-06-08";"coal";441.94;48.93;132.76
791;6;"2024-01-17";"coal";466.99;49.22;139.15
792;2;"2022-05-29";"gas";1871.3;187.22;509.56
793;4;"2021-07-23";"electricity";1213.71;97.58;408.11
794;2;"2022-04-16";"gas";1617.5;236.9;729.23
795;9;"2022-07-10";"wind";58.34;1.98;1.76
796;5;"2023-11-24";"electricity";270.05;21.66;58.68
797;8;"2023-01-12";"gas";1509.6;90.88;242.5
798;4;"2024-02-23";"electricity";1026.94;115.18;167.08
799;7;"2021-12-23";"electricity";528.0;49.23;197.21
800;1;"2023-06-11";"electricity";950.39;59.96;393.16
801;6;"2022-06-02";"coal";1008.9;143.14;205.56
802;5;"2022-08-09";"electricity";1215.54;169.42;165.86
803;2;"2022-05-24";"gas";1840.57;156.38;222.71
804;2;"2022-02-03";"gas";1015.04;92.69;430.79
805;3;"2021-10-24";"coal";1816.79;112.86;802.49
806;4;"2021-06-14";"electricity";429.85;30.84;58.74
807;4;"2022-12-17";"electricity";1751.96;120.94;839.63
808;8;"2023-12-26";"gas";495.84;71.73;92.74
809;9;"2021-08-22";"wind";419.61;8.67;7.45
810;9;"2022-05-10";"wind";303.59;15.09;10.86
811;7;"2023-08-06";"electricity";155.66;8.59;62.55
812;5;"2024-05-01";"electricity";331.63;34.53;72.54
813;9;"2022-01-24";"wind";428.45;14.87;19.44
814;2;"2023-10-04";"gas";340.94;46.91;106.57
815;3;"2023-11-19";"coal";192.28;14.68;51.53
816;9;"2023-09-03";"wind";473.49;11.05;14.7
817;2;"2021-09-06";"gas";1210.34;153.13;149.55
818;2;"2023-05-03";"gas";1257.53;119.33;289.81
819;4;"2023-11-22";"electricity";162.73;17.79;49.25
820;8;"2021-06-10";"gas";162.06;22.75;55.86
821;2;"2023-12-16";"gas";468.07;30.58;190.03
822;3;"2022-06-12";"coal";391.28;32.36;92.12
823;5;"2024-02-05";"electricity";664.95;98.31;299.46
824;10;"2023-05-10";"wind";138.6;6.62;6.18
825;3;"2024-01-17";"coal";1746.11;109.26;396.93
826;8;"2021-08-06";"gas";127.62;10.02;33.86
827;9;"2022-02-17";"wind";132.02;5.61;5.5
828;9;"2021-10-17";"wind";236.2;8.05;8.14
829;5;"2021-10-30";"electricity";1168.06;139.28;250.64
830;9;"2022-08-14";"wind";199.05;6.43;8.96
831;6;"2023-11-13";"coal";242.08;18.63;115.16
832;9;"2022-12-29";"wind";135.12;5.64;4.54
833;1;"2021-08-17";"electricity";1245.3;97.99;316.59
834;3;"2021-12-01";"coal";556.75;79.84;199.56
835;4;"2021-08-18";"electricity";1046.71;76.34;353.64
836;9;"2023-06-30";"wind";406.58;13.59;18.54
837;9;"2022-05-01";"wind";316.5;8.47;4.97
838;4;"2022-09-25";"electricity";189.59;15.03;40.37
839;6;"2021-06-21";"coal";1927.35;231.18;519.11
840;5;"2023-07-10";"electricity";750.38;70.99;87.29
841;5;"2022-01-20";"electricity";258.36;31.55;77.16
842;8;"2022-11-14";"gas";231.03;12.15;63.43
843;1;"2024-02-09";"electricity";661.78;75.91;295.39
844;10;"2022-03-07";"wind";44.02;1.61;0.73
845;1;"2022-11-10";"electricity";1628.14;101.47;240.95
846;6;"2021-10-11";"coal";1757.53;154.46;646.35
847;10;"2021-07-02";"wind";197.87;9.55;7.51
848;2;"2023-12-01";"gas";1360.35;103.48;187.23
849;8;"2022-09-28";"gas";1701.04;230.74;363.75
850;7;"2023-03-24";"electricity";452.2;56.86;178.62
851;3;"2023-12-13";"coal";272.99;22.16;49.68
852;9;"2021-11-04";"wind";359.55;8.9;17.57
853;8;"2021-12-03";"gas";1042.3;114.78;428.58
854;7;"2023-03-18";"electricity";1990.46;224.14;349.42
855;5;"2021-06-14";"electricity";650.42;74.34;96.21
856;9;"2023-02-23";"wind";73.16;3.38;1.43
857;9;"2022-05-16";"wind";100.48;3.6;1.9
858;5;"2022-01-23";"electricity";807.98;56.53;116.63
859;8;"2021-09-03";"gas";1131.71;57.95;450.95
860;5;"2024-05-03";"electricity";1715.04;162.29;450.45
861;6;"2023-07-11";"coal";1744.13;133.15;351.36
862;4;"2023-11-28";"electricity";1031.46;133.73;173.14
863;4;"2023-01-24";"electricity";106.71;7.27;39.23
864;1;"2023-03-01";"electricity";595.18;45.29;156.69
865;10;"2022-05-18";"wind";377.07;10.22;4.26
866;8;"2023-12-22";"gas";627.62;78.13;106.83
867;8;"2022-10-25";"gas";1445.2;192.42;417.93
868;2;"2024-01-28";"gas";205.73;29.92;88.37
869;8;"2022-02-05";"gas";565.61;71.42;237.72
870;3;"2024-01-29";"coal";1352.17;162.89;378.55
871;2;"2021-12-02";"gas";378.04;20.68;51.01
872;2;"2021-06-17";"gas";668.39;60.44;315.97
873;6;"2023-01-19";"coal";1459.9;132.01;239.58
874;10;"2022-12-20";"wind";85.88;3.68;4.28
875;7;"2023-06-04";"electricity";1183.47;69.1;285.26
876;3;"2023-08-09";"coal";744.98;82.77;197.83
877;6;"2023-05-27";"coal";1616.65;236.89;245.17
878;3;"2024-03-15";"coal";1103.64;138.13;512.87
879;9;"2024-04-13";"wind";478.97;16.39;17.58
880;9;"2022-04-11";"wind";418.1;10.49;11.7
881;5;"2022-09-13";"electricity";825.91;93.82;267.98
882;2;"2021-06-15";"gas";1869.68;214.4;522.75
883;9;"2022-12-15";"wind";328.72;14.71;7.42
884;1;"2021-11-09";"electricity";829.75;73.17;331.68
885;10;"2024-05-18";"wind";318.43;13.18;12.6
886;8;"2023-10-30";"gas";716.43;98.98;207.09
887;6;"2022-12-05";"coal";1783.67;171.29;822.38
888;10;"2024-04-26";"wind";55.3;1.67;2.19
889;7;"2024-01-16";"electricity";633.07;54.09;254.86
890;8;"2024-04-09";"gas";1320.71;158.45;587.19
891;10;"2021-11-07";"wind";405.97;15.76;14.3
892;10;"2022-05-06";"wind";89.23;1.94;1.09
893;5;"2023-02-23";"electricity";416.85;59.81;180.3
894;9;"2021-11-30";"wind";320.21;15.75;14.64
895;9;"2023-07-09";"wind";163.51;6.32;2.06
896;4;"2023-09-01";"electricity";676.09;83.5;311.52
897;1;"2022-11-26";"electricity";1967.38;259.29;767.03
898;10;"2022-06-01";"wind";356.18;9.75;6.31
899;3;"2024-05-14";"coal";1425.79;146.83;608.78
900;3;"2022-09-09";"coal";748.61;41.8;84.74
901;2;"2023-01-27";"gas";1963.92;218.16;629.62
902;8;"2023-06-13";"gas";1091.08;117.61;406.8
903;6;"2023-11-19";"coal";844.7;101.49;299.46
904;2;"2023-11-22";"gas";1783.65;260.42;524.65
905;9;"2021-12-22";"wind";262.19;8.62;2.65
906;6;"2023-08-08";"coal";809.5;82.5;116.26
907;10;"2022-05-20";"wind";175.82;7.72;4.12
908;10;"2024-05-26";"wind";108.97;4.83;2.75
909;9;"2021-06-06";"wind";375.59;16.83;10.6
910;5;"2024-04-03";"electricity";400.66;26.45;153.31
911;6;"2024-05-15";"coal";145.73;9.9;35.52
912;3;"2024-03-31";"coal";1079.41;60.85;206.12
913;2;"2023-08-06";"gas";318.09;47.36;33.75
914;7;"2021-10-20";"electricity";1946.34;287.76;633.49
915;6;"2023-11-25";"coal";893.78;116.73;424.85
916;7;"2021-09-20";"electricity";1462.09;178.62;283.36
917;5;"2022-08-10";"electricity";166.37;21.35;34.18
918;1;"2023-08-12";"electricity";1425.93;152.72;399.24
919;9;"2021-06-03";"wind";429.98;12.85;8.73
920;1;"2022-11-19";"electricity";753.8;65.4;353.1
921;9;"2024-01-31";"wind";328.05;9.72;13.48
922;8;"2023-11-06";"gas";1806.81;199.35;603.31
923;1;"2022-05-16";"electricity";704.13;80.84;92.5
924;4;"2024-04-12";"electricity";652.91;81.17;140.76
925;1;"2023-10-23";"electricity";684.42;53.16;157.86
926;10;"2022-02-17";"wind";36.34;0.97;1.62
927;4;"2021-12-22";"electricity";935.57;99.87;359.01
928;3;"2022-01-12";"coal";1294.18;108.57;620.96
929;4;"2022-03-07";"electricity";1183.74;94.75;459.62
930;6;"2024-04-18";"coal";522.1;39.38;73.79
931;3;"2023-08-11";"coal";1948.72;168.78;877.91
932;6;"2023-03-19";"coal";1274.72;65.67;568.95
933;9;"2023-11-03";"wind";383.58;9.65;11.66
934;10;"2023-06-16";"wind";417.77;12.89;12.34
935;3;"2022-06-16";"coal";1678.1;133.9;293.79
936;7;"2023-03-31";"electricity";1683.51;250.18;585.89
937;4;"2023-07-24";"electricity";1873.3;272.06;408.14
938;3;"2022-08-18";"coal";1820.77;97.65;352.37
939;8;"2023-12-25";"gas";797.93;42.11;303.09
940;1;"2021-12-08";"electricity";1778.76;103.06;669.53
941;4;"2021-07-19";"electricity";1300.14;96.47;274.69
942;2;"2022-10-08";"gas";708.24;45.53;203.4
943;4;"2023-01-03";"electricity";1294.89;74.21;620.45
944;9;"2022-03-23";"wind";479.67;14.63;23.32
945;5;"2021-12-18";"electricity";1061.17;93.27;178.98
946;1;"2022-12-29";"electricity";1582.14;161.53;312.4
947;7;"2023-09-16";"electricity";1440.38;130.34;561.5
948;2;"2023-05-28";"gas";771.18;44.43;180.29
949;1;"2021-10-18";"electricity";762.11;109.39;202.59
950;2;"2021-06-02";"gas";1865.37;116.93;424.03
951;9;"2024-02-06";"wind";147.41;5.93;6.25
952;6;"2022-02-05";"coal";1200.34;102.36;130.97
953;9;"2022-09-14";"wind";21.01;1.04;0.89
954;6;"2023-03-09";"coal";573.23;39.92;220.03
955;10;"2021-09-06";"wind";339.9;13.78;12.33
956;8;"2022-02-21";"gas";1702.29;99.7;660.73
957;1;"2022-08-06";"electricity";487.4;26.87;175.76
958;1;"2022-10-31";"electricity";885.25;74.43;200.0
959;7;"2022-10-01";"electricity";345.9;45.85;104.48
960;5;"2021-07-07";"electricity";511.81;36.61;202.0
961;9;"2023-06-06";"wind";17.34;0.59;0.77
962;10;"2021-10-03";"wind";246.08;12.0;7.19
963;7;"2022-08-07";"electricity";1449.09;111.11;596.05
964;5;"2023-10-22";"electricity";519.08;58.65;209.11
965;2;"2022-02-14";"gas";857.07;75.21;310.75
966;10;"2023-03-13";"wind";212.93;5.88;4.96
967;1;"2022-06-06";"electricity";923.45;116.9;250.53
968;8;"2024-02-28";"gas";553.03;55.71;148.04
969;4;"2022-05-25";"electricity";1567.8;100.19;332.23
970;10;"2021-09-03";"wind";297.02;7.15;5.5
971;1;"2024-04-04";"electricity";1692.7;229.83;475.8
972;5;"2022-03-01";"electricity";1690.83;245.38;367.29
973;10;"2024-02-13";"wind";141.7;4.55;5.78
974;10;"2023-01-06";"wind";196.78;8.45;2.08
975;8;"2024-04-26";"gas";1307.05;184.37;216.19
976;5;"2021-09-01";"electricity";446.72;26.61;135.76
977;7;"2022-12-09";"electricity";553.23;68.04;263.54
978;1;"2022-02-11";"electricity";889.91;94.28;432.53
979;6;"2023-03-29";"coal";1701.05;133.16;682.15
980;3;"2022-02-21";"coal";492.94;66.54;88.12
981;8;"2023-07-10";"gas";1434.23;123.75;234.43
982;2;"2023-05-11";"gas";1270.72;139.25;615.8
983;8;"2022-07-14";"gas";827.31;89.91;258.93
984;4;"2022-09-22";"electricity";1417.32;184.92;208.11
985;10;"2022-09-22";"wind";239.77;7.59;9.53
986;4;"2023-12-29";"electricity";1409.56;78.4;177.83
987;2;"2022-12-24";"gas";717.6;63.93;227.78
988;6;"2021-08-14";"coal";549.65;66.22;144.85
989;10;"2022-05-19";"wind";400.66;14.84;9.72
990;1;"2024-03-10";"electricity";114.11;16.73;19.78
991;3;"2023-12-15";"coal";1057.48;65.26;259.21
992;2;"2021-12-24";"gas";357.43;22.22;174.65
993;2;"2022-01-26";"gas";676.71;98.92;256.73
994;2;"2023-12-09";"gas";938.35;119.53;106.16
995;7;"2022-01-27";"electricity";1997.17;251.93;703.95
996;4;"2022-03-14";"electricity";607.82;76.51;178.13
997;3;"2022-03-11";"coal";356.35;42.88;78.0
998;2;"2021-09-23";"gas";1409.04;194.35;363.93
999;3;"2021-08-26";"coal";484.17;72.15;79.65
1000;9;"2021-06-30";"wind";281.94;7.17;3.43
1001;10;"2022-03-18";"wind";350.61;12.83;4.96
1002;3;"2023-05-26";"coal";996.82;69.24;275.84
1003;2;"2021-11-17";"gas";762.62;68.96;186.54
1004;5;"2023-01-22";"electricity";1971.11;112.25;361.5
1005;6;"2024-02-29";"coal";572.8;36.08;217.55
1006;10;"2021-11-25";"wind";412.32;18.88;16.97
1007;7;"2023-06-03";"electricity";1523.95;165.38;564.94
1008;6;"2023-07-15";"coal";461.87;61.39;181.21
1009;3;"2023-06-12";"coal";1530.43;126.81;673.73
1010;6;"2021-08-06";"coal";428.6;47.78;67.72
1011;9;"2022-03-02";"wind";20.53;0.93;0.43
1012;6;"2022-09-25";"coal";1500.23;141.48;304.72
1013;1;"2022-03-07";"electricity";540.51;56.94;176.28
1014;2;"2024-01-11";"gas";372.82;31.81;62.71
1015;5;"2021-12-13";"electricity";818.32;81.23;288.74
1016;4;"2022-08-30";"electricity";1554.31;109.45;525.79
1017;4;"2021-07-31";"electricity";1711.92;169.66;230.91
1018;5;"2022-06-02";"electricity";1070.32;61.35;284.6
1019;3;"2021-10-17";"coal";866.31;49.1;228.85
1020;2;"2022-03-14";"gas";319.78;45.4;153.6
1021;8;"2024-02-09";"gas";471.17;51.13;205.75
1022;3;"2021-09-12";"coal";272.44;24.15;93.51
1023;6;"2024-04-15";"coal";1250.62;64.23;205.97
1024;9;"2022-08-22";"wind";165.54;4.34;6.88
1025;4;"2021-07-13";"electricity";114.91;11.78;49.32
1026;5;"2021-07-30";"electricity";695.71;58.04;252.94
1027;1;"2022-09-05";"electricity";671.78;68.31;106.99
1028;4;"2021-10-14";"electricity";1217.85;139.26;523.3
1029;5;"2024-01-27";"electricity";653.94;78.85;195.17
1030;3;"2024-01-07";"coal";439.32;50.6;198.76
1031;8;"2021-09-15";"gas";1184.8;162.81;490.29
1032;1;"2023-06-01";"electricity";679.76;63.15;205.82
1033;1;"2023-09-18";"electricity";1414.24;164.34;433.62
1034;1;"2023-05-25";"electricity";1795.43;125.58;476.78
1035;6;"2023-12-08";"coal";556.73;34.51;204.09
1036;4;"2023-08-13";"electricity";1876.21;182.61;717.55
1037;9;"2021-11-23";"wind";447.45;17.88;13.67
1038;10;"2023-03-16";"wind";435.64;13.16;13.67
1039;8;"2022-01-10";"gas";170.72;24.75;74.68
1040;5;"2022-08-06";"electricity";789.15;60.36;352.08
1041;10;"2023-06-16";"wind";452.97;16.26;12.47
1042;5;"2022-07-12";"electricity";1231.05;170.18;336.89
1043;5;"2023-02-02";"electricity";483.01;48.72;180.52
1044;3;"2022-09-10";"coal";1997.43;179.63;807.57
1045;3;"2022-05-05";"coal";876.79;78.02;267.56
1046;7;"2022-12-22";"electricity";1220.21;66.75;278.58
1047;2;"2023-12-08";"gas";101.68;13.88;32.41
1048;9;"2021-09-20";"wind";475.9;22.2;20.16
1049;4;"2021-06-04";"electricity";890.4;50.83;126.62
1050;4;"2022-12-23";"electricity";1022.76;86.44;355.66
1051;4;"2021-05-29";"electricity";232.17;32.91;38.96
1052;6;"2023-11-05";"coal";469.55;39.37;115.17
1053;1;"2024-03-14";"electricity";1666.98;173.09;337.8
1054;4;"2024-03-09";"electricity";1090.84;116.35;160.94
1055;7;"2023-01-26";"electricity";1100.96;57.21;468.27
1056;4;"2023-09-07";"electricity";1969.29;121.93;722.02
1057;3;"2022-08-16";"coal";1119.77;126.31;290.62
1058;2;"2023-12-08";"gas";1750.32;153.22;466.39
1059;6;"2021-06-23";"coal";1238.97;117.45;457.18
1060;5;"2023-05-09";"electricity";534.25;45.03;233.86
1061;8;"2021-09-12";"gas";1440.69;204.55;267.12
1062;4;"2023-01-10";"electricity";1389.41;175.75;537.08
1063;10;"2021-12-28";"wind";342.57;14.25;12.91
1064;8;"2024-02-17";"gas";214.48;26.74;77.51
1065;5;"2021-10-27";"electricity";1957.97;286.0;367.91
1066;2;"2024-03-26";"gas";1780.33;251.84;770.79
1067;4;"2023-05-31";"electricity";393.7;34.38;169.24
1068;7;"2023-10-17";"electricity";1415.81;152.29;560.83
1069;3;"2022-07-28";"coal";172.91;11.08;25.29
1070;5;"2023-05-27";"electricity";414.51;40.47;41.51
1071;2;"2024-02-04";"gas";431.09;57.38;70.56
1072;10;"2022-11-14";"wind";375.74;11.56;17.46
1073;2;"2022-10-02";"gas";1187.52;144.63;580.04
1074;9;"2021-12-18";"wind";174.43;8.4;4.75
1075;7;"2022-11-13";"electricity";738.99;69.65;187.86
1076;9;"2022-11-04";"wind";20.29;0.96;0.36
1077;9;"2024-03-26";"wind";11.59;0.26;0.26
1078;10;"2023-05-21";"wind";233.42;5.82;8.69
1079;3;"2022-03-05";"coal";719.45;94.3;340.22
1080;4;"2022-04-04";"electricity";560.39;38.26;196.21
1081;10;"2024-01-06";"wind";435.83;20.68;13.34
1082;9;"2024-03-05";"wind";255.51;9.16;5.11
1083;1;"2023-10-07";"electricity";1559.71;150.36;697.31
1084;6;"2022-01-24";"coal";886.49;111.34;346.16
1085;4;"2022-02-04";"electricity";1360.4;159.49;158.91
1086;10;"2023-06-27";"wind";379.47;14.35;4.12
1087;5;"2022-03-29";"electricity";833.44;73.72;96.65
1088;4;"2021-11-18";"electricity";1034.14;52.83;147.94
1089;1;"2022-07-25";"electricity";1408.01;199.19;476.84
1090;1;"2023-11-10";"electricity";1131.33;56.57;375.45
1091;10;"2023-06-13";"wind";356.2;9.31;16.54
1092;6;"2021-08-27";"coal";903.01;118.37;390.89
1093;4;"2022-07-19";"electricity";1947.85;132.67;436.66
1094;1;"2022-11-29";"electricity";273.49;31.54;54.01
1095;9;"2024-01-10";"wind";135.27;6.72;2.52
1096;5;"2024-01-05";"electricity";361.47;50.11;131.83
1097;1;"2021-09-29";"electricity";1422.48;154.37;568.16
1098;3;"2021-11-02";"coal";882.23;117.37;438.82
1099;10;"2023-10-31";"wind";323.18;10.91;10.5
1100;6;"2024-05-13";"coal";419.13;42.66;58.65
1101;10;"2023-08-28";"wind";480.58;18.73;14.59
1102;1;"2024-01-11";"electricity";1898.98;165.29;669.35
1103;4;"2022-08-21";"electricity";276.96;20.05;82.83
1104;4;"2023-07-09";"electricity";1512.82;164.37;197.34
1105;4;"2023-11-29";"electricity";253.31;20.61;25.34
1106;9;"2024-03-03";"wind";462.8;17.81;16.92
1107;1;"2023-10-27";"electricity";101.94;14.38;42.79
1108;8;"2022-12-15";"gas";1248.83;176.38;283.33
1109;2;"2024-01-01";"gas";499.02;66.6;117.78
1110;3;"2023-05-28";"coal";1480.85;221.65;237.51
1111;6;"2022-07-22";"coal";907.46;64.36;146.38
1112;6;"2023-03-04";"coal";533.13;28.46;213.28
1113;4;"2023-11-23";"electricity";251.84;29.33;98.79
1114;1;"2024-04-04";"electricity";340.02;40.98;167.75
1115;10;"2021-11-24";"wind";55.68;1.17;1.42
1116;1;"2022-05-03";"electricity";1311.27;125.02;471.89
1117;4;"2023-09-21";"electricity";1419.12;207.29;292.22
1118;9;"2022-03-12";"wind";457.44;16.43;10.7
1119;6;"2023-11-24";"coal";378.15;22.05;113.31
1120;1;"2023-09-23";"electricity";389.23;48.74;144.54
1121;8;"2023-06-28";"gas";1938.63;193.68;597.48
1122;6;"2022-11-30";"coal";1324.89;152.49;263.11
1123;7;"2022-02-25";"electricity";1743.49;200.6;425.1
1124;6;"2021-09-14";"coal";1844.9;177.64;227.22
1125;1;"2021-09-30";"electricity";1318.28;122.61;604.46
1126;2;"2023-05-15";"gas";1428.91;76.2;624.08
1127;4;"2022-06-25";"electricity";986.93;147.07;438.69
1128;3;"2021-07-30";"coal";1415.77;99.18;538.39
1129;1;"2022-11-26";"electricity";1647.3;99.56;236.77
1130;7;"2022-05-11";"electricity";776.26;64.41;127.26
1131;6;"2021-11-28";"coal";1318.48;85.56;496.83
1132;7;"2022-07-06";"electricity";372.8;52.58;50.58
1133;3;"2023-09-10";"coal";549.14;58.55;55.14
1134;5;"2022-07-26";"electricity";758.19;59.78;126.16
1135;7;"2022-02-03";"electricity";1960.25;187.89;522.63
1136;1;"2022-06-23";"electricity";1133.97;108.35;423.68
1137;5;"2023-06-07";"electricity";1085.38;87.75;350.02
1138;2;"2022-05-30";"gas";578.47;83.14;198.11
1139;5;"2024-04-03";"electricity";1651.21;109.45;255.99
1140;10;"2024-05-22";"wind";159.29;3.59;4.47
1141;8;"2022-02-13";"gas";771.49;52.25;378.99
1142;9;"2022-11-26";"wind";291.6;11.46;5.39
1143;7;"2022-10-13";"electricity";262.53;36.63;38.9
1144;8;"2024-02-29";"gas";464.73;67.64;96.11
1145;4;"2022-02-01";"electricity";1622.37;145.2;338.64
1146;7;"2022-03-24";"electricity";269.16;15.76;114.14
1147;9;"2023-03-14";"wind";389.7;13.51;11.57
1148;3;"2023-11-28";"coal";1839.15;116.1;530.92
1149;10;"2022-05-24";"wind";357.27;11.95;13.45
1150;4;"2022-04-05";"electricity";1718.41;142.22;348.25
1151;4;"2023-04-20";"electricity";1819.03;259.21;341.47
1152;4;"2022-07-14";"electricity";651.1;55.57;273.75
1153;1;"2024-03-04";"electricity";1338.37;191.42;219.0
1154;8;"2022-07-17";"gas";650.65;77.74;304.64
1155;10;"2022-07-07";"wind";431.99;10.99;12.21
1156;1;"2024-01-03";"electricity";405.6;57.51;193.35
1157;9;"2022-05-15";"wind";362.62;11.39;15.34
1158;9;"2022-09-19";"wind";225.12;10.33;9.11
1159;8;"2021-06-10";"gas";497.7;73.04;69.01
1160;5;"2022-11-03";"electricity";1716.09;247.98;405.82
1161;6;"2024-02-20";"coal";1512.85;189.41;717.54
1162;4;"2023-02-09";"electricity";1642.76;219.34;817.07
1163;9;"2023-06-17";"wind";60.7;1.23;1.97
1164;10;"2021-08-05";"wind";157.09;6.23;4.12
1165;5;"2023-03-20";"electricity";309.76;26.85;57.18
1166;5;"2024-04-11";"electricity";763.6;86.29;225.59
1167;8;"2023-12-01";"gas";1520.96;132.41;648.56
1168;10;"2022-05-21";"wind";484.24;11.69;15.49
1169;10;"2023-01-31";"wind";308.11;11.38;13.92
1170;2;"2023-06-27";"gas";1906.53;258.02;826.9
1171;6;"2021-10-27";"coal";1187.02;60.4;231.65
1172;9;"2024-04-17";"wind";21.63;1.04;0.57
1173;10;"2022-01-19";"wind";202.46;6.38;5.82
1174;9;"2023-04-14";"wind";66.83;2.82;1.15
1175;5;"2022-01-26";"electricity";594.22;42.94;171.73
1176;1;"2022-02-17";"electricity";537.99;70.74;174.89
1177;6;"2023-01-29";"coal";479.27;54.93;100.65
1178;3;"2023-06-17";"coal";1260.72;111.38;294.31
1179;9;"2023-02-15";"wind";379.77;9.35;13.94
1180;6;"2022-06-10";"coal";1405.42;207.03;189.22
1181;10;"2023-06-04";"wind";335.38;8.8;12.56
1182;5;"2022-01-02";"electricity";540.5;35.2;68.55
1183;1;"2021-09-03";"electricity";937.27;63.22;281.28
1184;9;"2022-11-27";"wind";74.53;3.53;3.41
1185;4;"2024-04-24";"electricity";1021.3;133.89;358.78
1186;1;"2021-09-27";"electricity";381.23;50.42;163.85
1187;6;"2023-05-27";"coal";725.52;50.04;287.17
1188;1;"2023-08-15";"electricity";1621.51;127.22;230.47
1189;9;"2024-02-07";"wind";93.48;4.52;3.01
1190;6;"2023-09-03";"coal";841.76;91.52;163.67
1191;4;"2024-03-20";"electricity";1844.87;275.36;465.53
1192;7;"2021-08-19";"electricity";851.15;62.98;315.47
1193;10;"2023-02-08";"wind";464.41;18.75;18.85
1194;5;"2024-01-19";"electricity";897.36;81.19;232.23
1195;8;"2023-02-10";"gas";1805.9;268.96;293.43
1196;1;"2022-03-03";"electricity";461.4;63.42;126.91
1197;8;"2021-06-03";"gas";612.63;85.21;100.42
1198;4;"2021-12-18";"electricity";1264.14;130.34;426.81
1199;3;"2023-03-13";"coal";1182.27;78.09;305.06
1200;1;"2022-12-15";"electricity";1140.1;151.41;421.47
1201;4;"2024-01-30";"electricity";554.49;69.6;222.14
1202;3;"2022-08-31";"coal";1916.54;188.39;584.19
1203;8;"2022-08-21";"gas";1877.85;160.21;473.83
1204;9;"2022-07-06";"wind";183.54;7.95;8.12
1205;8;"2023-07-14";"gas";260.69;34.9;39.77
1206;9;"2022-10-30";"wind";498.01;19.32;24.32
1207;6;"2023-11-19";"coal";311.52;20.05;59.65
1208;5;"2022-05-15";"electricity";1595.31;107.74;302.32
1209;6;"2022-12-18";"coal";370.7;19.62;146.08
1210;1;"2023-11-18";"electricity";417.31;56.78;76.18
1211;4;"2023-12-07";"electricity";918.46;87.33;225.1
1212;4;"2022-06-30";"electricity";632.21;66.72;171.67
1213;2;"2021-10-15";"gas";1872.61;94.03;525.71
1214;8;"2024-05-04";"gas";434.38;47.63;158.05
1215;1;"2023-03-20";"electricity";1449.59;86.78;696.82
1216;3;"2021-06-21";"coal";886.78;85.53;427.39
1217;2;"2023-08-18";"gas";1655.82;212.37;376.98
1218;9;"2023-08-28";"wind";321.91;14.14;10.22
1219;1;"2022-03-25";"electricity";841.07;58.31;95.93
1220;8;"2022-03-19";"gas";935.53;101.92;391.74
1221;8;"2022-08-30";"gas";564.62;84.38;132.61
1222;1;"2024-05-18";"electricity";1405.65;77.33;411.64
1223;6;"2022-08-08";"coal";1920.74;244.42;312.36
1224;7;"2022-10-09";"electricity";1696.84;93.38;668.0
1225;1;"2024-02-02";"electricity";733.69;76.31;103.86
1226;1;"2023-11-06";"electricity";1502.18;212.76;530.02
1227;1;"2022-02-05";"electricity";1299.68;68.83;207.37
1228;7;"2021-11-06";"electricity";1018.85;92.58;228.84
1229;5;"2023-11-07";"electricity";747.19;94.35;107.42
1230;5;"2021-10-01";"electricity";589.43;65.09;127.07
1231;9;"2022-07-06";"wind";325.69;13.73;12.0
1232;9;"2022-10-05";"wind";470.97;14.58;17.58
1233;5;"2022-12-10";"electricity";1310.86;124.67;218.77
1234;5;"2022-03-14";"electricity";742.14;78.85;242.13
1235;7;"2024-04-19";"electricity";976.3;114.32;209.6
1236;2;"2021-07-08";"gas";1512.04;213.93;323.05
1237;10;"2021-11-22";"wind";144.9;5.83;6.09
1238;3;"2023-02-10";"coal";980.33;106.17;224.01
1239;5;"2023-06-22";"electricity";1533.65;205.15;727.47
1240;7;"2021-07-15";"electricity";1150.96;170.22;271.8
1241;7;"2021-08-16";"electricity";1749.47;183.83;685.46
1242;9;"2021-11-30";"wind";226.72;5.19;10.51
1243;10;"2023-08-06";"wind";83.2;2.65;4.01
1244;2;"2021-10-05";"gas";1276.14;97.5;586.15
1245;9;"2022-03-11";"wind";62.33;1.91;0.94
1246;6;"2024-01-24";"coal";1528.44;190.16;563.57
1247;10;"2023-09-20";"wind";159.83;5.3;2.13
1248;10;"2023-07-28";"wind";89.21;3.28;1.36
1249;7;"2023-02-06";"electricity";1727.38;193.07;822.99
1250;10;"2022-04-14";"wind";388.86;16.5;16.2
1251;5;"2021-10-19";"electricity";1659.14;192.84;356.48
1252;9;"2021-09-25";"wind";87.71;3.37;3.06
1253;4;"2023-06-30";"electricity";246.1;27.49;36.38
1254;6;"2022-10-28";"coal";1426.1;112.39;144.33
1255;8;"2021-08-09";"gas";1433.09;129.63;289.82
1256;10;"2021-09-16";"wind";53.75;2.12;2.24
1257;8;"2022-02-03";"gas";234.39;13.88;37.58
1258;3;"2021-12-31";"coal";427.73;48.23;52.31
1259;10;"2021-12-09";"wind";247.72;11.95;6.59
1260;8;"2022-05-12";"gas";1896.41;157.51;732.02
1261;5;"2022-04-25";"electricity";1231.98;115.96;136.16
1262;4;"2023-09-11";"electricity";1260.65;97.0;462.78
1263;10;"2021-06-04";"wind";290.68;10.29;8.71
1264;8;"2021-08-15";"gas";1886.68;171.06;647.58
1265;1;"2024-01-21";"electricity";1405.01;199.39;379.48
1266;1;"2023-03-29";"electricity";1405.22;135.63;320.11
1267;7;"2022-04-12";"electricity";679.73;35.81;156.0
1268;8;"2024-04-02";"gas";565.34;50.33;255.33
1269;4;"2022-12-24";"electricity";1461.0;202.47;426.58
1270;3;"2021-07-07";"coal";603.96;40.8;273.0
1271;6;"2023-11-17";"coal";813.49;105.86;112.07
1272;9;"2023-03-10";"wind";335.05;7.52;11.46
1273;6;"2022-09-23";"coal";353.51;32.14;64.74
1274;1;"2022-10-21";"electricity";1986.76;155.29;733.92
1275;9;"2022-04-24";"wind";146.81;4.8;2.44
1276;3;"2024-01-12";"coal";1193.23;114.14;551.59
1277;2;"2021-12-02";"gas";1477.24;117.33;201.57
1278;1;"2023-11-14";"electricity";1929.89;260.4;603.33
1279;5;"2022-08-08";"electricity";289.89;27.41;99.52
1280;6;"2023-04-01";"coal";1414.05;200.73;216.73
1281;5;"2021-07-08";"electricity";853.36;80.8;195.24
1282;8;"2022-08-31";"gas";1195.62;171.82;400.15
1283;3;"2022-03-30";"coal";1526.04;168.09;629.68
1284;5;"2024-03-16";"electricity";1895.16;276.71;634.31
1285;9;"2023-09-15";"wind";80.04;2.78;3.79
1286;10;"2024-01-11";"wind";472.41;18.58;23.33
1287;10;"2022-08-30";"wind";391.69;17.73;19.18
1288;7;"2024-01-09";"electricity";1495.23;133.46;376.35
1289;1;"2021-10-19";"electricity";1392.53;146.97;470.33
1290;10;"2022-03-02";"wind";14.51;0.4;0.45
1291;2;"2023-03-12";"gas";329.32;48.38;161.34
1292;10;"2024-02-20";"wind";264.99;9.56;8.58
1293;1;"2023-02-09";"electricity";1639.81;192.25;235.46
1294;10;"2021-11-18";"wind";203.97;5.02;8.16
1295;10;"2021-06-13";"wind";346.54;13.76;6.82
1296;5;"2022-12-24";"electricity";724.88;55.39;132.78
1297;10;"2021-11-23";"wind";265.4;8.53;11.64
1298;10;"2024-01-08";"wind";126.04;5.47;6.17
1299;7;"2021-12-06";"electricity";1773.39;137.01;854.61
1300;8;"2022-06-30";"gas";1330.73;173.02;344.53
1301;10;"2022-11-22";"wind";96.51;3.18;3.26
1302;10;"2022-11-24";"wind";289.0;13.24;10.12
1303;4;"2021-12-12";"electricity";256.93;21.1;68.18
1304;3;"2023-05-21";"coal";915.13;70.09;115.13
1305;10;"2022-06-08";"wind";253.15;9.0;3.85
1306;5;"2022-08-17";"electricity";1846.65;191.51;222.0
1307;7;"2023-12-16";"electricity";1030.31;134.26;322.55
1308;6;"2024-05-19";"coal";1777.18;188.77;368.42
1309;8;"2023-05-26";"gas";1953.95;215.57;674.78
1310;10;"2022-11-18";"wind";415.02;16.49;4.85
1311;4;"2023-12-30";"electricity";1587.35;82.73;609.13
1312;3;"2024-04-28";"coal";533.67;52.22;195.03
1313;7;"2023-08-29";"electricity";519.6;67.92;166.86
1314;4;"2023-06-28";"electricity";1176.13;115.81;342.02
1315;6;"2022-09-22";"coal";957.24;48.46;207.1
1316;2;"2023-01-05";"gas";368.08;44.41;58.52
1317;1;"2022-02-09";"electricity";1630.32;92.85;479.7
1318;7;"2022-09-21";"electricity";511.22;60.33;145.31
1319;4;"2021-11-12";"electricity";811.58;85.44;226.61
1320;1;"2024-02-11";"electricity";403.73;48.84;130.0
1321;2;"2021-12-04";"gas";506.7;64.81;166.98
1322;5;"2021-10-12";"electricity";1432.48;179.45;365.52
1323;10;"2023-12-15";"wind";151.15;3.62;7.09
1324;4;"2022-05-23";"electricity";1710.84;122.31;668.41
1325;2;"2022-12-31";"gas";278.72;35.8;111.32
1326;4;"2022-03-18";"electricity";1338.56;128.54;523.13
1327;9;"2021-10-04";"wind";464.77;22.22;16.17
1328;8;"2024-03-06";"gas";1789.21;117.19;728.76
1329;8;"2023-11-08";"gas";1871.04;218.93;753.37
1330;3;"2024-04-25";"coal";141.85;19.3;39.78
1331;10;"2021-10-21";"wind";68.25;2.2;2.51
1332;1;"2023-03-11";"electricity";1079.22;101.19;135.78
1333;4;"2022-03-30";"electricity";582.01;33.12;104.86
1334;8;"2021-07-19";"gas";1795.42;178.32;242.19
1335;10;"2023-08-21";"wind";340.69;13.78;13.3
1336;2;"2023-11-03";"gas";520.04;57.08;204.37
1337;10;"2022-06-13";"wind";379.22;11.39;5.04
1338;8;"2022-10-24";"gas";287.98;16.87;103.7
1339;3;"2022-08-02";"coal";910.05;112.45;141.71
1340;8;"2023-11-29";"gas";600.06;57.29;108.89
1341;5;"2021-12-26";"electricity";1572.9;94.11;268.0
1342;7;"2022-01-25";"electricity";131.75;11.23;48.62
1343;2;"2023-04-16";"gas";783.71;83.47;113.1
1344;6;"2022-01-09";"coal";1381.43;185.98;221.96
1345;7;"2023-06-14";"electricity";909.41;51.26;188.54
1346;4;"2022-03-19";"electricity";1458.7;159.18;660.31
1347;10;"2021-11-01";"wind";121.93;2.92;1.85
1348;6;"2021-06-24";"coal";1213.38;168.62;380.55
1349;6;"2024-04-30";"coal";178.05;23.03;54.42
1350;5;"2021-08-31";"electricity";830.71;110.42;106.03
1351;9;"2021-10-02";"wind";187.49;5.18;4.6
1352;7;"2023-03-31";"electricity";718.62;46.67;220.72
1353;10;"2023-10-30";"wind";64.86;2.09;1.55
1354;3;"2023-09-08";"coal";1644.91;243.58;798.74
1355;10;"2021-10-19";"wind";440.47;11.01;13.44
1356;2;"2023-05-29";"gas";1488.13;162.67;520.36
1357;7;"2024-03-23";"electricity";1323.66;197.43;565.0
1358;5;"2021-06-06";"electricity";909.47;116.32;271.1
1359;7;"2021-08-25";"electricity";608.99;62.3;182.8
1360;9;"2023-09-29";"wind";360.59;9.51;17.27
1361;6;"2024-01-18";"coal";950.52;106.27;123.21
1362;1;"2022-02-26";"electricity";274.01;30.75;131.2
1363;7;"2024-03-21";"electricity";1924.84;287.54;816.35
1364;5;"2021-12-06";"electricity";475.68;40.62;105.94
1365;2;"2023-07-25";"gas";250.55;22.5;112.48
1366;6;"2022-03-30";"coal";1199.47;175.43;138.41
1367;10;"2023-12-09";"wind";330.0;8.1;4.61
1368;10;"2023-05-11";"wind";399.28;10.68;7.83
1369;10;"2024-01-11";"wind";97.32;3.28;1.47
1370;4;"2022-04-17";"electricity";768.59;112.08;288.5
1371;8;"2021-10-17";"gas";1294.95;86.78;612.49
1372;1;"2021-08-22";"electricity";1330.9;92.41;464.64
1373;5;"2022-11-09";"electricity";269.79;16.92;29.88
1374;6;"2023-09-13";"coal";1350.0;126.86;440.42
1375;8;"2023-12-22";"gas";485.5;53.74;225.3
1376;3;"2023-03-22";"coal";1284.24;163.32;561.6
1377;7;"2022-03-17";"electricity";224.12;20.33;87.15
1378;10;"2023-08-05";"wind";439.64;9.34;6.91
1379;9;"2021-10-31";"wind";413.38;10.8;15.61
1380;1;"2024-01-05";"electricity";459.7;58.41;177.76
1381;3;"2023-03-08";"coal";276.56;20.88;80.17
1382;5;"2024-03-28";"electricity";1298.86;142.44;613.77
1383;9;"2023-08-27";"wind";362.96;17.27;8.12
1384;2;"2021-12-19";"gas";114.09;11.9;43.68
1385;5;"2021-06-28";"electricity";1158.89;64.94;501.67
1386;8;"2023-03-20";"gas";1521.67;132.65;498.97
1387;3;"2022-01-01";"coal";1742.77;259.61;791.74
1388;9;"2022-10-31";"wind";159.6;4.15;7.18
1389;6;"2021-06-16";"coal";247.09;26.35;58.94
1390;6;"2022-10-19";"coal";967.82;113.37;449.3
1391;5;"2022-01-23";"electricity";105.53;8.75;43.06
1392;2;"2023-02-07";"gas";1269.01;162.91;432.85
1393;4;"2023-12-17";"electricity";915.46;114.36;243.73
1394;7;"2023-07-11";"electricity";1696.36;218.69;348.95
1395;6;"2021-11-15";"coal";553.32;38.09;93.51
1396;8;"2022-09-21";"gas";525.02;33.6;253.88
1397;8;"2022-03-23";"gas";1228.82;133.12;159.93
1398;8;"2022-03-28";"gas";666.52;84.27;75.69
1399;1;"2023-12-19";"electricity";1328.76;150.02;143.24
1400;6;"2023-04-26";"coal";1258.15;68.07;487.33
1401;3;"2024-02-27";"coal";411.37;45.44;182.37
1402;1;"2021-11-22";"electricity";782.5;53.51;313.74
1403;9;"2022-11-07";"wind";268.15;7.2;3.91
1404;5;"2023-10-28";"electricity";996.08;58.78;289.2
1405;10;"2022-06-08";"wind";80.18;1.89;3.93
1406;10;"2023-12-06";"wind";28.61;1.05;1.04
1407;7;"2021-08-24";"electricity";782.95;44.8;232.92
1408;3;"2023-06-03";"coal";1622.12;84.71;402.94
1409;10;"2024-04-19";"wind";190.63;9.01;8.25
1410;8;"2021-10-29";"gas";1501.64;197.52;345.17
1411;4;"2023-12-07";"electricity";295.94;44.37;108.42
1412;2;"2022-05-12";"gas";290.31;20.9;108.75
1413;7;"2024-03-13";"electricity";1088.19;93.41;381.15
1414;6;"2022-01-23";"coal";668.27;41.4;235.25
1415;5;"2021-06-06";"electricity";635.08;67.12;198.08
1416;1;"2022-10-23";"electricity";771.06;61.85;356.82
1417;9;"2023-05-12";"wind";478.39;18.78;6.03
1418;2;"2023-03-08";"gas";662.67;98.08;261.69
1419;5;"2023-08-02";"electricity";1046.13;130.29;513.31
1420;7;"2023-11-03";"electricity";1482.39;193.36;588.38
1421;3;"2024-05-09";"coal";157.1;19.42;50.43
1422;1;"2023-11-28";"electricity";1759.01;140.19;594.14
1423;10;"2021-07-07";"wind";275.69;9.25;10.34
1424;1;"2021-08-24";"electricity";1688.93;87.55;329.71
1425;9;"2023-05-16";"wind";441.54;10.39;20.83
1426;1;"2023-07-18";"electricity";1578.12;118.02;466.76
1427;1;"2022-12-02";"electricity";926.81;81.43;182.15
1428;4;"2023-07-18";"electricity";1251.33;187.51;369.09
1429;8;"2023-07-19";"gas";271.21;15.92;128.46
1430;7;"2021-12-16";"electricity";606.45;83.91;273.92
1431;6;"2024-03-15";"coal";1426.97;104.76;169.26
1432;4;"2022-02-22";"electricity";1197.6;117.11;293.9
1433;8;"2023-03-26";"gas";1724.18;206.0;251.28
1434;8;"2023-09-26";"gas";118.79;10.74;47.77
1435;1;"2022-08-16";"electricity";1785.64;179.06;183.48
1436;3;"2023-12-23";"coal";947.36;53.67;382.32
1437;6;"2022-08-13";"coal";760.67;98.45;287.87
1438;5;"2022-07-12";"electricity";1881.88;131.19;281.76
1439;10;"2021-06-13";"wind";61.78;2.98;0.68
1440;6;"2021-08-01";"coal";1905.99;124.42;651.77
1441;5;"2023-06-16";"electricity";1992.39;223.02;751.76
1442;10;"2023-05-20";"wind";46.4;1.68;2.3
1443;6;"2022-07-19";"coal";1825.67;209.65;724.07
1444;3;"2022-06-28";"coal";1667.89;158.1;359.06
1445;7;"2024-05-02";"electricity";1671.43;163.53;303.08
1446;4;"2023-05-06";"electricity";1227.05;63.6;314.91
1447;8;"2021-08-09";"gas";532.58;39.27;86.74
1448;10;"2024-04-01";"wind";495.39;21.42;19.9
1449;3;"2022-08-09";"coal";423.37;41.08;180.99
1450;4;"2023-12-14";"electricity";1153.37;169.57;567.98
1451;1;"2024-04-08";"electricity";890.38;101.48;253.59
1452;4;"2023-09-05";"electricity";340.91;42.7;85.13
1453;6;"2024-03-26";"coal";1811.5;118.56;486.2
1454;1;"2023-04-22";"electricity";737.91;94.72;200.1
1455;9;"2022-07-15";"wind";399.27;17.94;7.44
1456;8;"2022-08-08";"gas";1244.73;127.58;221.71
1457;2;"2022-07-17";"gas";1992.97;156.7;915.66
1458;4;"2024-03-02";"electricity";1737.88;195.82;479.83
1459;10;"2024-05-03";"wind";377.87;18.11;9.16
1460;3;"2023-04-12";"coal";903.02;93.52;363.15
1461;7;"2023-03-16";"electricity";1426.12;156.44;553.24
1462;3;"2021-10-21";"coal";825.1;100.38;317.84
1463;8;"2022-05-12";"gas";1261.9;100.78;310.05
1464;2;"2024-05-26";"gas";1241.03;64.67;516.93
1465;2;"2022-02-18";"gas";967.11;55.04;285.01
1466;4;"2022-04-11";"electricity";1444.86;100.25;152.17
1467;1;"2023-01-01";"electricity";796.32;105.51;296.36
1468;6;"2022-06-10";"coal";796.5;76.34;304.35
1469;10;"2022-01-28";"wind";235.0;4.85;6.38
1470;4;"2024-01-11";"electricity";1759.42;88.86;472.69
1471;1;"2022-02-07";"electricity";1170.63;105.64;513.27
1472;9;"2022-05-07";"wind";327.57;11.76;3.4
1473;3;"2023-06-07";"coal";624.48;78.27;291.13
1474;9;"2024-01-27";"wind";126.81;3.67;4.82
1475;2;"2023-11-23";"gas";1559.42;182.09;289.73
1476;1;"2024-04-26";"electricity";727.53;84.35;212.26
1477;3;"2022-01-03";"coal";1096.78;112.56;226.84
1478;8;"2022-05-24";"gas";448.5;45.71;208.32
1479;7;"2023-08-04";"electricity";1879.02;268.9;663.03
1480;9;"2022-04-08";"wind";462.07;13.1;14.35
1481;3;"2023-11-05";"coal";711.26;103.86;93.66
1482;1;"2023-06-11";"electricity";877.5;121.79;258.61
1483;1;"2021-08-30";"electricity";104.45;13.43;27.47
1484;9;"2024-04-19";"wind";452.67;14.08;9.61
1485;9;"2022-02-26";"wind";422.97;18.21;10.43
1486;9;"2021-12-21";"wind";441.5;15.05;9.29
1487;1;"2021-08-05";"electricity";1279.88;147.77;478.08
1488;5;"2022-08-05";"electricity";635.98;43.91;167.82
1489;5;"2022-03-01";"electricity";1132.9;69.01;202.36
1490;9;"2024-02-22";"wind";220.39;8.32;4.65
1491;5;"2023-07-19";"electricity";1313.35;79.17;374.0
1492;4;"2021-06-22";"electricity";471.37;55.79;75.81
1493;4;"2023-07-01";"electricity";605.17;65.9;80.23
1494;2;"2022-02-23";"gas";447.38;48.24;173.1
1495;8;"2022-11-22";"gas";981.93;132.45;350.16
1496;7;"2021-12-19";"electricity";583.67;80.48;158.58
1497;4;"2022-07-28";"electricity";100.91;15.03;44.25
1498;7;"2023-06-18";"electricity";560.71;65.91;161.8
1499;3;"2023-11-02";"coal";1087.26;74.41;241.37
1500;4;"2023-02-01";"electricity";1709.72;178.28;652.32
1501;8;"2023-04-08";"gas";199.39;23.0;48.39
1502;4;"2023-07-26";"electricity";1521.81;95.94;651.8
1503;1;"2023-08-04";"electricity";925.04;114.15;341.99
1504;4;"2021-08-29";"electricity";934.87;93.48;151.94
1505;3;"2024-04-29";"coal";339.77;46.42;151.67
1506;5;"2021-07-26";"electricity";1219.51;177.91;374.57
1507;1;"2022-04-08";"electricity";917.84;69.46;107.02
1508;8;"2023-08-05";"gas";1824.53;132.74;534.35
1509;1;"2022-05-21";"electricity";475.46;38.83;82.3
1510;3;"2024-02-03";"coal";1563.39;153.81;575.36
1511;1;"2024-04-24";"electricity";1940.3;220.47;921.25
1512;5;"2023-09-23";"electricity";1061.46;128.73;355.83
1513;6;"2024-03-11";"coal";1391.11;88.63;604.58
1514;7;"2024-03-16";"electricity";134.04;15.18;66.8
1515;6;"2022-12-31";"coal";1295.42;88.47;388.79
1516;4;"2022-04-30";"electricity";1294.94;146.82;352.11
1517;8;"2024-05-25";"gas";743.71;98.96;91.86
1518;8;"2024-05-18";"gas";1418.87;208.55;563.24
1519;5;"2024-03-08";"electricity";1104.18;139.24;269.45
1520;5;"2022-05-13";"electricity";641.14;86.08;314.35
1521;3;"2022-07-06";"coal";799.85;60.21;119.15
1522;9;"2024-01-12";"wind";55.66;1.47;1.72
1523;1;"2021-11-22";"electricity";351.47;45.29;42.1
1524;5;"2023-12-03";"electricity";1342.73;177.86;461.0
1525;10;"2023-08-04";"wind";467.6;14.25;5.65
1526;6;"2024-05-04";"coal";968.1;122.36;271.09
1527;9;"2022-11-29";"wind";273.33;5.56;6.01
1528;4;"2022-02-06";"electricity";883.73;116.48;343.92
1529;3;"2022-09-30";"coal";252.42;17.24;85.12
1530;6;"2023-01-21";"coal";1053.44;121.54;420.52
1531;8;"2023-02-25";"gas";1523.16;135.64;257.08
1532;3;"2023-06-11";"coal";423.68;39.54;199.44
1533;6;"2021-12-11";"coal";1560.12;93.22;507.34
1534;1;"2022-03-25";"electricity";1909.59;156.28;542.07
1535;1;"2023-11-11";"electricity";843.96;47.83;254.47
1536;10;"2021-10-13";"wind";106.95;5.19;2.73
1537;10;"2023-07-16";"wind";83.9;2.75;3.05
1538;10;"2024-05-10";"wind";50.41;2.47;1.08
1539;8;"2023-02-06";"gas";1962.86;166.41;240.13
1540;5;"2023-10-16";"electricity";1419.02;95.78;262.9
1541;9;"2024-04-30";"wind";53.08;2.27;2.23
1542;3;"2021-08-28";"coal";1382.4;104.09;659.99
1543;3;"2023-01-30";"coal";278.28;35.14;84.55
1544;4;"2021-06-27";"electricity";1981.26;167.81;985.94
1545;6;"2021-07-13";"coal";1229.44;89.09;289.55
1546;2;"2021-08-17";"gas";1719.39;251.41;363.77
1547;5;"2021-07-28";"electricity";1449.09;134.21;669.97
1548;10;"2022-02-28";"wind";87.59;4.26;3.67
1549;6;"2023-04-18";"coal";1152.35;68.72;552.89
1550;1;"2021-11-04";"electricity";262.52;18.85;80.34
1551;9;"2024-02-06";"wind";438.03;18.56;16.84
1552;2;"2024-03-15";"gas";881.16;95.59;159.53
1553;8;"2021-08-09";"gas";234.92;13.47;79.36
1554;5;"2022-05-02";"electricity";695.47;57.71;84.82
1555;1;"2021-10-10";"electricity";1031.38;89.94;203.32
1556;6;"2022-05-24";"coal";1371.31;146.02;319.53
1557;6;"2021-07-26";"coal";142.66;20.58;23.07
1558;5;"2024-05-05";"electricity";861.8;116.48;399.82
1559;3;"2021-08-09";"coal";1108.85;135.46;115.3
1560;9;"2023-07-29";"wind";270.46;7.19;12.28
1561;8;"2024-02-20";"gas";1518.15;100.53;180.36
1562;3;"2023-09-03";"coal";536.86;31.07;207.18
1563;4;"2022-03-11";"electricity";1895.16;248.39;302.97
1564;7;"2022-07-18";"electricity";202.31;28.34;27.59
1565;7;"2021-10-30";"electricity";369.77;25.72;78.04
1566;5;"2022-01-07";"electricity";1104.07;125.78;310.14
1567;6;"2021-06-22";"coal";221.36;24.75;74.04
1568;4;"2023-07-17";"electricity";669.37;62.61;72.97
1569;5;"2022-11-24";"electricity";1810.59;131.24;448.02
1570;5;"2023-12-29";"electricity";425.08;32.92;65.38
1571;3;"2022-02-20";"coal";174.8;13.01;26.35
1572;8;"2022-06-04";"gas";1923.46;194.26;511.61
1573;8;"2022-02-21";"gas";1029.79;79.79;319.69
1574;3;"2022-02-23";"coal";735.57;85.64;293.64
1575;6;"2022-01-03";"coal";278.67;39.23;98.67
1576;1;"2023-08-29";"electricity";1603.99;96.04;750.02
1577;1;"2023-05-17";"electricity";1735.07;116.58;435.27
1578;6;"2022-05-22";"coal";1174.17;88.34;306.4
1579;9;"2022-12-05";"wind";444.19;13.31;13.32
1580;2;"2022-03-07";"gas";116.51;7.25;21.92
1581;9;"2021-12-14";"wind";491.41;20.39;24.28
1582;7;"2022-10-06";"electricity";1561.58;204.05;219.45
1583;10;"2023-11-28";"wind";42.78;1.07;1.87
1584;1;"2021-11-19";"electricity";388.84;35.29;191.32
1585;4;"2023-02-09";"electricity";204.41;22.87;46.1
1586;9;"2022-05-27";"wind";49.96;2.38;2.15
1587;6;"2021-09-21";"coal";1612.38;218.33;246.99
1588;1;"2021-08-24";"electricity";1830.31;169.12;438.76
1589;6;"2024-04-29";"coal";1645.14;117.05;270.12
1590;10;"2022-03-22";"wind";275.94;7.89;6.54
1591;3;"2023-08-11";"coal";979.08;129.3;263.47
1592;5;"2023-05-31";"electricity";484.44;30.48;212.24
1593;5;"2024-01-30";"electricity";1225.59;164.89;149.53
1594;8;"2022-11-28";"gas";269.06;18.39;46.32
1595;6;"2023-01-31";"coal";1485.29;203.39;738.85
1596;10;"2022-04-05";"wind";497.64;17.61;9.09
1597;4;"2023-11-20";"electricity";412.93;46.91;50.25
1598;5;"2022-11-12";"electricity";683.94;98.76;332.87
1599;8;"2022-07-11";"gas";1332.66;127.5;137.19
1600;9;"2022-03-15";"wind";20.55;0.77;0.65
1601;2;"2022-03-31";"gas";1300.22;119.35;227.59
1602;7;"2024-03-15";"electricity";296.49;31.86;104.28
1603;3;"2024-02-01";"coal";332.36;23.43;71.76
1604;5;"2021-09-29";"electricity";838.33;108.86;179.72
1605;2;"2023-09-04";"gas";430.55;44.87;88.83
1606;5;"2023-07-30";"electricity";234.05;19.72;70.37
1607;4;"2022-08-12";"electricity";1043.43;93.58;141.12
1608;5;"2021-08-01";"electricity";1229.86;93.83;278.52
1609;3;"2023-09-01";"coal";663.0;78.81;100.64
1610;4;"2023-09-03";"electricity";420.79;42.64;191.07
1611;4;"2021-11-06";"electricity";929.7;62.11;437.03
1612;3;"2023-02-07";"coal";1605.71;120.12;186.8
1613;4;"2024-03-17";"electricity";1414.16;203.48;422.6
1614;8;"2022-12-27";"gas";1271.38;72.66;283.56
1615;10;"2023-12-31";"wind";245.99;10.1;12.03
1616;2;"2023-07-30";"gas";300.03;44.15;108.9
1617;8;"2021-11-13";"gas";838.73;109.5;95.48
1618;5;"2022-04-17";"electricity";1115.18;144.21;210.96
1619;9;"2022-11-14";"wind";192.1;6.96;4.23
1620;2;"2023-03-08";"gas";1302.74;147.27;135.57
1621;5;"2023-09-24";"electricity";1227.7;175.8;463.08
1622;4;"2022-01-31";"electricity";1380.96;184.02;322.92
1623;10;"2023-01-30";"wind";45.29;1.77;1.94
1624;1;"2024-02-17";"electricity";1298.8;150.44;218.06
1625;8;"2022-11-28";"gas";616.3;63.86;281.87
1626;4;"2023-03-23";"electricity";1123.07;159.74;311.78
1627;3;"2021-10-05";"coal";142.4;13.94;43.88
1628;8;"2024-03-26";"gas";569.84;41.81;199.79
1629;7;"2022-11-03";"electricity";1779.49;203.26;869.51
1630;8;"2023-01-03";"gas";830.24;120.28;126.04
1631;5;"2021-07-21";"electricity";520.58;77.65;214.28
1632;9;"2022-01-08";"wind";413.29;15.1;16.01
1633;3;"2023-05-16";"coal";702.15;102.38;81.44
1634;9;"2022-10-09";"wind";173.5;5.81;6.46
1635;3;"2021-07-23";"coal";1192.69;83.41;367.46
1636;10;"2021-06-28";"wind";410.13;15.44;10.04
1637;8;"2023-01-02";"gas";205.23;26.18;43.18
1638;1;"2022-03-29";"electricity";1487.02;200.08;612.74
1639;4;"2021-11-25";"electricity";1284.47;169.19;457.19
1640;1;"2023-06-11";"electricity";1307.18;126.57;347.99
1641;7;"2022-05-02";"electricity";1154.48;170.14;309.44
1642;2;"2022-07-18";"gas";1643.84;105.29;528.8
1643;5;"2021-11-18";"electricity";1095.26;157.94;538.75
1644;5;"2021-10-13";"electricity";1279.11;112.38;584.48
1645;10;"2022-11-04";"wind";432.86;21.48;8.98
1646;5;"2023-07-17";"electricity";1658.02;188.6;719.65
1647;8;"2022-07-03";"gas";809.75;58.78;223.35
1648;10;"2022-08-19";"wind";123.27;4.63;3.49
1649;3;"2023-05-01";"coal";1779.37;109.48;631.26
1650;2;"2023-09-28";"gas";1193.03;165.25;214.96
1651;10;"2023-01-31";"wind";61.84;2.85;2.06
1652;1;"2024-03-20";"electricity";1444.51;207.79;702.84
1653;2;"2023-02-22";"gas";1908.45;170.15;953.13
1654;3;"2023-06-24";"coal";446.03;45.28;189.34
1655;2;"2024-04-19";"gas";466.94;26.29;92.8
1656;2;"2023-01-15";"gas";1262.1;108.91;452.24
1657;1;"2022-09-18";"electricity";545.29;40.46;199.24
1658;4;"2021-05-31";"electricity";1029.91;130.95;156.53
1659;10;"2022-09-03";"wind";359.97;13.83;13.88
1660;5;"2021-06-17";"electricity";1030.99;63.59;436.25
1661;4;"2023-02-03";"electricity";1874.55;122.61;513.64
1662;2;"2023-02-16";"gas";1513.38;172.1;162.86
1663;6;"2021-12-15";"coal";950.85;99.89;173.15
1664;3;"2023-06-15";"coal";1082.06;80.97;507.36
1665;8;"2023-10-12";"gas";509.21;56.81;178.77
1666;1;"2023-09-06";"electricity";981.67;66.82;425.25
1667;1;"2023-04-14";"electricity";1098.75;83.54;382.24
1668;4;"2022-09-10";"electricity";1365.46;109.01;308.98
1669;10;"2021-11-13";"wind";48.82;1.79;2.33
1670;2;"2024-01-12";"gas";1933.59;98.25;334.05
1671;10;"2022-02-05";"wind";320.56;13.02;6.03
1672;7;"2022-07-23";"electricity";1337.99;155.7;535.22
1673;4;"2021-09-19";"electricity";1550.55;79.38;241.25
1674;5;"2024-05-07";"electricity";698.4;64.55;320.57
1675;3;"2022-02-22";"coal";1189.6;79.58;139.31
1676;6;"2023-07-07";"coal";471.49;45.56;220.19
1677;10;"2024-02-24";"wind";460.19;15.64;9.84
1678;2;"2022-02-18";"gas";142.3;17.44;21.61
1679;5;"2022-07-08";"electricity";378.28;18.96;94.77
1680;10;"2022-09-22";"wind";70.79;3.52;1.45
1681;1;"2023-05-02";"electricity";1007.06;69.54;144.55
1682;2;"2022-03-25";"gas";1266.44;148.26;398.38
1683;7;"2023-12-03";"electricity";238.5;18.36;113.27
1684;3;"2023-05-08";"coal";1669.99;141.76;520.02
1685;2;"2021-12-21";"gas";1273.15;119.96;452.01
1686;1;"2023-11-12";"electricity";953.14;99.58;399.95
1687;4;"2022-12-31";"electricity";635.96;86.7;181.66
1688;4;"2022-06-08";"electricity";1270.68;108.61;210.76
1689;9;"2022-09-11";"wind";142.9;6.69;4.93
1690;1;"2021-10-17";"electricity";193.65;17.52;77.89
1691;10;"2021-12-23";"wind";265.14;12.25;5.83
1692;3;"2024-04-25";"coal";1084.93;106.52;509.24
1693;7;"2022-03-09";"electricity";833.94;124.5;375.5
1694;7;"2023-06-30";"electricity";1277.52;176.42;477.6
1695;2;"2023-12-21";"gas";1365.72;92.36;246.41
1696;5;"2022-07-12";"electricity";322.0;19.74;147.02
1697;6;"2023-08-16";"coal";1687.34;227.63;402.48
1698;7;"2023-06-11";"electricity";1087.95;161.78;252.45
1699;9;"2023-02-24";"wind";111.92;4.97;3.31
1700;10;"2023-03-03";"wind";248.97;8.41;5.87
1701;10;"2023-12-05";"wind";332.36;12.6;4.26
1702;4;"2022-05-17";"electricity";659.02;77.24;75.98
1703;1;"2024-04-22";"electricity";350.22;46.27;154.67
1704;2;"2023-02-01";"gas";421.21;29.12;119.3
1705;6;"2022-02-27";"coal";1648.42;87.87;469.23
1706;3;"2022-03-24";"coal";998.19;121.75;230.89
1707;10;"2021-10-08";"wind";430.48;16.08;18.06
1708;7;"2022-06-23";"electricity";483.2;27.84;143.75
1709;8;"2022-08-24";"gas";932.33;80.67;158.16
1710;10;"2023-06-12";"wind";373.21;16.6;4.93
1711;4;"2022-06-02";"electricity";216.77;21.26;102.85
1712;7;"2024-05-12";"electricity";1814.95;117.92;463.02
1713;8;"2022-11-30";"gas";290.2;20.03;123.63
1714;5;"2021-06-30";"electricity";1514.82;133.72;427.17
1715;3;"2023-09-17";"coal";885.41;104.5;223.71
1716;7;"2023-02-14";"electricity";1765.81;114.39;723.2
1717;4;"2022-11-14";"electricity";1232.0;67.76;189.2
1718;4;"2023-07-04";"electricity";1191.92;178.2;518.63
1719;2;"2024-05-15";"gas";1003.4;123.35;433.33
1720;8;"2022-01-27";"gas";1284.18;92.8;506.87
1721;3;"2021-07-12";"coal";385.04;21.43;167.07
1722;1;"2022-07-31";"electricity";156.74;12.75;46.98
1723;3;"2022-08-05";"coal";1465.77;186.51;199.11
1724;1;"2021-06-15";"electricity";1658.17;155.79;798.72
1725;6;"2024-04-23";"coal";1818.65;197.27;901.6
1726;8;"2023-02-22";"gas";1647.4;153.14;520.56
1727;2;"2022-07-02";"gas";977.99;114.8;343.4
1728;10;"2024-05-05";"wind";382.35;18.38;11.93
1729;3;"2022-03-06";"coal";740.97;95.85;115.58
1730;6;"2023-07-19";"coal";936.38;96.92;231.0
1731;5;"2022-11-01";"electricity";289.26;16.0;137.42
1732;5;"2022-05-30";"electricity";1960.08;287.28;941.64
1733;6;"2024-04-06";"coal";412.04;41.29;189.98
1734;7;"2023-07-17";"electricity";321.47;31.91;148.65
1735;9;"2023-05-12";"wind";169.31;7.0;4.87
1736;4;"2021-11-04";"electricity";1970.65;225.98;535.54
1737;5;"2023-03-17";"electricity";196.57;25.26;96.44
1738;4;"2022-12-25";"electricity";1513.39;94.03;554.58
1739;2;"2024-04-22";"gas";1512.48;146.5;650.3
1740;3;"2022-03-17";"coal";162.96;20.08;44.09
1741;9;"2023-07-19";"wind";172.93;4.28;4.68
1742;10;"2024-02-20";"wind";415.38;20.03;16.24
1743;7;"2024-04-10";"electricity";486.76;42.23;242.75
1744;8;"2023-03-21";"gas";767.67;66.01;98.72
1745;10;"2021-11-14";"wind";239.13;11.58;10.86
1746;9;"2022-04-26";"wind";362.07;16.4;4.94
1747;4;"2024-03-21";"electricity";1645.74;202.49;408.13
1748;9;"2024-03-30";"wind";354.66;10.16;13.3
1749;2;"2023-07-25";"gas";515.47;45.59;63.53
1750;3;"2022-08-03";"coal";1280.11;149.16;349.84
1751;7;"2021-09-12";"electricity";1723.13;95.12;780.74
1752;4;"2021-10-30";"electricity";1957.34;194.01;802.94
1753;6;"2022-01-27";"coal";861.47;53.13;256.96
1754;7;"2023-08-02";"electricity";673.63;70.98;194.01
1755;3;"2022-09-29";"coal";1427.17;82.88;282.79
1756;3;"2021-07-27";"coal";452.19;61.7;199.04
1757;10;"2022-05-11";"wind";410.4;17.06;8.94
1758;9;"2023-10-06";"wind";39.73;1.73;1.3
1759;2;"2023-01-02";"gas";403.92;57.6;154.4
1760;5;"2021-10-20";"electricity";231.3;33.62;100.37
1761;9;"2023-03-03";"wind";233.98;8.49;2.98
1762;4;"2022-07-27";"electricity";1394.24;102.54;340.44
1763;8;"2024-02-12";"gas";962.99;111.25;246.08
1764;3;"2021-07-05";"coal";1805.19;133.08;866.75
1765;4;"2022-04-18";"electricity";657.88;87.15;99.05
1766;4;"2021-09-03";"electricity";862.7;104.15;349.18
1767;7;"2022-06-01";"electricity";548.65;52.13;251.82
1768;10;"2022-01-14";"wind";160.8;5.62;6.48
1769;7;"2023-11-22";"electricity";1747.53;184.24;500.66
1770;5;"2022-12-08";"electricity";327.16;28.82;154.84
1771;5;"2023-10-05";"electricity";1624.15;200.44;532.97
1772;3;"2023-12-27";"coal";106.69;12.67;32.95
1773;5;"2023-06-26";"electricity";1355.2;89.51;419.16
1774;4;"2022-05-29";"electricity";1347.73;194.69;489.1
1775;1;"2023-10-02";"electricity";1780.7;150.6;616.44
1776;3;"2022-01-28";"coal";570.33;56.8;266.26
1777;9;"2024-02-19";"wind";188.07;4.17;6.94
1778;1;"2022-07-02";"electricity";185.23;25.66;43.32
1779;1;"2023-05-01";"electricity";1509.59;89.65;236.06
1780;10;"2022-07-27";"wind";159.96;3.47;7.69
1781;6;"2022-01-12";"coal";859.38;73.17;360.63
1782;1;"2024-05-26";"electricity";1853.38;147.07;376.43
1783;7;"2021-12-08";"electricity";1799.98;212.03;892.53
1784;8;"2022-12-02";"gas";1180.16;122.03;508.27
1785;8;"2022-04-02";"gas";261.1;17.8;84.93
1786;6;"2023-01-12";"coal";282.61;28.33;120.14
1787;5;"2023-01-05";"electricity";1716.41;239.15;368.92
1788;6;"2024-05-21";"coal";1953.33;131.57;228.47
1789;2;"2023-09-29";"gas";692.3;52.28;307.25
1790;2;"2022-03-15";"gas";1546.61;150.5;303.9
1791;2;"2021-08-21";"gas";972.42;72.47;238.25
1792;8;"2022-01-13";"gas";1859.64;255.19;508.99
1793;10;"2023-07-12";"wind";224.43;7.92;5.92
1794;3;"2022-03-30";"coal";1304.04;186.93;626.36
1795;3;"2023-09-24";"coal";1131.28;133.06;551.18
1796;1;"2023-12-25";"electricity";407.03;30.78;61.54
1797;4;"2021-06-23";"electricity";580.64;51.87;194.1
1798;9;"2023-09-22";"wind";226.14;6.13;8.22
1799;4;"2021-12-19";"electricity";764.74;98.99;360.71
1800;5;"2023-02-25";"electricity";950.77;55.9;233.42
1801;2;"2022-09-30";"gas";764.25;56.62;237.96
1802;2;"2023-02-16";"gas";788.47;89.51;326.99
1803;7;"2021-08-02";"electricity";1501.56;82.15;707.41
1804;5;"2021-10-24";"electricity";913.3;135.54;177.39
1805;10;"2023-08-22";"wind";424.67;17.35;17.6
1806;7;"2023-01-30";"electricity";423.29;23.52;182.44
1807;3;"2024-04-30";"coal";1259.2;120.14;361.1
1808;8;"2023-02-06";"gas";366.16;39.58;140.65
1809;8;"2021-06-20";"gas";451.08;45.34;67.11
1810;4;"2022-12-08";"electricity";1867.91;171.65;493.71
1811;1;"2022-10-28";"electricity";1337.38;189.31;475.03
1812;9;"2023-11-30";"wind";184.67;8.94;2.37
1813;10;"2023-10-15";"wind";360.91;8.54;10.8
1814;8;"2023-12-12";"gas";306.31;40.74;116.12
1815;9;"2023-02-26";"wind";145.56;4.96;2.96
1816;3;"2023-03-15";"coal";357.47;21.92;106.04
1817;10;"2023-12-11";"wind";263.89;11.2;13.14
1818;2;"2022-09-20";"gas";944.25;69.86;310.57
1819;8;"2022-10-21";"gas";899.59;116.61;242.88
1820;4;"2022-04-18";"electricity";683.29;85.48;317.95
1821;2;"2022-07-26";"gas";1835.15;224.98;273.58
1822;9;"2023-02-24";"wind";350.72;16.05;6.5
1823;5;"2022-11-01";"electricity";1239.8;87.84;604.63
1824;2;"2023-07-23";"gas";1858.45;171.35;836.0
1825;9;"2022-08-31";"wind";380.16;11.56;12.92
1826;4;"2022-06-10";"electricity";352.71;38.41;99.47
1827;2;"2022-04-20";"gas";481.81;50.59;155.96
1828;1;"2021-05-30";"electricity";1828.84;150.75;397.95
1829;8;"2023-05-28";"gas";487.23;35.09;215.49
1830;3;"2022-06-01";"coal";586.8;53.72;121.43
1831;7;"2022-09-17";"electricity";1978.53;160.55;806.74
1832;6;"2022-01-01";"coal";1293.82;117.18;161.23
1833;7;"2022-01-21";"electricity";948.01;93.75;301.07
1834;9;"2022-04-11";"wind";485.09;23.3;16.01
1835;7;"2023-09-22";"electricity";1994.03;298.13;233.76
1836;1;"2022-07-18";"electricity";1833.75;232.67;226.6
1837;10;"2022-10-25";"wind";389.41;16.42;9.08
1838;5;"2023-05-28";"electricity";701.82;47.95;140.85
1839;5;"2023-11-26";"electricity";1576.08;152.57;225.32
1840;9;"2023-05-12";"wind";122.18;2.78;1.58
1841;5;"2024-02-09";"electricity";255.29;14.64;65.69
1842;8;"2023-12-15";"gas";1184.27;111.0;307.54
1843;1;"2022-02-16";"electricity";1154.6;122.05;528.46
1844;8;"2024-03-20";"gas";1050.91;97.73;336.69
1845;6;"2022-04-20";"coal";1694.38;242.71;661.95
1846;3;"2022-01-05";"coal";498.42;59.57;114.05
1847;8;"2021-09-11";"gas";1094.53;134.01;257.22
1848;2;"2023-11-16";"gas";1549.73;155.23;196.08
1849;3;"2022-05-21";"coal";1675.88;122.96;566.3
1850;2;"2022-05-05";"gas";1494.7;113.0;203.78
1851;2;"2022-09-03";"gas";622.2;59.93;151.8
1852;6;"2022-09-29";"coal";1141.21;147.41;282.64
1853;7;"2023-10-22";"electricity";628.22;69.21;102.78
1854;2;"2023-07-29";"gas";1486.39;141.7;339.32
1855;5;"2022-05-16";"electricity";707.56;39.25;91.16
1856;7;"2021-12-03";"electricity";992.35;63.79;321.93
1857;9;"2024-03-23";"wind";444.57;16.84;5.45
1858;5;"2023-02-23";"electricity";1908.73;267.77;301.69
1859;4;"2022-01-30";"electricity";1645.48;104.6;548.94
1860;7;"2023-07-22";"electricity";1184.54;153.92;312.28
1861;10;"2022-02-06";"wind";426.44;9.89;4.66
1862;9;"2023-07-19";"wind";203.89;5.82;5.22
1863;8;"2023-07-08";"gas";706.22;51.77;154.98
1864;1;"2022-06-12";"electricity";772.71;50.52;78.0
1865;3;"2021-12-25";"coal";456.56;55.46;116.09
1866;5;"2022-09-12";"electricity";788.91;81.44;224.03
1867;7;"2021-09-15";"electricity";507.49;72.48;150.0
1868;7;"2022-01-19";"electricity";1747.89;161.52;597.26
1869;10;"2024-04-27";"wind";160.14;7.12;7.98
1870;5;"2022-12-03";"electricity";905.23;106.11;217.12
1871;4;"2023-08-04";"electricity";447.73;24.76;154.66
1872;4;"2023-03-14";"electricity";1504.95;160.24;518.37
1873;8;"2022-02-09";"gas";467.78;48.65;127.53
1874;10;"2021-09-16";"wind";377.19;17.03;12.94
1875;7;"2022-06-21";"electricity";520.11;77.41;173.88
1876;6;"2023-08-26";"coal";1872.22;264.26;272.45
1877;9;"2022-08-25";"wind";102.99;4.53;3.4
1878;2;"2023-09-19";"gas";1514.98;169.72;390.0
1879;7;"2023-10-12";"electricity";1135.67;127.58;290.22
1880;7;"2022-08-28";"electricity";122.88;16.6;35.65
1881;4;"2022-03-21";"electricity";1044.76;129.01;389.54
1882;2;"2024-04-18";"gas";101.19;6.01;36.14
1883;4;"2024-03-16";"electricity";531.59;42.22;132.75
1884;4;"2024-02-23";"electricity";963.27;94.1;355.03
1885;5;"2022-06-10";"electricity";1351.58;98.47;480.41
1886;5;"2021-12-10";"electricity";1284.08;97.31;243.39
1887;2;"2022-03-31";"gas";622.97;78.41;66.89
1888;10;"2023-04-05";"wind";199.11;9.62;2.57
1889;4;"2024-05-14";"electricity";1114.88;96.23;367.31
1890;6;"2024-01-21";"coal";1250.77;158.95;593.71
1891;8;"2021-11-04";"gas";249.94;31.65;29.88
1892;3;"2022-04-27";"coal";170.68;10.45;84.29
1893;7;"2023-06-22";"electricity";1591.1;144.26;624.16
1894;4;"2023-10-20";"electricity";394.74;57.91;81.4
1895;5;"2023-09-17";"electricity";1716.07;125.74;425.17
1896;6;"2021-08-16";"coal";1860.34;251.09;644.51
1897;9;"2021-09-30";"wind";26.46;1.17;0.63
1898;7;"2022-02-10";"electricity";868.45;49.61;219.66
1899;5;"2021-10-28";"electricity";504.86;53.1;184.63
1900;9;"2021-06-26";"wind";261.5;9.72;7.38
1901;5;"2022-12-10";"electricity";1046.59;70.04;456.12
1902;10;"2023-06-24";"wind";205.85;9.47;3.0
1903;8;"2023-01-03";"gas";671.09;88.03;91.39
1904;8;"2023-08-01";"gas";1705.97;120.46;563.43
1905;9;"2023-07-13";"wind";164.06;4.95;5.66
1906;7;"2021-10-14";"electricity";1856.75;143.86;494.13
1907;3;"2022-12-01";"coal";728.29;47.29;281.43
1908;1;"2023-05-23";"electricity";1385.77;109.86;216.53
1909;4;"2022-10-03";"electricity";183.04;21.8;31.88
1910;9;"2024-02-26";"wind";105.22;3.87;4.3
1911;1;"2023-04-17";"electricity";1964.7;281.46;891.21
1912;6;"2024-03-03";"coal";1838.57;112.03;351.47
1913;2;"2023-09-13";"gas";1910.41;153.51;942.73
1914;5;"2023-05-29";"electricity";1400.38;176.61;685.95
1915;6;"2022-04-22";"coal";740.73;94.17;79.42
1916;7;"2021-07-24";"electricity";1697.32;91.11;577.56
1917;10;"2023-03-22";"wind";39.39;0.79;1.08
1918;10;"2023-03-24";"wind";361.93;14.39;15.65
1919;10;"2024-01-09";"wind";451.49;15.93;7.91
1920;4;"2022-02-05";"electricity";1282.65;125.44;332.23
1921;10;"2023-07-11";"wind";92.63;3.5;3.44
1922;3;"2023-10-25";"coal";1913.43;205.69;488.0
1923;7;"2023-09-17";"electricity";1772.06;250.05;283.94
1924;8;"2024-01-10";"gas";339.47;42.34;166.15
1925;7;"2021-11-26";"electricity";298.4;37.99;145.11
1926;5;"2023-10-15";"electricity";209.37;21.48;84.48
1927;2;"2023-05-27";"gas";939.45;54.04;335.66
1928;2;"2022-08-30";"gas";1207.5;64.02;393.05
1929;3;"2024-05-24";"coal";1719.89;161.09;277.73
1930;3;"2022-07-03";"coal";906.54;132.57;152.1
1931;8;"2024-05-23";"gas";1979.57;284.02;767.84
1932;5;"2023-09-28";"electricity";1896.59;161.65;577.05
1933;10;"2021-08-30";"wind";35.42;0.83;1.74
1934;4;"2021-12-08";"electricity";1240.28;131.84;615.72
1935;9;"2021-08-23";"wind";134.02;3.96;1.39
1936;9;"2023-10-12";"wind";454.86;18.49;22.48
1937;9;"2023-12-08";"wind";402.6;20.0;4.86
1938;3;"2022-12-11";"coal";166.87;23.27;75.56
1939;10;"2023-03-23";"wind";296.1;6.01;5.47
1940;4;"2023-03-09";"electricity";483.36;32.94;63.55
1941;2;"2021-12-26";"gas";1535.5;168.08;390.83
1942;1;"2024-01-14";"electricity";1616.41;220.44;472.64
1943;3;"2023-04-14";"coal";677.7;97.36;157.08
1944;2;"2023-03-18";"gas";878.08;61.74;409.91
1945;2;"2023-11-01";"gas";1792.91;160.9;513.13
1946;8;"2022-03-08";"gas";676.88;78.18;276.19
1947;9;"2024-01-23";"wind";321.82;8.28;8.6
1948;10;"2023-08-27";"wind";105.81;2.26;3.78
1949;6;"2024-02-11";"coal";124.92;16.02;51.93
1950;3;"2022-07-28";"coal";1002.55;105.31;438.91
1951;4;"2022-10-09";"electricity";1206.74;157.29;154.2
1952;1;"2021-11-21";"electricity";1911.17;197.66;271.37
1953;6;"2022-09-02";"coal";1127.46;116.56;347.65
1954;4;"2022-01-14";"electricity";494.53;45.85;157.39
1955;8;"2022-05-09";"gas";1131.39;151.6;262.37
1956;1;"2022-04-13";"electricity";652.49;36.25;138.19
1957;8;"2021-12-07";"gas";1999.79;101.94;726.57
1958;3;"2023-03-12";"coal";1210.2;85.06;147.4
1959;1;"2021-12-18";"electricity";432.62;34.11;97.66
1960;6;"2021-06-24";"coal";1031.77;150.98;133.98
1961;3;"2023-04-29";"coal";811.34;49.7;250.92
1962;10;"2022-11-07";"wind";384.53;9.2;15.16
1963;3;"2023-11-01";"coal";1174.76;126.01;526.97
1964;9;"2023-12-04";"wind";409.56;16.65;7.69
1965;5;"2024-03-15";"electricity";687.98;48.73;336.06
1966;3;"2022-06-12";"coal";349.1;48.03;120.56
1967;4;"2023-09-17";"electricity";390.87;47.23;138.25
1968;10;"2022-08-03";"wind";308.89;14.99;3.1
1969;9;"2021-11-18";"wind";228.73;11.18;3.52
1970;1;"2023-07-09";"electricity";1341.09;183.75;448.99
1971;9;"2023-10-04";"wind";363.09;13.99;13.88
1972;1;"2022-05-23";"electricity";440.26;34.18;149.34
1973;9;"2024-01-17";"wind";286.43;13.71;12.14
1974;6;"2023-04-04";"coal";257.95;26.98;35.18
1975;7;"2021-12-29";"electricity";1586.17;151.96;786.58
1976;6;"2021-12-14";"coal";911.72;104.1;249.91
1977;7;"2023-09-15";"electricity";244.85;29.83;121.38
1978;7;"2023-05-10";"electricity";813.35;111.6;279.57
1979;3;"2023-08-12";"coal";1867.68;102.73;259.63
1980;8;"2022-01-20";"gas";1579.38;188.83;541.45
1981;10;"2023-02-13";"wind";130.28;4.1;3.22
1982;4;"2022-01-18";"electricity";175.24;22.78;51.24
1983;1;"2022-04-20";"electricity";1585.83;226.53;725.25
1984;2;"2021-12-08";"gas";538.91;63.51;196.62
1985;10;"2023-04-19";"wind";430.47;10.03;8.49
1986;9;"2022-05-08";"wind";498.4;19.05;24.52
1987;9;"2022-08-18";"wind";323.83;11.36;15.9
1988;5;"2023-01-26";"electricity";1999.51;162.2;835.98
1989;7;"2021-06-01";"electricity";865.11;71.95;228.36
1990;7;"2022-02-25";"electricity";1992.94;206.7;865.42
1991;2;"2021-06-30";"gas";381.92;32.47;75.17
1992;5;"2022-05-15";"electricity";1132.92;105.42;428.79
1993;7;"2024-02-23";"electricity";295.14;16.26;101.4
1994;6;"2023-09-30";"coal";1682.35;140.48;306.31
1995;8;"2023-09-22";"gas";385.16;28.61;95.48
1996;1;"2023-02-23";"electricity";1859.69;179.49;552.24
1997;5;"2024-03-03";"electricity";789.97;96.57;312.82
1998;3;"2022-04-11";"coal";554.04;34.75;115.88
1999;5;"2023-06-20";"electricity";1605.89;218.55;601.18
2000;1;"2021-10-05";"electricity";348.7;35.83;126.38
2001;6;"2023-02-22";"coal";1315.37;196.4;416.66
2002;6;"2024-04-28";"coal";207.61;12.93;61.04
2003;8;"2023-11-26";"gas";1010.67;89.21;259.63
2004;9;"2022-09-29";"wind";314.06;14.22;4.58
2005;2;"2022-10-11";"gas";588.24;71.11;236.04
2006;4;"2023-03-25";"electricity";303.66;36.35;99.44
2007;9;"2022-05-18";"wind";415.99;12.86;18.11
2008;5;"2022-01-25";"electricity";846.15;82.51;274.77
2009;5;"2023-12-26";"electricity";1595.3;117.62;250.15
2010;1;"2022-02-17";"electricity";507.16;70.27;67.42
2011;9;"2021-10-12";"wind";442.86;13.42;19.72
2012;1;"2021-06-14";"electricity";1495.47;113.61;281.36
2013;2;"2022-04-08";"gas";865.12;71.97;199.55
2014;4;"2021-12-22";"electricity";521.48;37.89;117.51
2015;6;"2024-01-20";"coal";1731.89;225.69;290.04
2016;3;"2024-05-18";"coal";956.2;86.77;469.81
2017;9;"2021-08-30";"wind";210.87;8.13;4.81
2018;10;"2021-07-10";"wind";353.72;8.73;16.05
2019;2;"2021-11-01";"gas";786.57;111.96;320.97
2020;2;"2023-11-05";"gas";1481.48;179.31;562.8
2021;10;"2023-04-01";"wind";147.77;6.16;2.36
2022;7;"2022-05-17";"electricity";1086.96;150.67;332.54
2023;9;"2022-05-30";"wind";313.09;13.45;3.96
2024;8;"2024-03-22";"gas";1027.99;149.01;143.53
2025;3;"2022-07-10";"coal";945.77;119.69;263.77
2026;4;"2022-02-13";"electricity";254.5;30.57;115.43
2027;4;"2024-04-08";"electricity";1062.71;148.55;400.07
2028;1;"2023-09-05";"electricity";1170.38;110.19;584.74
2029;7;"2024-05-27";"electricity";1068.8;146.18;351.73
2030;10;"2022-07-18";"wind";438.16;18.75;9.02
2031;3;"2023-05-19";"coal";1109.04;68.36;143.25
2032;3;"2021-09-02";"coal";1913.35;164.06;480.69
2033;4;"2023-08-07";"electricity";204.59;21.04;38.52
2034;9;"2024-01-18";"wind";56.1;2.7;2.73
2035;4;"2023-01-18";"electricity";701.34;50.96;125.59
2036;4;"2023-07-25";"electricity";1579.48;205.49;768.43
2037;10;"2024-04-16";"wind";486.82;18.97;22.91
2038;7;"2023-10-18";"electricity";922.34;85.42;118.61
2039;1;"2021-11-05";"electricity";1676.77;161.16;580.65
2040;8;"2021-06-27";"gas";1482.86;203.97;441.62
2041;3;"2022-04-28";"coal";202.45;15.35;87.36
2042;9;"2023-04-24";"wind";90.48;4.43;1.27
2043;8;"2024-02-07";"gas";1806.88;176.5;430.45
2044;7;"2024-04-23";"electricity";596.57;52.78;236.84
2045;6;"2022-11-08";"coal";1821.99;161.06;392.4
2046;9;"2023-11-10";"wind";212.72;10.02;4.4
2047;3;"2022-02-23";"coal";1378.11;122.93;681.09
2048;10;"2021-07-22";"wind";98.12;2.68;4.4
2049;3;"2021-07-26";"coal";642.51;60.07;107.48
2050;5;"2023-09-16";"electricity";768.97;58.3;105.09
2051;9;"2022-12-05";"wind";349.35;8.85;6.62
2052;1;"2024-05-26";"electricity";797.36;91.76;329.61
2053;7;"2021-08-07";"electricity";845.74;113.7;402.56
2054;10;"2022-05-21";"wind";307.59;10.92;6.64
2055;5;"2023-07-15";"electricity";530.8;78.44;147.95
2056;1;"2021-10-27";"electricity";670.04;38.58;200.23
2057;1;"2022-12-04";"electricity";611.99;39.46;295.62
2058;10;"2023-06-07";"wind";459.75;11.98;22.06
2059;3;"2022-02-28";"coal";1577.92;225.27;776.12
2060;3;"2022-11-13";"coal";963.17;134.32;454.09
2061;5;"2022-02-12";"electricity";248.86;29.32;32.26
2062;5;"2021-12-15";"electricity";1671.38;123.02;256.06
2063;10;"2023-11-10";"wind";218.06;8.69;9.56
2064;5;"2022-07-29";"electricity";1694.33;142.29;324.16
2065;8;"2022-07-07";"gas";1994.39;245.96;370.78
2066;2;"2023-08-27";"gas";322.3;32.77;114.69
2067;8;"2021-11-03";"gas";548.39;68.18;225.9
2068;5;"2022-02-19";"electricity";542.44;58.79;107.66
2069;8;"2023-11-05";"gas";1567.75;225.89;760.46
2070;9;"2022-05-31";"wind";263.42;7.5;4.81
2071;4;"2022-06-16";"electricity";1238.69;113.82;559.28
2072;6;"2021-09-28";"coal";733.62;89.79;93.32
2073;2;"2023-08-17";"gas";573.46;38.17;215.26
2074;5;"2024-03-27";"electricity";1314.3;140.06;406.58
2075;9;"2021-10-28";"wind";173.12;4.94;5.4
2076;10;"2022-03-09";"wind";456.33;15.41;8.58
2077;10;"2022-06-21";"wind";482.75;10.65;15.49
2078;8;"2023-08-25";"gas";1254.62;70.2;234.86
2079;5;"2022-07-27";"electricity";1175.83;141.74;559.78
2080;7;"2022-09-05";"electricity";1795.95;248.39;884.34
2081;2;"2022-09-26";"gas";353.45;48.66;111.63
2082;10;"2021-09-04";"wind";337.75;10.18;11.59
2083;10;"2023-09-26";"wind";295.95;7.98;4.08
2084;7;"2023-02-23";"electricity";1177.71;71.15;383.77
2085;8;"2023-12-09";"gas";476.0;42.09;112.83
2086;1;"2021-08-23";"electricity";1276.47;90.58;159.41
2087;2;"2022-09-26";"gas";1494.04;218.62;686.36
2088;3;"2022-04-21";"coal";655.47;48.03;174.85
2089;2;"2022-08-02";"gas";388.56;26.67;142.25
2090;7;"2021-12-30";"electricity";853.93;61.41;176.77
2091;7;"2022-02-27";"electricity";534.76;67.19;195.36
2092;5;"2024-04-08";"electricity";816.56;43.32;316.99
2093;8;"2021-11-14";"gas";476.03;71.12;205.36
2094;3;"2021-08-26";"coal";1439.43;91.19;596.38
2095;8;"2022-08-18";"gas";259.92;28.98;81.83
2096;9;"2023-02-19";"wind";476.64;15.7;12.73
2097;9;"2022-04-13";"wind";315.29;15.17;8.44
2098;1;"2021-07-04";"electricity";1749.41;258.9;294.67
2099;3;"2023-01-17";"coal";601.66;50.56;83.71
2100;3;"2021-07-12";"coal";1573.5;178.61;243.54
2101;6;"2023-08-14";"coal";1594.05;170.5;419.51
2102;2;"2023-04-10";"gas";503.44;67.31;211.94
2103;3;"2022-07-27";"coal";1833.88;194.23;670.8
2104;1;"2023-05-30";"electricity";1695.79;139.08;413.34
2105;3;"2021-07-19";"coal";353.67;23.66;72.12
2106;7;"2021-10-27";"electricity";1971.47;128.13;455.71
2107;8;"2022-10-05";"gas";874.07;70.46;307.37
2108;6;"2022-10-04";"coal";1912.67;124.01;631.22
2109;2;"2024-01-16";"gas";1796.76;239.98;422.97
2110;6;"2023-02-07";"coal";1831.77;143.81;582.73
2111;4;"2022-10-25";"electricity";1549.9;201.45;669.54
2112;4;"2024-02-11";"electricity";453.29;56.17;76.94
2113;1;"2022-12-20";"electricity";481.17;48.56;142.44
2114;5;"2022-08-29";"electricity";1099.31;151.77;243.73
2115;6;"2023-07-16";"coal";993.45;99.11;204.27
2116;3;"2022-10-25";"coal";567.67;67.49;195.28
2117;5;"2022-10-06";"electricity";1083.52;117.41;484.48
2118;6;"2024-04-16";"coal";1349.03;69.31;494.78
2119;6;"2022-12-04";"coal";911.58;74.68;244.02
2120;8;"2022-12-12";"gas";255.78;33.81;47.02
2121;6;"2021-08-02";"coal";1517.17;181.24;386.68
2122;2;"2023-08-23";"gas";1010.22;77.08;305.46
2123;8;"2023-02-09";"gas";1493.32;155.96;287.69
2124;1;"2021-08-08";"electricity";323.71;33.66;160.54
2125;5;"2022-04-10";"electricity";1752.74;224.79;532.21
2126;5;"2021-06-04";"electricity";1426.98;112.64;259.97
2127;5;"2024-01-19";"electricity";388.28;40.52;111.31
2128;8;"2022-07-02";"gas";1810.73;261.74;810.47
2129;5;"2024-03-17";"electricity";686.58;54.57;258.05
2130;8;"2021-08-15";"gas";307.59;28.01;108.19
2131;9;"2022-03-24";"wind";69.17;3.03;1.79
2132;7;"2023-11-03";"electricity";969.17;94.32;164.37
2133;2;"2022-07-27";"gas";320.11;34.08;91.04
2134;10;"2021-07-02";"wind";273.5;13.38;12.97
2135;10;"2023-10-12";"wind";56.73;2.76;0.72
2136;3;"2022-06-18";"coal";1134.91;130.26;520.63
2137;10;"2023-03-10";"wind";70.71;1.82;2.67
2138;8;"2023-10-18";"gas";1848.18;238.87;307.46
2139;4;"2023-03-05";"electricity";1813.43;113.71;781.65
2140;10;"2022-08-26";"wind";312.78;13.99;7.34
2141;9;"2022-04-09";"wind";300.28;8.4;5.21
2142;2;"2021-08-17";"gas";342.18;30.54;111.73
2143;7;"2023-11-05";"electricity";230.22;23.83;36.03
2144;10;"2021-06-12";"wind";91.54;2.76;2.89
2145;8;"2022-02-26";"gas";932.53;49.08;239.77
2146;2;"2022-01-07";"gas";849.16;106.94;249.48
2147;1;"2022-09-28";"electricity";375.18;30.62;160.63
2148;8;"2022-01-09";"gas";1571.49;122.27;421.54
2149;9;"2021-10-31";"wind";134.57;6.06;5.7
2150;6;"2023-05-02";"coal";1324.55;190.76;652.63
2151;2;"2023-05-20";"gas";1115.04;124.9;134.25
2152;7;"2023-05-15";"electricity";1353.05;113.41;447.44
2153;6;"2023-01-16";"coal";217.17;31.69;34.17
2154;8;"2022-03-29";"gas";1212.72;102.51;321.68
2155;7;"2023-10-26";"electricity";1469.91;145.44;558.75
2156;7;"2022-09-14";"electricity";1005.82;112.47;331.56
2157;2;"2024-02-04";"gas";908.8;59.53;427.28
2158;2;"2022-08-22";"gas";1095.76;139.06;441.24
2159;6;"2022-07-25";"coal";618.16;41.38;222.55
2160;1;"2021-07-03";"electricity";112.0;13.51;36.45
2161;1;"2023-07-10";"electricity";659.11;62.78;285.32
2162;7;"2023-08-17";"electricity";1917.77;228.37;840.75
2163;7;"2022-12-10";"electricity";1592.91;104.79;678.02
2164;1;"2021-12-28";"electricity";1396.28;84.94;615.69
2165;10;"2022-11-29";"wind";24.44;1.09;0.86
2166;10;"2023-03-14";"wind";393.36;16.6;16.66
2167;8;"2022-08-06";"gas";1273.97;131.66;423.47
2168;1;"2024-05-02";"electricity";458.25;63.8;203.37
2169;5;"2022-03-15";"electricity";1853.52;236.94;276.88
2170;5;"2022-02-27";"electricity";933.68;138.93;247.32
2171;7;"2023-07-06";"electricity";1483.34;183.0;555.07
2172;4;"2022-11-11";"electricity";1166.81;138.18;477.57
2173;10;"2023-06-23";"wind";275.45;10.69;2.88
2174;10;"2024-05-27";"wind";67.41;3.02;2.09
2175;5;"2024-05-18";"electricity";340.47;24.72;98.96
2176;1;"2024-03-17";"electricity";1230.37;75.45;314.24
2177;6;"2023-08-14";"coal";1966.9;227.78;419.23
2178;9;"2024-02-02";"wind";267.19;12.03;11.01
2179;2;"2022-03-12";"gas";442.06;51.16;205.36
2180;3;"2023-09-02";"coal";958.72;65.5;310.17
2181;9;"2023-01-06";"wind";436.65;16.51;12.36
2182;4;"2021-11-30";"electricity";632.57;57.06;282.28
2183;6;"2021-06-02";"coal";279.85;19.54;109.15
2184;7;"2021-11-20";"electricity";1641.57;169.31;243.26
2185;9;"2023-06-24";"wind";242.23;9.26;3.17
2186;6;"2022-11-04";"coal";942.79;131.94;442.78
2187;10;"2021-11-09";"wind";124.09;3.25;1.35
2188;6;"2023-09-27";"coal";206.6;10.44;49.6
2189;7;"2022-12-26";"electricity";1901.61;196.47;624.27
2190;10;"2021-08-10";"wind";71.64;2.52;2.94
2191;9;"2022-03-18";"wind";110.92;2.71;4.63
2192;2;"2022-03-31";"gas";771.84;50.89;192.02
2193;4;"2022-05-21";"electricity";1755.9;213.62;413.5
2194;6;"2021-12-27";"coal";589.86;39.16;129.12
2195;5;"2022-04-05";"electricity";966.92;136.14;205.97
2196;8;"2022-01-20";"gas";1636.25;99.88;248.45
2197;1;"2022-07-15";"electricity";1388.65;135.83;458.56
2198;2;"2022-07-04";"gas";1144.92;85.5;428.3
2199;10;"2022-06-16";"wind";395.64;16.02;15.46
2200;7;"2021-10-13";"electricity";424.18;35.96;180.69
2201;7;"2023-06-18";"electricity";1198.54;138.89;224.17
2202;5;"2021-09-01";"electricity";1968.77;132.51;616.32
2203;8;"2022-04-23";"gas";1615.49;124.08;444.4
2204;9;"2022-05-31";"wind";167.35;5.33;3.39
2205;9;"2022-09-17";"wind";216.84;8.23;5.32
2206;1;"2021-06-15";"electricity";962.74;74.9;190.3
2207;1;"2022-10-16";"electricity";1893.74;175.37;664.37
2208;6;"2022-05-11";"coal";516.89;45.11;154.8
2209;7;"2023-12-23";"electricity";854.88;124.83;394.14
2210;4;"2022-07-22";"electricity";1563.55;122.98;335.89
2211;9;"2024-04-24";"wind";122.26;2.68;2.68
2212;9;"2023-07-06";"wind";54.1;2.14;1.78
2213;8;"2024-04-16";"gas";441.83;33.68;213.44
2214;2;"2022-09-18";"gas";411.99;33.41;145.43
2215;6;"2022-04-12";"coal";1376.29;127.64;399.19
2216;1;"2023-02-25";"electricity";1532.38;197.75;487.91
2217;5;"2023-08-25";"electricity";261.91;26.47;69.43
2218;5;"2023-08-28";"electricity";1094.17;79.89;537.85
2219;4;"2021-09-24";"electricity";1203.2;108.76;559.39
2220;3;"2021-07-08";"coal";557.65;63.1;212.45
2221;4;"2023-12-26";"electricity";419.05;25.89;125.07
2222;5;"2022-06-17";"electricity";1405.2;174.68;524.53
2223;8;"2023-08-02";"gas";699.98;71.99;277.69
2224;3;"2021-09-25";"coal";1469.63;191.68;530.25
2225;9;"2022-07-17";"wind";247.87;10.2;5.56
2226;3;"2023-02-28";"coal";1816.53;179.65;665.4
2227;8;"2022-04-18";"gas";686.64;49.94;248.62
2228;10;"2023-09-14";"wind";17.37;0.42;0.58
2229;10;"2022-03-05";"wind";228.07;7.38;6.86
2230;3;"2021-12-02";"coal";1380.49;147.76;429.78
2231;2;"2021-09-07";"gas";1616.79;136.18;402.19
2232;5;"2021-07-04";"electricity";734.57;40.87;129.61
2233;3;"2022-02-15";"coal";909.31;79.0;402.38
2234;4;"2023-08-06";"electricity";442.18;24.85;53.05
2235;6;"2021-08-11";"coal";1522.64;100.7;289.72
2236;7;"2024-05-04";"electricity";1401.52;120.27;622.62
2237;9;"2022-08-01";"wind";307.4;13.66;12.68
2238;1;"2022-06-08";"electricity";533.49;76.09;138.01
2239;10;"2021-07-09";"wind";177.64;6.79;6.49
2240;3;"2022-06-12";"coal";1628.01;200.12;374.72
2241;2;"2023-02-26";"gas";1195.2;128.3;240.44
2242;3;"2021-06-13";"coal";1065.77;145.35;207.52
2243;10;"2021-10-27";"wind";467.11;9.5;17.9
2244;2;"2022-04-29";"gas";1247.53;67.56;567.31
2245;1;"2023-05-24";"electricity";1832.09;251.94;872.58
2246;10;"2024-05-01";"wind";236.67;7.09;2.77
2247;1;"2023-05-07";"electricity";214.42;18.0;77.36
2248;7;"2023-08-09";"electricity";602.73;39.11;100.4
2249;4;"2023-07-22";"electricity";1453.17;113.14;687.01
2250;8;"2023-10-27";"gas";481.78;47.7;240.84
2251;1;"2022-10-03";"electricity";575.4;63.66;242.43
2252;7;"2022-12-28";"electricity";772.61;68.52;128.68
2253;7;"2022-10-14";"electricity";583.54;68.58;240.45
2254;3;"2023-12-13";"coal";412.37;28.88;92.23
2255;6;"2023-02-22";"coal";515.09;68.86;165.52
2256;6;"2023-03-07";"coal";1072.09;127.0;166.41
2257;5;"2024-01-16";"electricity";1042.51;103.19;460.11
2258;7;"2022-03-07";"electricity";773.88;109.81;263.96
2259;1;"2022-12-11";"electricity";1713.64;198.59;255.01
2260;9;"2022-09-01";"wind";483.66;23.2;20.84
2261;6;"2022-10-07";"coal";1724.65;162.37;550.74
2262;4;"2021-09-02";"electricity";223.83;17.59;82.85
2263;8;"2022-09-12";"gas";228.03;16.8;86.05
2264;6;"2022-06-17";"coal";1289.93;65.96;586.42
2265;4;"2022-09-14";"electricity";498.11;40.67;181.58
2266;1;"2023-06-22";"electricity";1822.51;195.6;183.94
2267;1;"2023-10-31";"electricity";1264.42;130.24;571.78
2268;10;"2021-07-31";"wind";225.78;5.11;8.2
2269;5;"2023-03-16";"electricity";972.9;127.99;214.78
2270;9;"2023-08-07";"wind";396.32;8.55;6.77
2271;3;"2023-01-14";"coal";217.63;16.65;67.81
2272;1;"2023-02-15";"electricity";421.61;60.8;140.08
2273;10;"2022-05-12";"wind";270.14;12.9;8.68
2274;4;"2021-11-02";"electricity";160.27;16.54;23.54
2275;10;"2023-11-01";"wind";438.52;19.82;14.94
2276;10;"2023-01-28";"wind";369.55;7.77;12.59
2277;7;"2024-04-20";"electricity";358.11;18.71;170.51
2278;10;"2023-08-08";"wind";456.04;9.79;21.75
2279;6;"2023-10-11";"coal";1810.62;265.9;360.33
2280;6;"2021-09-11";"coal";1470.81;137.09;724.41
2281;8;"2022-04-02";"gas";1562.48;210.42;177.09
2282;10;"2023-10-10";"wind";378.92;18.23;14.55
2283;3;"2021-07-26";"coal";361.5;40.35;87.38
2284;2;"2023-02-12";"gas";1319.61;158.69;303.52
2285;6;"2021-11-03";"coal";1157.89;116.26;199.35
2286;5;"2021-12-13";"electricity";1256.1;120.66;298.89
2287;7;"2022-06-11";"electricity";827.41;118.7;367.94
2288;3;"2023-08-12";"coal";1250.12;150.5;418.55
2289;4;"2021-11-20";"electricity";1280.14;65.53;507.62
2290;9;"2022-09-25";"wind";196.16;5.95;6.26
2291;6;"2022-10-15";"coal";1205.53;113.98;251.63
2292;6;"2021-11-05";"coal";1528.37;133.28;188.6
2293;4;"2022-02-01";"electricity";327.29;30.3;134.94
2294;6;"2024-03-11";"coal";276.01;27.23;59.43
2295;5;"2021-07-06";"electricity";1236.11;178.68;561.81
2296;9;"2023-08-25";"wind";370.97;16.94;9.48
2297;10;"2023-10-29";"wind";99.73;4.63;3.29
2298;9;"2022-06-04";"wind";475.16;16.51;20.03
2299;6;"2021-08-24";"coal";1741.36;233.04;260.55
2300;3;"2022-02-14";"coal";764.05;110.4;287.23
2301;1;"2021-11-05";"electricity";1785.06;150.0;329.68
2302;7;"2022-09-03";"electricity";986.64;88.39;411.97
2303;2;"2021-05-31";"gas";671.32;63.74;147.05
2304;8;"2022-11-26";"gas";1551.92;114.38;755.59
2305;9;"2024-02-05";"wind";205.62;8.52;3.79
2306;5;"2021-06-24";"electricity";115.0;11.53;48.07
2307;6;"2022-04-10";"coal";1618.91;218.37;531.87
2308;4;"2023-12-12";"electricity";816.07;91.8;84.47
2309;9;"2021-07-20";"wind";398.1;9.29;4.1
2310;8;"2023-10-23";"gas";288.75;34.18;84.95
2311;2;"2021-12-16";"gas";719.73;63.22;321.84
2312;8;"2021-10-25";"gas";477.45;27.39;108.69
2313;10;"2023-06-23";"wind";85.24;3.67;3.02
2314;4;"2022-06-22";"electricity";416.75;28.56;44.24
2315;6;"2021-10-08";"coal";1687.39;155.56;240.57
2316;4;"2021-06-22";"electricity";482.36;44.6;137.82
2317;7;"2021-09-01";"electricity";611.69;67.43;144.32
2318;4;"2022-03-03";"electricity";360.96;29.22;124.38
2319;1;"2021-11-04";"electricity";738.45;46.59;178.43
2320;1;"2022-07-01";"electricity";599.29;62.92;67.37
2321;6;"2023-07-25";"coal";1663.36;224.92;350.64
2322;1;"2022-05-15";"electricity";1695.74;191.11;221.32
2323;4;"2021-06-18";"electricity";275.91;14.41;60.66
2324;6;"2021-08-07";"coal";1237.68;101.51;271.61
2325;8;"2024-01-26";"gas";1056.46;64.59;486.72
2326;2;"2021-06-18";"gas";506.69;59.62;70.16
2327;9;"2023-01-05";"wind";20.45;0.9;0.81
2328;2;"2022-08-10";"gas";844.89;115.34;305.65
2329;3;"2022-12-09";"coal";1348.36;180.52;414.02
2330;4;"2024-02-06";"electricity";1401.75;103.63;280.41
2331;6;"2021-09-26";"coal";1565.12;107.6;168.7
2332;6;"2024-02-27";"coal";1665.99;217.66;662.51
2333;8;"2023-12-18";"gas";640.74;93.09;172.78
2334;9;"2023-07-13";"wind";77.5;2.81;2.64
2335;6;"2022-09-06";"coal";398.24;58.02;74.76
2336;3;"2022-12-12";"coal";1626.67;193.83;192.36
2337;10;"2022-08-05";"wind";99.69;4.34;4.14
2338;2;"2022-03-13";"gas";1762.25;164.98;714.82
2339;9;"2021-12-14";"wind";187.81;6.4;9.08
2340;8;"2021-12-09";"gas";1240.39;102.89;541.58
2341;8;"2024-01-05";"gas";1917.9;130.86;730.64
2342;3;"2021-10-14";"coal";680.88;75.39;133.53
2343;2;"2022-08-23";"gas";863.05;97.58;105.64
2344;2;"2022-10-03";"gas";621.61;67.07;307.64
2345;4;"2023-05-24";"electricity";1475.69;104.06;436.46
2346;5;"2021-11-08";"electricity";925.09;58.68;220.38
2347;10;"2023-11-24";"wind";283.68;6.03;3.24
2348;4;"2024-03-24";"electricity";477.38;63.25;198.22
2349;9;"2022-12-22";"wind";408.52;12.89;19.63
2350;5;"2024-05-24";"electricity";1329.54;157.05;492.02
2351;7;"2022-08-28";"electricity";952.02;64.17;453.86
2352;8;"2022-08-24";"gas";354.0;19.77;93.22
2353;9;"2022-11-09";"wind";76.03;2.9;1.18
2354;2;"2023-08-13";"gas";348.21;26.83;164.26
2355;2;"2022-11-05";"gas";352.29;38.51;68.69
2356;3;"2022-12-07";"coal";276.3;18.37;56.03
2357;1;"2022-05-03";"electricity";609.93;55.43;151.13
2358;2;"2021-10-05";"gas";1985.01;264.57;928.18
2359;9;"2022-02-21";"wind";18.06;0.62;0.49
2360;6;"2022-01-02";"coal";727.68;49.77;237.59
2361;6;"2022-07-05";"coal";1240.43;139.65;124.73
2362;9;"2024-05-27";"wind";130.01;3.98;5.01
2363;4;"2021-12-28";"electricity";570.35;54.74;111.26
2364;10;"2023-04-25";"wind";411.69;11.13;13.34
2365;7;"2023-02-15";"electricity";658.42;42.69;285.05
2366;6;"2022-06-02";"coal";1442.12;100.77;227.02
2367;1;"2021-12-11";"electricity";1301.04;116.85;510.46
2368;6;"2021-08-18";"coal";938.15;50.27;202.62
2369;4;"2021-06-26";"electricity";461.16;67.85;63.24
2370;1;"2021-10-24";"electricity";1325.46;139.04;343.55
2371;7;"2023-03-27";"electricity";1783.08;198.14;737.41
2372;3;"2023-01-12";"coal";478.73;51.78;127.98
2373;5;"2022-02-14";"electricity";228.96;30.57;45.05
2374;7;"2024-03-04";"electricity";876.56;89.26;297.99
2375;7;"2024-03-23";"electricity";1861.53;114.63;422.7
2376;2;"2023-03-22";"gas";312.4;28.52;151.5
2377;8;"2023-10-26";"gas";1198.14;82.14;142.66
2378;5;"2023-07-21";"electricity";1970.91;217.03;605.74
2379;2;"2023-05-15";"gas";729.97;79.54;200.79
2380;1;"2023-10-18";"electricity";1528.49;105.08;613.27
2381;7;"2023-09-06";"electricity";812.46;106.38;397.23
2382;10;"2022-12-07";"wind";82.48;3.01;2.63
2383;5;"2023-06-08";"electricity";1859.86;230.99;526.74
2384;6;"2023-06-20";"coal";822.25;80.39;265.0
2385;5;"2022-07-25";"electricity";1726.29;125.1;409.45
2386;1;"2024-05-07";"electricity";1722.73;93.13;529.83
2387;7;"2023-04-09";"electricity";447.64;44.26;155.58
2388;7;"2024-05-14";"electricity";373.22;47.34;115.1
2389;7;"2022-02-19";"electricity";569.17;53.63;217.75
2390;10;"2022-09-17";"wind";389.33;12.16;11.22
2391;3;"2022-10-30";"coal";1716.86;224.33;674.63
2392;7;"2023-07-16";"electricity";1804.57;136.47;250.77
2393;1;"2023-03-10";"electricity";1844.76;140.83;874.21
2394;3;"2023-02-26";"coal";1668.61;225.76;344.19
2395;2;"2022-04-27";"gas";132.54;18.95;52.3
2396;10;"2022-04-05";"wind";475.67;16.99;10.45
2397;7;"2022-05-17";"electricity";1016.58;146.27;464.74
2398;3;"2023-12-24";"coal";1998.05;176.89;269.99
2399;3;"2023-02-06";"coal";1756.47;169.35;631.19
2400;6;"2023-06-18";"coal";825.5;113.74;347.72
2401;9;"2022-07-21";"wind";392.27;17.3;15.23
2402;7;"2023-11-12";"electricity";850.23;120.97;410.65
2403;5;"2021-10-01";"electricity";1435.81;192.06;690.96
2404;1;"2023-08-17";"electricity";276.39;41.34;56.92
2405;2;"2021-09-06";"gas";1087.13;97.55;508.79
2406;1;"2021-07-24";"electricity";1373.76;108.01;285.74
2407;3;"2023-09-02";"coal";873.49;74.32;200.19
2408;9;"2023-11-09";"wind";166.58;5.25;6.6
2409;5;"2023-04-26";"electricity";889.69;79.09;385.61
2410;1;"2023-11-09";"electricity";844.37;73.66;298.1
2411;7;"2022-02-22";"electricity";1226.03;95.82;208.74
2412;5;"2024-05-18";"electricity";1816.37;127.43;240.16
2413;10;"2022-11-28";"wind";489.34;14.13;13.08
2414;4;"2023-07-18";"electricity";1550.96;161.87;683.44
2415;2;"2022-03-29";"gas";1432.5;176.11;482.84
2416;8;"2022-08-31";"gas";428.19;25.53;110.46
2417;9;"2022-09-16";"wind";293.12;11.22;7.82
2418;2;"2023-05-12";"gas";1633.34;157.85;447.89
2419;2;"2024-01-28";"gas";370.89;27.2;39.02
2420;6;"2022-01-11";"coal";490.51;32.52;214.74
2421;7;"2022-07-27";"electricity";474.25;27.88;134.4
2422;3;"2022-06-29";"coal";1312.35;106.41;566.4
2423;5;"2024-01-16";"electricity";812.88;116.59;353.51
2424;5;"2022-03-17";"electricity";443.59;22.72;147.78
2425;5;"2022-03-10";"electricity";622.27;92.49;214.71
2426;4;"2022-08-08";"electricity";473.32;39.05;94.38
2427;4;"2024-04-17";"electricity";1098.86;147.4;204.7
2428;8;"2024-01-19";"gas";450.22;52.46;165.65
2429;5;"2023-04-08";"electricity";1771.31;193.86;882.37
2430;9;"2023-12-25";"wind";68.96;1.94;2.67
2431;3;"2022-11-04";"coal";713.53;92.16;326.68
2432;8;"2022-06-20";"gas";1554.35;217.38;527.2
2433;1;"2023-11-14";"electricity";1455.48;127.44;373.03
2434;4;"2023-11-08";"electricity";122.56;13.57;17.59
2435;1;"2022-03-06";"electricity";1024.09;69.04;237.71
2436;3;"2023-03-26";"coal";1099.28;153.03;349.72
2437;5;"2022-02-04";"electricity";1765.83;99.87;844.03
2438;4;"2023-04-02";"electricity";1071.98;109.85;166.46
2439;2;"2023-07-23";"gas";1925.28;118.87;835.43
2440;3;"2022-09-09";"coal";599.97;32.08;168.39
2441;8;"2021-06-07";"gas";300.26;20.33;55.34
2442;4;"2024-01-15";"electricity";649.06;34.8;287.14
2443;2;"2023-05-30";"gas";1393.74;85.29;211.6
2444;4;"2022-04-22";"electricity";329.27;33.51;80.98
2445;2;"2023-07-12";"gas";497.3;29.21;60.04
2446;3;"2022-08-07";"coal";622.12;50.17;69.06
2447;6;"2021-07-04";"coal";670.94;65.17;150.4
2448;6;"2022-03-18";"coal";154.6;19.47;25.09
2449;10;"2022-03-30";"wind";19.7;0.59;0.77
2450;1;"2022-11-23";"electricity";1920.87;264.75;481.14
2451;5;"2021-11-23";"electricity";1464.55;107.19;724.28
2452;4;"2023-08-05";"electricity";1048.46;120.56;399.64
2453;5;"2023-02-21";"electricity";1267.5;172.86;557.38
2454;6;"2022-04-04";"coal";352.91;31.52;170.35
2455;1;"2022-10-15";"electricity";1468.63;83.49;217.38
2456;8;"2023-12-11";"gas";1294.41;67.49;561.46
2457;9;"2022-08-20";"wind";278.66;10.16;12.39
2458;3;"2024-03-17";"coal";1595.15;175.97;241.93
2459;5;"2021-12-20";"electricity";1881.42;257.17;462.71
2460;4;"2021-08-26";"electricity";1953.41;148.58;555.16
2461;5;"2023-03-21";"electricity";1881.68;183.74;196.6
2462;7;"2021-08-10";"electricity";377.65;35.47;175.12
2463;4;"2023-07-28";"electricity";343.63;19.69;86.19
2464;9;"2022-11-29";"wind";315.93;13.61;9.34
2465;10;"2023-02-07";"wind";149.9;4.43;5.77
2466;4;"2023-04-23";"electricity";265.81;14.08;71.85
2467;9;"2022-01-25";"wind";50.69;1.8;1.68
2468;5;"2023-08-28";"electricity";935.91;100.51;393.1
2469;3;"2022-03-25";"coal";107.07;11.52;34.18
2470;2;"2023-11-03";"gas";1766.89;215.01;228.68
2471;1;"2022-06-30";"electricity";390.9;48.99;107.51
2472;7;"2024-03-20";"electricity";428.35;35.3;105.16
2473;3;"2023-03-20";"coal";669.06;46.43;193.34
2474;7;"2022-08-31";"electricity";583.89;40.01;291.06
2475;9;"2022-06-01";"wind";340.96;10.49;10.83
2476;10;"2022-11-05";"wind";195.06;4.27;9.6
2477;5;"2022-04-18";"electricity";1745.7;151.83;868.09
2478;9;"2022-03-30";"wind";112.21;2.74;3.44
2479;3;"2024-05-21";"coal";1678.75;120.71;824.71
2480;1;"2024-01-14";"electricity";1362.39;199.39;417.01
2481;1;"2024-02-04";"electricity";1142.05;111.19;408.76
2482;4;"2023-01-09";"electricity";603.67;53.01;161.16
2483;8;"2021-08-20";"gas";1693.97;231.43;473.96
2484;8;"2023-09-23";"gas";1943.56;103.68;620.89
2485;5;"2023-11-30";"electricity";1856.18;195.26;383.95
2486;1;"2022-09-11";"electricity";844.26;96.47;204.17
2487;4;"2022-03-04";"electricity";880.34;78.39;414.25
2488;9;"2023-05-20";"wind";329.13;14.15;6.48
2489;10;"2022-02-20";"wind";336.34;10.8;12.2
2490;3;"2022-10-07";"coal";742.54;53.38;339.91
2491;4;"2022-09-05";"electricity";1116.55;136.67;460.87
2492;8;"2022-04-01";"gas";156.92;9.08;71.96
2493;10;"2023-11-24";"wind";62.74;2.7;1.75
2494;3;"2022-12-28";"coal";653.49;60.46;209.78
2495;8;"2024-03-25";"gas";220.4;16.04;62.0
2496;7;"2023-05-25";"electricity";1008.68;118.76;254.55
2497;4;"2023-12-28";"electricity";583.16;56.01;184.23
2498;7;"2022-04-08";"electricity";1240.53;67.68;279.36
2499;10;"2023-07-26";"wind";43.49;1.13;0.7
2500;3;"2024-04-19";"coal";1742.53;246.65;505.04
2501;6;"2023-04-30";"coal";768.97;96.63;193.11
2502;6;"2021-07-25";"coal";426.49;31.01;78.05
2503;3;"2023-09-14";"coal";505.26;51.89;73.43
2504;8;"2023-05-06";"gas";381.34;31.2;59.77
2505;2;"2022-02-23";"gas";279.89;26.27;117.21
2506;1;"2021-07-30";"electricity";663.46;71.04;267.12
2507;2;"2022-09-24";"gas";102.91;7.62;22.74
2508;9;"2022-12-10";"wind";441.4;17.83;5.1
2509;8;"2023-10-16";"gas";609.11;42.69;192.05
2510;2;"2022-03-14";"gas";1981.05;177.39;636.3
2511;9;"2021-10-31";"wind";81.41;1.78;1.09
2512;9;"2023-06-30";"wind";273.51;8.22;10.59
2513;7;"2022-03-05";"electricity";1687.84;182.33;487.65
2514;4;"2021-07-27";"electricity";1516.22;154.44;748.46
2515;3;"2022-07-26";"coal";811.93;121.24;142.53
2516;4;"2024-04-08";"electricity";843.07;46.67;179.67
2517;1;"2022-09-19";"electricity";430.58;63.88;169.5
2518;10;"2023-07-17";"wind";353.72;10.9;7.21
2519;9;"2022-11-28";"wind";331.3;6.69;9.45
2520;9;"2023-04-03";"wind";75.12;2.98;1.3
2521;8;"2023-05-10";"gas";1379.59;69.89;186.65
2522;10;"2023-02-17";"wind";233.99;8.08;7.64
2523;4;"2023-05-04";"electricity";1790.41;267.24;709.93
2524;10;"2021-10-06";"wind";278.66;11.16;4.32
2525;9;"2022-06-07";"wind";153.16;7.43;5.03
2526;7;"2023-10-20";"electricity";1260.9;186.08;162.24
2527;4;"2021-12-25";"electricity";478.24;33.76;88.67
2528;7;"2022-04-24";"electricity";410.24;28.84;137.3
2529;8;"2022-01-27";"gas";103.89;13.69;12.35
2530;4;"2021-06-26";"electricity";532.8;38.26;121.04
2531;1;"2021-08-21";"electricity";1227.93;92.24;141.76
2532;5;"2023-11-07";"electricity";268.65;26.23;87.05
2533;2;"2021-10-07";"gas";430.67;23.19;66.96
2534;6;"2023-01-01";"coal";674.29;91.3;332.63
2535;9;"2023-05-20";"wind";144.63;5.4;6.72
2536;6;"2023-04-28";"coal";229.52;27.14;62.33
2537;10;"2022-07-02";"wind";91.28;1.96;2.1
2538;3;"2023-05-22";"coal";374.06;53.6;167.03
2539;5;"2022-11-01";"electricity";279.9;39.46;99.02
2540;10;"2024-04-05";"wind";293.43;6.15;10.15
2541;3;"2024-03-21";"coal";1522.96;179.17;289.09
2542;3;"2023-10-16";"coal";1818.52;118.61;243.08
2543;10;"2022-03-15";"wind";151.51;3.14;2.82
2544;4;"2023-11-04";"electricity";985.43;113.28;440.97
2545;8;"2023-03-09";"gas";1884.93;174.05;478.89
2546;5;"2023-07-06";"electricity";1783.42;180.77;612.56
2547;6;"2023-01-18";"coal";910.39;57.94;209.05
2548;4;"2023-05-20";"electricity";376.69;31.55;74.55
2549;7;"2023-12-29";"electricity";1188.43;74.56;493.76
2550;8;"2023-05-29";"gas";703.1;68.34;326.7
2551;4;"2023-01-10";"electricity";1912.68;154.76;785.63
2552;10;"2024-01-17";"wind";378.53;14.94;18.32
2553;7;"2024-02-14";"electricity";1425.89;196.04;603.74
2554;8;"2022-01-18";"gas";1669.58;116.27;748.18
2555;5;"2021-09-17";"electricity";1094.42;88.93;519.5
2556;8;"2022-10-11";"gas";169.34;23.81;73.28
2557;6;"2023-11-10";"coal";1095.81;106.59;195.95
2558;4;"2021-06-03";"electricity";1226.65;75.23;393.68
2559;2;"2022-03-21";"gas";1920.76;190.57;761.81
2560;6;"2023-07-01";"coal";474.18;69.9;107.78
2561;2;"2022-10-30";"gas";1058.69;150.1;208.98
2562;2;"2023-02-06";"gas";1939.55;169.17;833.91
2563;4;"2023-12-14";"electricity";1486.78;152.97;440.54
2564;10;"2023-04-22";"wind";417.91;19.21;7.81
2565;7;"2022-08-24";"electricity";1050.16;99.52;283.19
2566;6;"2023-09-01";"coal";1864.48;125.64;606.61
2567;9;"2024-01-15";"wind";148.53;6.61;5.47
2568;8;"2022-08-26";"gas";1378.13;178.66;304.98
2569;8;"2023-06-08";"gas";1689.21;152.31;685.91
2570;3;"2022-02-22";"coal";1478.01;136.82;157.35
2571;9;"2023-01-23";"wind";100.23;2.64;1.47
2572;3;"2022-01-09";"coal";469.42;24.67;95.39
2573;7;"2021-07-31";"electricity";961.87;101.54;320.7
2574;7;"2023-03-23";"electricity";514.38;52.51;152.82
2575;5;"2023-10-08";"electricity";215.74;19.75;27.63
2576;10;"2022-01-27";"wind";49.15;1.09;1.05
2577;8;"2023-02-22";"gas";1580.74;140.0;310.3
2578;4;"2021-07-30";"electricity";476.45;31.52;91.04
2579;2;"2023-12-30";"gas";1537.54;107.17;719.15
2580;10;"2023-01-24";"wind";376.59;9.21;14.24
2581;10;"2023-01-03";"wind";120.68;5.14;2.99
2582;7;"2022-02-26";"electricity";553.56;41.28;208.65
2583;9;"2023-07-02";"wind";248.82;11.3;11.36
2584;5;"2024-04-11";"electricity";528.35;70.19;166.53
2585;8;"2023-02-16";"gas";545.23;44.89;114.25
2586;1;"2023-06-01";"electricity";1863.61;107.9;461.24
2587;6;"2022-02-25";"coal";381.0;48.56;42.89
2588;3;"2024-03-03";"coal";1882.92;273.98;409.16
2589;2;"2023-04-09";"gas";604.14;82.7;69.82
2590;3;"2021-06-29";"coal";1148.36;128.77;459.86
2591;8;"2023-09-03";"gas";728.69;100.91;211.89
2592;6;"2024-01-07";"coal";1386.88;160.94;166.52
2593;1;"2022-05-23";"electricity";1793.56;161.41;779.19
2594;10;"2023-12-10";"wind";208.74;5.58;9.49
2595;5;"2023-02-25";"electricity";837.12;73.22;327.37
2596;10;"2022-10-06";"wind";59.95;1.99;2.37
2597;7;"2022-07-23";"electricity";311.55;22.32;81.37
2598;10;"2023-05-25";"wind";216.09;4.67;6.05
2599;2;"2022-04-18";"gas";1270.27;140.11;289.13
2600;3;"2023-08-19";"coal";1503.14;135.18;672.95
2601;10;"2023-10-24";"wind";57.18;2.56;1.48
2602;6;"2022-12-29";"coal";1222.58;166.1;298.92
2603;10;"2024-03-07";"wind";221.01;6.55;5.8
2604;8;"2021-11-23";"gas";1147.35;62.21;263.96
2605;3;"2023-04-19";"coal";1347.98;148.13;471.86
2606;8;"2023-05-21";"gas";1954.23;110.08;270.4
2607;5;"2021-08-08";"electricity";195.75;16.49;81.94
2608;2;"2024-03-28";"gas";125.65;6.7;38.08
2609;3;"2023-05-13";"coal";1952.99;183.81;828.32
2610;1;"2023-10-31";"electricity";266.49;24.53;59.0
2611;8;"2021-08-14";"gas";1783.0;209.78;662.04
2612;8;"2022-04-23";"gas";1568.0;192.07;281.48
2613;5;"2021-06-06";"electricity";808.51;63.83;404.15
2614;8;"2023-11-12";"gas";954.58;99.64;296.49
2615;6;"2023-04-26";"coal";1541.36;175.26;221.22
2616;1;"2024-02-02";"electricity";1235.81;172.83;419.4
2617;7;"2021-11-23";"electricity";1853.19;259.11;778.3
2618;8;"2021-06-29";"gas";704.9;48.4;191.01
2619;2;"2021-07-27";"gas";638.64;56.98;117.34
2620;1;"2023-10-23";"electricity";1834.4;214.94;243.67
2621;6;"2023-05-14";"coal";1607.37;205.54;790.22
2622;9;"2023-11-04";"wind";496.19;12.77;6.1
2623;5;"2021-08-02";"electricity";162.41;21.49;27.59
2624;5;"2023-10-01";"electricity";1789.33;250.16;530.53
2625;3;"2022-03-02";"coal";1193.09;133.31;394.7
2626;5;"2023-02-23";"electricity";849.79;51.28;351.84
2627;7;"2023-04-11";"electricity";1695.36;213.42;462.84
2628;3;"2021-06-06";"coal";585.49;78.37;220.33
2629;1;"2023-03-25";"electricity";407.41;47.52;185.7
2630;2;"2024-02-05";"gas";1416.98;157.2;351.6
2631;9;"2023-09-30";"wind";217.58;5.07;2.43
2632;6;"2023-05-08";"coal";150.5;11.9;32.3
2633;7;"2022-03-07";"electricity";1047.46;148.98;415.94
2634;6;"2022-06-28";"coal";277.99;19.96;86.55
2635;8;"2022-04-05";"gas";1604.53;237.49;317.11
2636;6;"2024-02-21";"coal";1557.45;230.87;157.46
2637;2;"2021-06-08";"gas";1956.87;214.68;249.79
2638;8;"2021-06-05";"gas";1367.63;83.81;285.03
2639;5;"2022-01-20";"electricity";1950.4;151.01;224.4
2640;8;"2023-03-05";"gas";1762.92;221.8;599.79
2641;2;"2021-10-17";"gas";1250.26;162.11;474.66
2642;10;"2024-01-27";"wind";402.14;17.39;8.97
2643;8;"2022-09-03";"gas";1260.26;107.59;445.14
2644;10;"2022-12-02";"wind";35.95;1.07;1.27
2645;5;"2022-06-14";"electricity";1640.7;182.88;417.02
2646;5;"2022-02-06";"electricity";1175.32;84.9;338.31
2647;8;"2023-02-13";"gas";1683.31;250.01;720.01
2648;2;"2022-06-05";"gas";684.91;37.22;91.82
2649;6;"2023-05-22";"coal";911.72;118.33;111.64
2650;2;"2023-03-14";"gas";1103.21;151.9;131.89
2651;7;"2023-07-04";"electricity";740.97;84.45;368.3
2652;9;"2023-02-02";"wind";397.4;14.22;11.73
2653;6;"2022-06-10";"coal";827.45;106.88;316.37
2654;2;"2023-12-20";"gas";1100.21;59.16;464.81
2655;7;"2023-01-01";"electricity";1183.66;73.54;509.56
2656;9;"2021-08-24";"wind";43.54;1.87;1.3
2657;4;"2024-03-30";"electricity";900.28;60.99;186.33
2658;7;"2023-09-05";"electricity";1398.98;127.24;454.76
2659;10;"2021-09-05";"wind";330.98;15.67;10.66
2660;3;"2023-03-02";"coal";1075.05;102.11;328.69
2661;3;"2022-04-10";"coal";713.94;81.66;125.29
2662;2;"2024-01-13";"gas";361.07;46.04;111.16
2663;3;"2022-11-21";"coal";492.2;57.35;50.68
2664;8;"2023-08-18";"gas";124.38;10.97;56.52
2665;7;"2022-06-25";"electricity";1820.84;235.76;304.88
2666;6;"2022-05-06";"coal";1438.8;172.65;590.48
2667;9;"2022-04-16";"wind";251.81;9.62;3.44
2668;6;"2021-06-23";"coal";1946.44;219.38;467.41
2669;6;"2023-12-23";"coal";755.33;105.53;211.92
2670;7;"2024-02-03";"electricity";373.22;50.09;41.54
2671;7;"2022-09-28";"electricity";469.8;51.39;57.31
2672;6;"2021-12-14";"coal";1806.61;156.88;203.27
2673;9;"2022-09-17";"wind";212.63;5.02;2.21
2674;9;"2022-12-29";"wind";477.4;21.0;6.54
2675;6;"2022-08-30";"coal";1230.07;86.6;180.29
2676;10;"2022-06-16";"wind";244.14;7.37;5.63
2677;1;"2022-10-31";"electricity";1649.18;192.44;612.96
2678;4;"2022-09-09";"electricity";682.08;38.47;209.68
2679;1;"2023-11-19";"electricity";186.6;22.55;89.14
2680;8;"2022-01-03";"gas";1576.01;163.99;175.74
2681;1;"2023-12-09";"electricity";623.61;52.07;304.89
2682;5;"2022-01-13";"electricity";949.08;86.48;195.08
2683;10;"2023-11-22";"wind";484.71;11.34;11.73
2684;10;"2021-11-20";"wind";413.84;9.88;6.03
2685;1;"2024-05-12";"electricity";1020.96;57.57;441.54
2686;5;"2021-07-21";"electricity";1177.14;87.29;288.89
2687;7;"2022-12-28";"electricity";470.89;66.94;116.74
2688;1;"2023-04-05";"electricity";1495.77;172.22;629.84
2689;9;"2023-08-05";"wind";334.85;13.67;13.98
2690;10;"2022-11-23";"wind";395.92;8.47;14.12
2691;8;"2022-10-18";"gas";1947.95;172.31;802.46
2692;7;"2021-10-04";"electricity";1969.06;285.98;235.6
2693;4;"2024-04-23";"electricity";512.21;47.1;204.81
2694;9;"2022-05-20";"wind";465.29;10.08;19.81
2695;7;"2023-12-17";"electricity";626.44;48.2;125.58
2696;4;"2023-05-06";"electricity";249.67;29.35;111.6
2697;5;"2023-06-14";"electricity";971.21;73.58;195.63
2698;1;"2021-08-15";"electricity";790.53;41.98;294.65
2699;7;"2022-07-07";"electricity";846.31;63.01;318.33
2700;4;"2022-07-30";"electricity";1473.51;161.06;300.92
2701;6;"2022-09-11";"coal";711.1;62.84;221.9
2702;3;"2023-02-11";"coal";1416.87;193.03;471.44
2703;9;"2023-10-21";"wind";358.06;12.66;13.21
2704;7;"2021-07-06";"electricity";239.13;28.5;84.3
2705;2;"2021-11-06";"gas";944.17;59.41;378.42
2706;9;"2023-08-14";"wind";488.22;17.17;10.39
2707;2;"2023-03-21";"gas";325.56;17.34;85.08
2708;5;"2022-10-12";"electricity";1315.87;187.55;335.24
2709;4;"2024-01-31";"electricity";1842.03;155.95;792.9
2710;6;"2024-05-06";"coal";1187.13;64.51;162.09
2711;8;"2023-01-25";"gas";1042.74;89.68;438.1
2712;4;"2023-11-13";"electricity";1270.09;122.08;555.05
2713;7;"2022-05-22";"electricity";250.69;32.04;51.0
2714;7;"2021-07-30";"electricity";1818.33;208.0;594.64
2715;1;"2024-02-23";"electricity";278.31;33.17;54.25
2716;7;"2022-06-12";"electricity";1066.48;133.73;367.88
2717;7;"2021-11-19";"electricity";539.74;35.11;82.77
2718;4;"2023-03-14";"electricity";1054.53;94.03;496.98
2719;8;"2022-01-31";"gas";1074.04;138.94;187.18
2720;7;"2022-05-30";"electricity";1851.02;225.58;518.47
2721;6;"2024-05-18";"coal";1061.82;110.69;467.39
2722;3;"2024-04-10";"coal";980.15;132.8;318.35
2723;6;"2022-10-25";"coal";1817.95;172.66;206.81
2724;4;"2021-12-26";"electricity";671.68;42.55;241.57
2725;2;"2023-10-09";"gas";987.93;129.14;245.22
2726;6;"2021-10-04";"coal";985.86;98.52;352.56
2727;4;"2023-12-30";"electricity";735.6;45.64;211.65
2728;2;"2023-02-21";"gas";1956.77;220.52;408.85
2729;3;"2023-12-05";"coal";230.16;23.49;83.49
2730;10;"2023-03-01";"wind";142.44;5.38;7.05
2731;8;"2024-04-30";"gas";1413.59;195.47;520.62
2732;2;"2022-07-03";"gas";862.19;125.86;284.67
2733;6;"2021-12-30";"coal";941.64;94.78;220.36
2734;7;"2022-01-19";"electricity";1651.36;199.14;493.47
2735;5;"2023-07-17";"electricity";1371.34;137.14;280.14
2736;2;"2021-12-14";"gas";988.17;108.95;298.84
2737;4;"2024-05-28";"electricity";417.27;27.1;127.1
2738;3;"2022-04-24";"coal";432.96;63.56;148.4
2739;1;"2022-10-21";"electricity";1949.68;170.26;309.27
2740;8;"2023-11-23";"gas";1493.3;140.43;150.19
2741;2;"2022-07-11";"gas";1929.76;187.27;963.64
2742;2;"2024-05-23";"gas";1491.31;83.31;233.96
2743;10;"2022-02-08";"wind";284.64;12.93;3.52
2744;6;"2021-12-20";"coal";803.94;62.2;239.5
2745;8;"2022-07-18";"gas";1528.74;93.75;156.9
2746;1;"2022-01-27";"electricity";1116.74;120.45;552.65
2747;3;"2022-10-08";"coal";656.11;97.59;148.06
2748;5;"2022-02-26";"electricity";1043.81;138.71;342.01
2749;4;"2023-11-06";"electricity";897.36;60.88;237.59
2750;8;"2024-03-29";"gas";1501.71;181.6;204.83
2751;7;"2021-09-16";"electricity";1037.4;78.57;284.51
2752;5;"2023-03-12";"electricity";1483.08;158.18;660.59
2753;7;"2023-12-22";"electricity";512.95;45.82;160.78
2754;4;"2024-02-13";"electricity";371.85;39.6;46.09
2755;1;"2023-04-03";"electricity";1848.89;207.33;701.14
2756;2;"2022-07-24";"gas";836.34;93.79;221.82
2757;10;"2022-09-21";"wind";491.93;15.24;16.46
2758;2;"2023-06-07";"gas";1685.42;246.12;373.89
2759;6;"2023-10-02";"coal";265.14;19.02;46.3
2760;4;"2022-01-24";"electricity";1055.75;127.04;244.5
2761;7;"2023-05-05";"electricity";1016.81;59.52;468.3
2762;4;"2022-09-20";"electricity";1466.64;179.64;707.59
2763;2;"2022-07-01";"gas";1915.11;279.94;756.9
2764;7;"2021-05-31";"electricity";1928.87;231.78;576.67
2765;4;"2021-07-14";"electricity";1444.15;75.3;171.33
2766;3;"2021-12-26";"coal";1964.49;258.64;847.41
2767;5;"2024-05-16";"electricity";1279.28;186.78;396.48
2768;2;"2021-12-07";"gas";400.7;51.6;77.59
2769;1;"2023-08-04";"electricity";1339.8;157.36;414.87
2770;10;"2024-05-16";"wind";106.22;5.28;4.18
2771;8;"2021-10-30";"gas";907.72;126.18;238.69
2772;1;"2021-07-08";"electricity";1756.9;177.44;680.21
2773;3;"2022-04-20";"coal";976.38;77.06;256.87
2774;9;"2023-10-03";"wind";336.52;12.76;5.95
2775;8;"2021-06-26";"gas";1026.91;86.16;281.8
2776;6;"2023-02-15";"coal";619.92;55.58;95.28
2777;2;"2021-08-22";"gas";532.15;37.57;73.66
2778;6;"2024-01-04";"coal";1051.01;133.28;518.58
2779;5;"2022-03-14";"electricity";810.14;67.98;189.53
2780;4;"2021-09-13";"electricity";1958.29;119.5;868.77
2781;6;"2023-04-20";"coal";1566.12;157.85;499.55
2782;5;"2024-04-26";"electricity";165.19;13.65;26.04
2783;3;"2022-01-11";"coal";255.41;37.3;36.44
2784;8;"2021-07-13";"gas";1551.39;104.54;300.8
2785;3;"2022-12-27";"coal";1274.93;165.67;301.66
2786;10;"2024-04-28";"wind";401.91;15.44;17.21
2787;3;"2021-06-18";"coal";376.64;47.08;126.4
2788;3;"2023-08-02";"coal";1322.38;131.31;441.64
2789;4;"2023-07-18";"electricity";330.26;41.06;123.03
2790;7;"2023-06-02";"electricity";1009.33;105.77;287.91
2791;3;"2022-06-14";"coal";1713.16;178.31;454.49
2792;4;"2023-09-17";"electricity";1354.06;123.69;468.36
2793;1;"2021-06-01";"electricity";859.42;95.1;324.59
2794;7;"2023-07-28";"electricity";132.6;19.38;18.57
2795;10;"2022-09-15";"wind";322.18;9.53;9.32
2796;4;"2022-10-29";"electricity";1480.92;74.41;342.19
2797;5;"2024-03-14";"electricity";1649.98;195.78;530.97
2798;3;"2023-03-09";"coal";1120.87;88.62;367.55
2799;9;"2023-09-01";"wind";201.7;9.82;8.26
2800;6;"2021-09-23";"coal";1383.16;109.7;362.16
2801;6;"2022-10-05";"coal";1848.79;177.01;809.14
2802;1;"2022-06-02";"electricity";739.33;67.4;124.24
2803;10;"2021-11-16";"wind";77.19;2.31;2.1
2804;8;"2021-11-11";"gas";1950.55;172.76;223.82
2805;3;"2022-10-11";"coal";1720.43;162.17;721.89
2806;4;"2021-09-04";"electricity";646.81;50.89;144.36
2807;2;"2024-05-09";"gas";787.18;51.02;128.83
2808;8;"2022-09-11";"gas";1109.55;129.53;428.8
2809;1;"2022-10-15";"electricity";1431.87;181.17;286.56
2810;5;"2023-03-15";"electricity";1834.43;131.64;853.18
2811;3;"2022-04-10";"coal";1816.12;145.89;632.73
2812;10;"2023-03-01";"wind";304.47;6.5;11.68
2813;1;"2022-01-25";"electricity";1983.38;175.51;678.89
2814;6;"2024-04-24";"coal";1332.91;81.48;621.82
2815;2;"2023-10-01";"gas";1540.35;206.75;560.36
2816;10;"2021-12-18";"wind";228.89;5.26;9.92
2817;4;"2022-10-28";"electricity";529.29;74.77;130.12
2818;7;"2024-02-12";"electricity";1527.8;97.78;506.89
2819;4;"2023-06-13";"electricity";1845.82;220.91;528.39
2820;4;"2021-10-03";"electricity";377.84;43.27;110.75
2821;9;"2022-11-04";"wind";46.0;2.24;2.0
2822;7;"2022-09-09";"electricity";1087.81;159.68;301.81
2823;1;"2022-07-12";"electricity";1046.98;82.25;410.92
2824;9;"2023-11-29";"wind";315.3;9.94;10.08
2825;1;"2021-11-02";"electricity";1774.26;185.28;364.01
2826;7;"2023-02-21";"electricity";1300.98;81.25;272.89
2827;9;"2023-07-21";"wind";17.93;0.79;0.67
2828;4;"2023-04-27";"electricity";1859.2;115.71;876.89
2829;10;"2022-04-15";"wind";432.6;19.44;4.95
2830;9;"2024-02-27";"wind";56.06;1.4;2.08
2831;1;"2022-12-09";"electricity";958.71;59.46;307.05
2832;1;"2023-05-31";"electricity";1523.14;90.25;600.81
2833;9;"2023-09-13";"wind";21.06;0.88;0.37
2834;6;"2022-08-07";"coal";242.34;18.53;103.28
2835;10;"2023-01-22";"wind";238.5;10.13;10.72
2836;8;"2022-12-07";"gas";862.06;84.4;302.4
2837;8;"2022-06-04";"gas";944.77;85.59;167.77
2838;4;"2023-02-17";"electricity";1614.07;153.71;434.03
2839;8;"2023-03-21";"gas";1656.98;145.48;560.89
2840;5;"2024-02-07";"electricity";329.97;46.82;102.73
2841;2;"2024-01-07";"gas";1638.97;97.96;449.43
2842;6;"2023-02-26";"coal";1942.22;234.68;958.34
2843;9;"2021-08-16";"wind";112.48;3.89;5.02
2844;2;"2023-01-03";"gas";300.74;22.21;114.51
2845;1;"2024-02-19";"electricity";1029.95;64.32;377.2
2846;4;"2022-05-11";"electricity";162.62;23.78;17.61
2847;10;"2022-11-20";"wind";395.32;11.65;8.82
2848;6;"2024-05-03";"coal";328.99;30.78;33.87
2849;6;"2023-07-11";"coal";632.23;40.01;137.02
2850;2;"2022-11-23";"gas";1807.3;190.09;188.77
2851;2;"2021-12-18";"gas";823.93;122.68;238.55
2852;3;"2022-04-03";"coal";1211.6;120.24;544.46
2853;7;"2022-03-17";"electricity";1588.35;160.44;497.61
2854;10;"2024-01-01";"wind";159.31;3.84;5.59
2855;10;"2023-09-18";"wind";311.01;14.3;14.23
2856;5;"2022-04-30";"electricity";1632.49;107.27;751.31
2857;3;"2021-09-25";"coal";771.17;42.14;281.4
2858;3;"2023-12-08";"coal";288.42;21.93;127.72
2859;3;"2023-02-13";"coal";1468.47;119.37;448.5
2860;2;"2022-08-07";"gas";1059.25;57.81;202.79
2861;3;"2024-04-15";"coal";1766.78;127.82;302.21
2862;4;"2021-06-26";"electricity";775.04;112.58;146.27
2863;6;"2023-12-27";"coal";194.33;18.66;63.06
2864;1;"2022-12-25";"electricity";270.48;14.16;112.74
2865;7;"2022-12-30";"electricity";510.44;38.84;131.45
2866;7;"2024-01-31";"electricity";1246.41;148.76;274.87
2867;1;"2021-10-14";"electricity";119.62;8.86;46.79
2868;3;"2023-01-29";"coal";302.86;18.58;146.62
2869;10;"2021-12-06";"wind";87.24;4.19;1.45
2870;2;"2023-11-28";"gas";1521.15;148.18;517.25
2871;6;"2022-01-04";"coal";1799.45;141.09;797.21
2872;6;"2024-02-10";"coal";1864.42;177.82;628.71
2873;10;"2022-11-08";"wind";476.14;16.99;5.88
2874;7;"2023-12-11";"electricity";1114.05;160.63;371.86
2875;6;"2022-01-14";"coal";649.83;34.71;263.94
2876;4;"2022-09-11";"electricity";578.08;44.09;243.63
2877;7;"2022-02-07";"electricity";1105.87;65.81;269.92
2878;5;"2023-11-02";"electricity";1559.58;139.56;245.55
2879;6;"2022-12-07";"coal";150.67;22.44;74.3
2880;7;"2022-07-27";"electricity";983.71;90.58;124.7
2881;1;"2024-03-13";"electricity";1471.71;157.29;410.54
2882;8;"2022-09-01";"gas";1495.03;147.76;618.67
2883;2;"2023-01-14";"gas";1518.98;223.59;322.67
2884;6;"2023-07-09";"coal";1545.85;93.4;202.3
2885;6;"2024-02-27";"coal";288.93;26.06;94.96
2886;6;"2024-04-04";"coal";1437.68;105.35;182.39
2887;3;"2024-05-26";"coal";1420.23;111.01;511.17
2888;5;"2022-11-06";"electricity";790.32;81.57;92.48
2889;7;"2022-07-08";"electricity";1613.72;99.24;231.03
2890;4;"2022-01-12";"electricity";1526.71;175.98;240.07
2891;9;"2024-03-13";"wind";158.73;7.36;5.05
2892;3;"2023-11-10";"coal";738.61;52.22;123.86
2893;10;"2022-12-31";"wind";99.43;4.14;4.87
2894;6;"2021-10-24";"coal";255.05;34.52;45.28
2895;1;"2022-07-19";"electricity";1321.07;182.84;636.72
2896;8;"2023-10-20";"gas";1494.55;84.07;323.37
2897;10;"2022-11-20";"wind";121.72;5.14;3.8
2898;3;"2023-07-13";"coal";1960.64;263.31;461.69
2899;9;"2023-12-30";"wind";208.94;5.84;6.3
2900;10;"2022-10-23";"wind";85.09;3.36;4.11
2901;6;"2023-05-25";"coal";798.3;82.63;200.78
2902;1;"2023-05-06";"electricity";1417.87;157.13;146.11
2903;10;"2022-03-03";"wind";37.67;0.8;1.44
2904;7;"2022-01-09";"electricity";596.71;52.64;65.25
2905;8;"2022-04-25";"gas";967.91;57.55;292.0
2906;5;"2022-09-16";"electricity";488.98;54.64;158.45
2907;3;"2022-06-24";"coal";1356.0;201.9;198.81
2908;2;"2022-03-04";"gas";899.86;89.61;368.36
2909;10;"2023-06-02";"wind";391.59;17.91;4.49
2910;4;"2022-05-03";"electricity";1692.47;146.7;731.79
2911;10;"2023-03-08";"wind";450.3;12.57;9.04
2912;8;"2022-09-13";"gas";1042.35;71.4;400.26
2913;5;"2024-01-04";"electricity";1103.18;68.88;155.67
2914;9;"2022-08-17";"wind";375.75;13.46;13.76
2915;4;"2022-04-26";"electricity";1106.56;163.55;127.46
2916;9;"2022-12-16";"wind";61.26;1.33;0.76
2917;2;"2023-01-10";"gas";372.21;26.39;120.64
2918;6;"2021-06-26";"coal";1653.33;99.96;713.91
2919;4;"2023-01-08";"electricity";362.45;20.53;100.11
2920;2;"2023-03-23";"gas";1977.84;154.91;281.2
2921;9;"2024-01-28";"wind";452.74;13.36;7.13
2922;4;"2022-03-15";"electricity";393.75;20.03;90.57
2923;10;"2022-05-14";"wind";377.08;13.48;16.08
2924;5;"2022-10-21";"electricity";1665.47;162.16;201.62
2925;3;"2023-06-28";"coal";1768.36;121.48;342.79
2926;5;"2023-11-21";"electricity";1098.02;128.33;116.54
2927;8;"2022-02-17";"gas";495.65;56.66;93.09
2928;3;"2024-02-06";"coal";1104.25;158.91;271.66
2929;3;"2023-09-22";"coal";922.08;134.34;312.19
2930;6;"2023-03-29";"coal";1297.0;156.6;338.33
2931;8;"2022-12-24";"gas";864.65;97.43;262.92
2932;8;"2024-03-07";"gas";1295.29;140.8;207.97
2933;6;"2023-03-14";"coal";1416.31;184.19;169.56
2934;10;"2021-10-18";"wind";281.74;12.41;8.76
2935;3;"2022-01-12";"coal";1019.9;89.94;403.96
2936;4;"2022-05-24";"electricity";1504.13;106.03;663.84
2937;5;"2023-11-17";"electricity";746.49;98.39;79.42
2938;9;"2021-06-16";"wind";13.78;0.31;0.42
2939;10;"2022-01-01";"wind";271.71;9.86;2.74
2940;9;"2024-02-20";"wind";146.83;4.68;5.84
2941;6;"2022-12-09";"coal";1121.26;60.6;501.91
2942;10;"2023-08-04";"wind";220.88;4.74;6.93
2943;4;"2021-07-31";"electricity";1841.31;214.29;533.56
2944;5;"2022-05-19";"electricity";517.79;64.12;174.69
2945;5;"2021-11-20";"electricity";1142.62;110.59;195.92
2946;10;"2022-02-26";"wind";394.3;16.66;18.47
2947;1;"2023-05-09";"electricity";1405.04;177.16;518.93
2948;7;"2021-06-05";"electricity";712.97;83.34;351.11
2949;1;"2021-09-27";"electricity";926.92;107.03;264.73
2950;4;"2022-11-17";"electricity";1850.45;271.63;841.68
2951;6;"2022-11-01";"coal";213.29;16.43;40.97
2952;5;"2023-08-19";"electricity";1177.17;170.09;401.95
2953;1;"2021-09-19";"electricity";1679.18;182.04;428.63
2954;6;"2023-04-09";"coal";1526.93;92.45;540.45
2955;3;"2022-05-05";"coal";316.21;33.46;61.28
2956;10;"2021-08-08";"wind";399.87;16.56;5.82
2957;6;"2021-06-25";"coal";1552.11;226.32;517.43
2958;7;"2022-08-02";"electricity";552.65;80.79;243.15
2959;5;"2022-06-04";"electricity";1035.41;64.74;153.4
2960;1;"2023-01-25";"electricity";226.27;12.15;91.11
2961;5;"2023-01-28";"electricity";199.65;20.11;81.3
2962;5;"2023-06-20";"electricity";350.34;42.92;108.28
2963;7;"2021-09-14";"electricity";1127.94;88.28;402.26
2964;7;"2024-01-03";"electricity";324.39;23.85;48.82
2965;5;"2023-05-20";"electricity";691.6;42.15;94.24
2966;1;"2022-04-29";"electricity";1027.34;96.89;125.66
2967;8;"2022-04-03";"gas";903.42;120.23;382.24
2968;10;"2021-11-09";"wind";498.54;16.85;18.96
2969;8;"2022-03-12";"gas";1404.02;171.07;470.13
2970;6;"2023-11-12";"coal";1036.44;122.59;180.07
2971;8;"2022-09-27";"gas";1321.81;154.13;225.31
2972;1;"2023-04-01";"electricity";982.91;65.93;255.89
2973;9;"2022-02-21";"wind";262.17;12.19;10.85
2974;7;"2022-11-14";"electricity";1227.88;145.97;366.04
2975;5;"2022-06-27";"electricity";919.33;85.67;351.99
2976;9;"2023-09-28";"wind";298.76;7.46;4.01
2977;5;"2022-06-03";"electricity";1567.46;136.71;456.44
2978;4;"2024-04-04";"electricity";1795.93;106.26;840.83
2979;1;"2024-03-01";"electricity";1292.1;182.22;187.99
2980;6;"2021-09-22";"coal";995.32;130.86;367.84
2981;8;"2022-06-08";"gas";1419.57;147.25;162.28
2982;5;"2023-05-07";"electricity";669.18;55.97;248.62
2983;10;"2023-08-28";"wind";325.63;15.87;3.3
2984;9;"2023-10-25";"wind";295.34;12.52;9.23
2985;3;"2022-06-29";"coal";493.18;48.31;220.35
2986;5;"2023-03-14";"electricity";121.89;9.19;24.75
2987;3;"2024-01-09";"coal";555.14;61.73;111.45
2988;3;"2023-11-15";"coal";555.0;36.29;165.27
2989;1;"2023-09-20";"electricity";477.87;65.8;124.09
2990;10;"2022-02-26";"wind";150.61;4.11;4.06
2991;1;"2024-02-29";"electricity";1111.62;95.37;207.34
2992;6;"2022-03-29";"coal";1920.25;263.4;482.04
2993;7;"2022-12-18";"electricity";1756.44;244.14;366.73
2994;8;"2022-05-10";"gas";1066.75;101.79;442.2
2995;8;"2022-07-13";"gas";1649.5;209.81;502.65
2996;3;"2023-07-15";"coal";1450.26;79.62;415.41
2997;7;"2021-07-12";"electricity";1172.54;141.42;567.64
2998;5;"2021-08-20";"electricity";1663.39;210.68;775.28
2999;2;"2022-08-23";"gas";1166.62;142.93;456.89
3000;6;"2023-01-02";"coal";664.72;77.59;130.4
3001;3;"2021-06-10";"coal";408.06;46.95;146.93
3002;2;"2022-04-03";"gas";1539.35;119.35;408.51
3003;4;"2023-10-19";"electricity";477.51;38.88;95.36
3004;6;"2021-09-04";"coal";792.46;88.02;88.15
3005;6;"2023-05-16";"coal";1003.37;96.65;302.88
3006;9;"2023-03-19";"wind";29.11;0.95;0.47
3007;6;"2024-01-04";"coal";410.49;30.4;64.77
3008;8;"2022-10-24";"gas";1069.39;144.57;254.91
3009;2;"2024-02-28";"gas";335.88;20.78;125.51
3010;9;"2023-09-14";"wind";212.25;8.03;7.7
3011;8;"2021-07-26";"gas";284.13;26.38;114.3
3012;8;"2021-11-14";"gas";1000.12;93.32;362.0
3013;7;"2021-11-29";"electricity";1502.12;172.97;152.62
3014;3;"2021-11-21";"coal";446.42;58.6;175.58
3015;8;"2021-07-12";"gas";1887.05;134.94;682.63
3016;7;"2023-08-03";"electricity";1015.69;61.31;370.69
3017;10;"2023-06-30";"wind";398.64;19.23;12.92
3018;5;"2022-03-28";"electricity";398.53;59.49;93.5
3019;4;"2022-12-18";"electricity";1307.23;171.74;163.02
3020;6;"2021-10-16";"coal";1319.43;172.41;237.41
3021;6;"2024-01-29";"coal";154.59;22.14;33.43
3022;4;"2021-12-27";"electricity";1886.92;212.63;334.27
3023;8;"2021-12-24";"gas";152.81;8.75;66.57
3024;2;"2022-03-29";"gas";833.78;45.75;388.04
3025;9;"2022-01-07";"wind";226.42;9.52;9.77
3026;1;"2024-02-09";"electricity";188.02;12.23;56.62
3027;4;"2023-07-12";"electricity";1718.71;122.75;236.64
3028;2;"2022-03-01";"gas";1951.61;126.61;663.42
3029;7;"2023-03-24";"electricity";1650.78;176.94;280.78
3030;9;"2023-02-28";"wind";424.03;10.21;8.21
3031;9;"2024-05-23";"wind";52.84;2.1;0.71
3032;5;"2022-07-09";"electricity";1290.82;101.7;441.68
3033;3;"2022-03-29";"coal";1904.22;104.33;410.17
3034;6;"2022-11-10";"coal";1371.44;190.32;242.98
3035;8;"2023-01-19";"gas";613.24;73.9;121.26
3036;6;"2021-12-20";"coal";322.74;24.09;88.44
3037;8;"2022-05-27";"gas";676.41;37.27;163.43
3038;8;"2023-05-29";"gas";1794.19;262.97;755.98
3039;2;"2024-02-02";"gas";656.07;76.24;324.54
3040;3;"2023-12-09";"coal";1912.05;189.6;929.57
3041;3;"2023-10-19";"coal";171.75;18.83;84.41
3042;8;"2022-07-06";"gas";1145.15;100.38;450.54
3043;5;"2022-04-24";"electricity";1979.49;267.09;539.26
3044;5;"2023-09-02";"electricity";1210.13;73.04;276.46
3045;6;"2021-10-11";"coal";1553.24;109.72;506.23
3046;6;"2022-09-09";"coal";1031.28;111.02;434.82
3047;6;"2023-02-05";"coal";655.5;90.93;324.19
3048;10;"2024-01-27";"wind";307.05;13.7;5.13
3049;8;"2023-11-22";"gas";526.22;33.98;243.33
3050;1;"2023-10-23";"electricity";1024.86;117.89;168.64
3051;1;"2023-09-21";"electricity";1319.19;70.84;269.32
3052;2;"2024-03-20";"gas";862.12;116.13;313.93
3053;6;"2022-09-17";"coal";1315.32;181.95;187.15
3054;5;"2022-01-23";"electricity";455.18;28.33;86.99
3055;4;"2024-03-13";"electricity";1169.87;83.95;480.69
3056;3;"2024-03-08";"coal";1615.37;179.2;597.15
3057;5;"2021-06-19";"electricity";623.39;65.17;126.9
3058;6;"2022-09-20";"coal";407.64;36.87;183.06
3059;7;"2021-08-05";"electricity";1755.49;215.21;409.46
3060;6;"2023-12-07";"coal";1900.06;131.19;271.47
3061;5;"2021-11-09";"electricity";1339.34;105.26;539.03
3062;7;"2022-12-04";"electricity";1864.1;158.71;692.73
3063;2;"2022-10-29";"gas";1976.92;283.68;467.73
3064;4;"2021-11-12";"electricity";925.47;128.34;229.64
3065;10;"2022-04-13";"wind";271.26;5.82;3.54
3066;5;"2022-11-16";"electricity";1849.8;209.4;580.9
3067;2;"2022-12-14";"gas";1022.49;127.51;470.46
3068;8;"2022-12-30";"gas";1256.85;107.04;461.82
3069;9;"2022-01-05";"wind";454.27;18.61;10.0
3070;3;"2022-03-22";"coal";1713.52;237.31;619.44
3071;10;"2022-05-13";"wind";71.84;2.6;0.91
3072;7;"2023-06-13";"electricity";661.13;35.75;326.73
3073;5;"2022-10-02";"electricity";1819.14;136.59;803.68
3074;6;"2022-07-11";"coal";603.92;74.44;232.2
3075;6;"2021-07-27";"coal";253.21;29.63;53.74
3076;5;"2023-04-26";"electricity";144.97;9.53;23.9
3077;4;"2023-12-08";"electricity";1064.28;93.33;194.43
3078;10;"2022-05-06";"wind";214.02;10.45;4.59
3079;2;"2022-06-16";"gas";203.56;22.34;23.05
3080;10;"2022-10-28";"wind";434.17;16.19;16.74
3081;1;"2021-09-18";"electricity";1647.17;139.79;725.0
3082;8;"2023-11-26";"gas";1476.06;82.72;294.97
3083;1;"2022-07-15";"electricity";619.78;36.56;256.14
3084;3;"2022-07-21";"coal";550.04;72.44;272.19
3085;6;"2021-10-25";"coal";298.29;18.82;139.18
3086;6;"2024-02-05";"coal";609.08;78.8;188.27
3087;1;"2021-08-25";"electricity";1879.13;109.81;800.73
3088;10;"2022-11-14";"wind";42.76;1.98;1.9
3089;9;"2022-04-17";"wind";202.28;9.69;9.82
3090;10;"2023-05-26";"wind";466.61;13.75;11.6
3091;4;"2023-09-24";"electricity";1033.89;153.57;438.43
3092;9;"2021-07-23";"wind";256.84;11.62;11.8
3093;4;"2024-01-08";"electricity";1667.81;171.42;447.12
3094;5;"2022-06-04";"electricity";995.11;141.31;343.01
3095;4;"2023-03-08";"electricity";1098.91;121.21;300.57
3096;10;"2024-01-08";"wind";178.11;6.65;5.06
3097;6;"2023-05-14";"coal";1701.55;111.16;371.06
3098;10;"2023-07-20";"wind";48.21;2.08;1.68
3099;10;"2022-10-05";"wind";79.57;1.88;1.56
3100;9;"2021-11-13";"wind";84.86;2.72;3.41
3101;1;"2023-12-03";"electricity";704.6;69.45;261.42
3102;9;"2022-03-04";"wind";174.94;8.56;5.47
3103;5;"2021-10-26";"electricity";993.43;63.12;250.31
3104;2;"2021-11-02";"gas";995.9;113.87;175.11
3105;6;"2024-05-28";"coal";697.34;49.66;87.98
3106;2;"2023-03-25";"gas";963.34;52.07;167.62
3107;2;"2023-09-02";"gas";1355.83;93.31;210.67
3108;1;"2024-03-14";"electricity";1536.61;155.21;429.72
3109;10;"2023-05-17";"wind";27.58;0.82;0.84
3110;7;"2024-01-27";"electricity";1402.02;168.82;178.88
3111;4;"2021-05-30";"electricity";672.14;39.35;247.96
3112;9;"2023-09-14";"wind";485.0;17.19;12.61
3113;8;"2024-03-23";"gas";1940.3;100.19;868.44
3114;10;"2023-01-22";"wind";367.73;18.28;11.54
3115;5;"2021-09-08";"electricity";1320.84;84.73;555.5
3116;7;"2023-12-07";"electricity";332.57;25.62;56.6
3117;8;"2021-10-22";"gas";1118.95;109.19;129.82
3118;5;"2022-03-30";"electricity";1744.12;213.93;524.17
3119;1;"2022-09-26";"electricity";1865.49;172.76;364.35
3120;7;"2023-03-28";"electricity";1178.53;156.77;322.33
3121;1;"2024-01-11";"electricity";1823.98;177.96;684.83
3122;10;"2021-10-29";"wind";449.78;22.27;17.17
3123;5;"2023-09-27";"electricity";1167.26;73.57;371.42
3124;5;"2023-10-21";"electricity";533.72;28.11;132.95
3125;8;"2022-08-09";"gas";821.94;117.05;333.76
3126;8;"2022-12-12";"gas";857.8;116.85;294.2
3127;3;"2024-04-12";"coal";987.59;119.79;152.08
3128;6;"2024-01-27";"coal";1266.61;90.01;632.08
3129;10;"2021-11-10";"wind";479.8;11.81;11.92
3130;6;"2022-12-24";"coal";1542.56;153.47;198.2
3131;8;"2023-04-18";"gas";558.21;53.23;201.46
3132;2;"2022-01-29";"gas";708.96;87.92;284.14
3133;6;"2021-12-31";"coal";1436.41;138.56;333.91
3134;3;"2023-01-24";"coal";1428.4;160.26;218.09
3135;8;"2022-09-22";"gas";1771.97;104.49;762.16
3136;8;"2022-10-03";"gas";1942.97;111.57;368.84
3137;4;"2023-06-18";"electricity";1737.04;232.24;723.53
3138;10;"2021-08-17";"wind";54.2;2.37;2.06
3139;1;"2023-06-08";"electricity";517.69;44.77;159.28
3140;4;"2021-06-24";"electricity";1591.5;209.25;362.74
3141;3;"2021-10-20";"coal";1180.15;156.17;402.9
3142;4;"2024-04-07";"electricity";900.64;66.07;252.61
3143;9;"2024-01-20";"wind";499.66;21.43;14.01
3144;10;"2024-05-11";"wind";261.53;5.55;7.98
3145;9;"2021-11-02";"wind";181.85;6.41;6.39
3146;3;"2023-01-24";"coal";851.24;86.39;318.43
3147;7;"2023-04-03";"electricity";382.18;26.8;179.41
3148;1;"2023-10-13";"electricity";1924.58;120.07;410.9
3149;3;"2024-04-15";"coal";1530.44;174.13;439.16
3150;6;"2024-02-29";"coal";1462.59;174.68;167.65
3151;10;"2021-06-13";"wind";223.11;9.5;3.87
3152;3;"2022-08-24";"coal";1374.12;191.67;172.97
3153;4;"2021-08-27";"electricity";492.89;59.87;148.84
3154;6;"2021-09-25";"coal";703.87;60.77;265.65
3155;1;"2024-04-04";"electricity";381.69;39.69;148.51
3156;4;"2021-09-10";"electricity";1429.66;144.1;357.84
3157;6;"2021-09-18";"coal";909.8;128.42;414.66
3158;3;"2023-01-23";"coal";1542.03;153.56;381.33
3159;10;"2022-07-01";"wind";424.38;12.46;11.99
3160;7;"2022-12-23";"electricity";1740.41;97.03;465.77
3161;10;"2021-08-22";"wind";32.96;1.12;1.5
3162;9;"2022-05-20";"wind";309.46;7.65;8.25
3163;4;"2022-06-23";"electricity";621.34;61.75;139.13
3164;9;"2024-05-04";"wind";453.94;19.84;10.76
3165;7;"2023-02-28";"electricity";1192.69;120.69;511.28
3166;4;"2022-01-06";"electricity";1580.28;108.18;539.03
3167;2;"2022-08-31";"gas";1261.52;75.85;619.32
3168;7;"2023-07-14";"electricity";102.39;6.45;18.23
3169;8;"2022-06-01";"gas";145.18;14.2;68.59
3170;9;"2024-03-06";"wind";225.13;11.24;7.06
3171;5;"2024-02-01";"electricity";1702.48;224.14;739.42
3172;3;"2024-04-14";"coal";194.16;18.81;87.31
3173;1;"2024-03-20";"electricity";196.65;16.38;90.96
3174;3;"2023-09-29";"coal";123.73;16.93;57.84
3175;5;"2024-01-09";"electricity";1421.87;122.0;576.91
3176;7;"2023-08-25";"electricity";1081.81;117.14;359.23
3177;6;"2023-09-25";"coal";644.5;77.98;132.76
3178;6;"2022-02-20";"coal";742.98;50.62;200.1
3179;10;"2022-05-09";"wind";271.46;12.15;3.87
3180;7;"2022-11-03";"electricity";634.63;79.26;108.68
3181;2;"2021-08-07";"gas";1249.83;75.67;376.02
3182;7;"2021-12-14";"electricity";1975.01;201.34;972.3
3183;4;"2022-07-03";"electricity";1839.54;145.39;895.57
3184;9;"2022-02-10";"wind";47.26;1.58;1.79
3185;8;"2022-01-23";"gas";1163.4;141.27;430.5
3186;3;"2021-12-30";"coal";406.49;42.77;125.34
3187;4;"2021-12-05";"electricity";1619.31;237.68;376.24
3188;10;"2024-05-09";"wind";151.07;6.08;3.41
3189;2;"2022-10-09";"gas";366.31;26.11;166.12
3190;6;"2022-11-22";"coal";332.35;34.15;131.7
3191;9;"2023-10-04";"wind";497.81;18.67;19.7
3192;10;"2022-06-12";"wind";294.06;12.58;10.9
3193;5;"2021-08-13";"electricity";1323.74;167.87;138.48
3194;1;"2023-11-13";"electricity";457.76;26.79;226.78
3195;2;"2022-05-17";"gas";1544.9;177.45;472.55
3196;9;"2021-10-30";"wind";48.83;1.9;2.17
3197;7;"2024-02-01";"electricity";1586.68;124.4;690.54
3198;9;"2022-04-22";"wind";290.39;10.72;12.83
3199;8;"2023-02-13";"gas";1955.89;168.9;480.07
3200;10;"2023-07-18";"wind";167.06;7.43;5.75
3201;4;"2024-03-04";"electricity";791.66;42.2;266.04
3202;10;"2022-10-15";"wind";281.37;11.57;8.14
3203;8;"2023-04-28";"gas";131.82;7.83;21.12
3204;1;"2022-04-16";"electricity";436.59;24.91;213.11
3205;8;"2023-12-04";"gas";553.97;58.22;210.67
3206;4;"2021-09-16";"electricity";870.85;46.93;346.98
3207;4;"2023-04-13";"electricity";1155.62;70.2;526.84
3208;5;"2023-10-28";"electricity";364.5;53.65;116.72
3209;3;"2021-11-17";"coal";958.53;107.04;277.14
3210;5;"2023-09-25";"electricity";1584.42;93.29;581.61
3211;1;"2023-05-20";"electricity";868.26;118.54;380.84
3212;2;"2022-11-22";"gas";917.68;83.84;249.91
3213;8;"2022-09-10";"gas";1940.24;210.03;274.06
3214;10;"2022-08-09";"wind";450.06;19.04;19.54
3215;5;"2024-02-05";"electricity";688.31;48.52;301.37
3216;10;"2023-10-29";"wind";198.98;4.02;9.75
3217;5;"2024-04-10";"electricity";515.04;51.14;227.89
3218;9;"2022-11-29";"wind";319.45;9.02;11.21
3219;10;"2022-04-10";"wind";275.51;10.68;6.73
3220;9;"2023-11-26";"wind";227.99;8.82;4.77
3221;6;"2022-01-12";"coal";1925.15;288.63;928.51
3222;6;"2023-05-09";"coal";1154.19;99.96;117.96
3223;4;"2021-06-22";"electricity";747.8;102.13;357.9
3224;8;"2021-11-15";"gas";469.7;56.97;138.22
3225;5;"2024-01-07";"electricity";522.09;70.59;199.86
3226;1;"2022-07-26";"electricity";1772.74;204.87;856.45
3227;10;"2023-08-02";"wind";438.71;9.82;20.0
3228;9;"2022-02-01";"wind";32.11;1.44;1.58
3229;3;"2021-12-03";"coal";971.98;61.48;133.1
3230;1;"2024-05-01";"electricity";725.94;47.09;255.61
3231;7;"2023-06-06";"electricity";1967.83;285.2;357.21
3232;4;"2022-10-04";"electricity";902.55;87.23;435.07
3233;10;"2021-07-01";"wind";319.82;13.48;4.38
3234;8;"2023-02-18";"gas";1164.16;157.49;163.77
3235;9;"2023-04-19";"wind";325.42;16.21;14.0
3236;8;"2022-11-18";"gas";1988.32;118.18;715.64
3237;4;"2023-07-10";"electricity";608.96;49.46;252.24
3238;10;"2023-11-30";"wind";305.16;9.97;6.63
3239;6;"2022-11-07";"coal";1602.94;184.81;214.2
3240;4;"2021-08-31";"electricity";643.34;41.85;72.13
3241;1;"2023-03-23";"electricity";1242.87;100.13;265.47
3242;1;"2024-01-18";"electricity";1312.96;152.43;565.26
3243;7;"2024-01-07";"electricity";1763.83;194.78;372.95
3244;8;"2023-09-19";"gas";255.19;30.77;51.77
3245;1;"2021-08-14";"electricity";1493.43;177.42;664.63
3246;8;"2022-01-29";"gas";1185.77;148.91;192.42
3247;9;"2022-09-21";"wind";43.13;1.92;2.09
3248;1;"2022-09-28";"electricity";439.28;24.88;195.7
3249;2;"2024-03-16";"gas";1040.9;91.11;377.34
3250;7;"2022-06-01";"electricity";755.26;55.63;314.78
3251;10;"2023-02-17";"wind";38.8;1.03;0.7
3252;6;"2024-01-27";"coal";818.77;65.6;195.26
3253;4;"2023-02-11";"electricity";690.28;45.35;315.6
3254;6;"2023-05-15";"coal";125.72;15.84;37.12
3255;7;"2022-03-17";"electricity";665.24;83.61;69.08
3256;4;"2023-04-08";"electricity";1778.26;151.25;221.17
3257;1;"2024-04-23";"electricity";1984.63;171.99;506.47
3258;7;"2021-09-03";"electricity";1313.86;177.41;289.14
3259;8;"2021-09-05";"gas";345.9;22.89;163.88
3260;5;"2021-06-08";"electricity";765.89;69.57;301.33
3261;6;"2023-06-04";"coal";891.78;62.63;144.5
3262;6;"2023-08-01";"coal";223.35;27.12;51.67
3263;8;"2022-07-01";"gas";1147.28;102.45;436.06
3264;9;"2021-12-11";"wind";103.39;3.04;1.22
3265;10;"2023-11-17";"wind";83.7;3.28;2.38
3266;10;"2021-06-05";"wind";439.98;19.86;12.14
3267;2;"2022-02-05";"gas";1336.27;159.09;243.83
3268;10;"2022-10-09";"wind";277.22;12.62;10.38
3269;5;"2021-10-27";"electricity";374.73;41.52;77.21
3270;10;"2024-01-31";"wind";70.34;3.05;2.98
3271;10;"2021-09-20";"wind";429.74;8.85;17.26
3272;9;"2023-08-27";"wind";401.5;13.04;7.52
3273;7;"2023-11-13";"electricity";1057.59;141.27;376.82
3274;10;"2021-10-23";"wind";199.37;5.88;7.16
3275;8;"2024-05-09";"gas";1254.45;124.51;486.45
3276;6;"2022-06-29";"coal";1928.31;131.72;738.9
3277;5;"2022-05-23";"electricity";905.1;57.89;224.88
3278;10;"2023-08-13";"wind";211.57;9.83;2.58
3279;2;"2022-11-02";"gas";1648.35;105.51;596.02
3280;2;"2023-04-18";"gas";932.15;85.35;119.41
3281;7;"2022-04-17";"electricity";1704.91;218.52;469.74
3282;5;"2022-03-04";"electricity";1415.75;79.41;550.67
3283;5;"2021-08-18";"electricity";733.07;40.11;100.11
3284;8;"2021-07-04";"gas";743.12;69.78;270.56
3285;10;"2022-10-12";"wind";416.79;15.91;20.53
3286;10;"2022-05-28";"wind";154.3;6.97;3.89
3287;7;"2023-02-21";"electricity";1329.98;134.11;275.46
3288;1;"2023-12-12";"electricity";117.82;7.71;38.23
3289;3;"2023-08-21";"coal";443.54;62.82;196.78
3290;8;"2024-04-04";"gas";1390.38;75.78;494.59
3291;2;"2024-01-23";"gas";275.07;22.47;107.96
3292;9;"2021-06-23";"wind";224.35;5.9;7.45
3293;5;"2022-12-08";"electricity";1016.4;114.37;314.45
3294;3;"2021-06-24";"coal";187.96;19.99;32.65
3295;6;"2022-04-26";"coal";547.57;66.26;164.88
3296;10;"2023-10-30";"wind";11.27;0.43;0.27
3297;1;"2023-08-18";"electricity";1097.94;68.18;200.3
3298;4;"2022-01-18";"electricity";1546.61;158.69;211.34
3299;7;"2022-10-13";"electricity";328.03;45.82;47.22
3300;7;"2021-09-10";"electricity";593.87;52.07;101.32
3301;8;"2022-04-08";"gas";1757.07;112.02;348.72
3302;8;"2022-07-20";"gas";1777.89;164.38;366.0
3303;2;"2021-06-19";"gas";308.74;29.82;55.35
3304;3;"2024-04-29";"coal";617.38;70.16;100.86
3305;8;"2023-09-20";"gas";1402.71;187.52;466.31
3306;1;"2022-05-06";"electricity";186.2;10.54;38.38
3307;5;"2022-10-12";"electricity";1933.78;163.76;504.01
3308;9;"2023-07-01";"wind";349.11;16.97;15.71
3309;10;"2022-07-18";"wind";423.62;20.28;17.88
3310;8;"2022-10-31";"gas";735.17;88.02;199.4
3311;3;"2022-02-21";"coal";238.35;19.31;68.22
3312;10;"2023-02-06";"wind";449.65;12.2;14.37
3313;6;"2021-11-12";"coal";901.35;78.58;325.63
3314;7;"2024-01-31";"electricity";513.06;49.28;244.2
3315;5;"2021-07-04";"electricity";351.3;20.18;39.02
3316;2;"2023-02-22";"gas";958.06;134.98;155.03
3317;1;"2021-06-04";"electricity";1120.77;154.18;530.67
3318;5;"2023-11-02";"electricity";1411.08;153.62;303.43
3319;10;"2024-03-23";"wind";78.95;3.02;2.0
3320;2;"2022-05-23";"gas";620.53;39.36;111.96
3321;10;"2023-02-27";"wind";318.69;15.75;6.94
3322;10;"2023-03-07";"wind";214.69;6.33;7.67
3323;7;"2023-06-20";"electricity";579.59;71.94;210.71
3324;1;"2022-05-05";"electricity";672.06;73.97;85.99
3325;9;"2022-01-08";"wind";189.12;4.85;5.39
3326;1;"2023-10-07";"electricity";1731.45;105.25;298.57
3327;7;"2022-04-08";"electricity";1285.88;147.57;345.04
3328;4;"2024-03-30";"electricity";1101.83;164.9;422.79
3329;1;"2022-12-01";"electricity";1395.1;189.45;409.63
3330;3;"2022-06-04";"coal";1439.54;81.84;322.83
3331;5;"2024-04-25";"electricity";1623.25;180.6;260.23
3332;5;"2022-01-16";"electricity";1304.56;90.0;377.47
3333;6;"2022-09-07";"coal";802.76;109.57;158.41
3334;9;"2023-02-27";"wind";142.93;4.26;7.06
3335;2;"2023-01-01";"gas";955.02;111.48;242.77
3336;6;"2022-05-17";"coal";1096.38;134.78;163.51
3337;7;"2021-06-12";"electricity";938.06;54.06;138.7
3338;10;"2022-12-22";"wind";112.68;2.95;5.16
3339;4;"2021-09-24";"electricity";629.46;40.7;202.64
3340;3;"2022-08-09";"coal";987.97;82.21;356.98
3341;5;"2021-10-21";"electricity";1660.15;192.33;319.96
3342;6;"2021-07-30";"coal";1646.12;182.96;359.72
3343;9;"2021-11-30";"wind";459.3;11.57;14.49
3344;1;"2022-05-26";"electricity";542.51;76.14;67.37
3345;10;"2023-11-21";"wind";129.96;5.39;5.92
3346;10;"2022-08-02";"wind";305.52;9.74;13.89
3347;7;"2023-09-25";"electricity";320.66;33.42;143.9
3348;6;"2022-02-14";"coal";1086.21;149.96;185.05
3349;9;"2023-07-21";"wind";356.51;10.07;5.26
3350;10;"2022-09-24";"wind";267.9;7.76;5.88
3351;4;"2022-08-18";"electricity";604.85;83.14;228.14
3352;8;"2022-05-29";"gas";649.58;33.5;149.66
3353;2;"2021-11-02";"gas";611.35;35.34;70.22
3354;10;"2024-04-09";"wind";457.18;12.98;13.22
3355;7;"2023-06-19";"electricity";335.92;20.76;160.25
3356;5;"2024-02-11";"electricity";816.0;88.85;393.95
3357;1;"2022-04-30";"electricity";412.4;51.14;53.75
3358;5;"2023-04-01";"electricity";949.3;138.61;338.47
3359;10;"2024-02-14";"wind";188.19;7.54;7.41
3360;4;"2022-10-31";"electricity";1798.87;145.1;451.01
3361;8;"2023-09-02";"gas";1987.28;244.4;938.13
3362;2;"2023-08-15";"gas";1971.01;207.47;299.85
3363;2;"2023-11-14";"gas";868.41;111.61;278.62
3364;1;"2023-10-22";"electricity";621.14;50.83;193.22
3365;7;"2021-09-02";"electricity";747.68;91.6;312.93
3366;10;"2022-01-02";"wind";481.82;16.36;11.46
3367;9;"2021-10-26";"wind";447.45;12.49;15.66
3368;1;"2024-01-01";"electricity";1625.88;180.2;191.06
3369;8;"2023-06-28";"gas";1209.3;105.52;574.29
3370;8;"2023-10-11";"gas";422.38;41.83;88.03
3371;8;"2023-10-17";"gas";1879.0;145.64;224.41
3372;1;"2022-10-05";"electricity";402.08;38.47;196.81
3373;4;"2021-07-02";"electricity";855.93;79.57;405.74
3374;1;"2023-07-03";"electricity";1911.79;132.43;800.48
3375;5;"2023-06-21";"electricity";255.58;29.25;111.87
3376;1;"2022-05-28";"electricity";1814.45;194.06;711.16
3377;9;"2022-10-01";"wind";458.11;12.36;7.2
3378;7;"2024-04-13";"electricity";1052.6;91.93;337.55
3379;4;"2024-04-13";"electricity";797.46;57.94;381.74
3380;9;"2021-08-14";"wind";184.66;4.15;5.77
3381;3;"2024-01-07";"coal";1467.08;98.96;535.51
3382;5;"2022-05-11";"electricity";699.4;46.32;198.46
3383;5;"2022-09-29";"electricity";976.2;106.81;372.16
3384;4;"2023-08-29";"electricity";1241.76;71.97;185.98
3385;6;"2022-02-03";"coal";1646.73;89.71;399.33
3386;4;"2021-06-13";"electricity";1339.86;146.7;237.21
3387;4;"2023-06-02";"electricity";1029.75;150.88;415.46
3388;9;"2021-12-11";"wind";306.6;15.21;7.67
3389;1;"2022-11-11";"electricity";1331.76;94.42;665.23
3390;3;"2024-02-25";"coal";622.14;40.1;250.22
3391;8;"2023-02-08";"gas";516.93;66.29;72.41
3392;6;"2022-06-03";"coal";1274.14;189.01;551.82
3393;4;"2023-10-10";"electricity";214.04;29.43;64.51
3394;8;"2023-01-11";"gas";1011.8;137.19;154.5
3395;4;"2022-04-28";"electricity";1865.99;250.17;393.93
3396;7;"2023-06-22";"electricity";632.17;38.97;311.46
3397;1;"2022-07-14";"electricity";1982.67;261.51;503.11
3398;9;"2023-12-18";"wind";202.82;7.07;8.18
3399;5;"2022-10-12";"electricity";460.67;42.39;213.37
3400;6;"2022-03-08";"coal";1535.13;88.64;500.26
3401;7;"2024-01-22";"electricity";145.37;14.53;54.19
3402;1;"2022-07-31";"electricity";1599.22;130.4;668.38
3403;2;"2022-07-10";"gas";1802.76;147.35;695.79
3404;7;"2022-06-07";"electricity";1952.86;266.51;200.62
3405;9;"2022-04-06";"wind";206.53;4.86;7.11
3406;4;"2023-07-15";"electricity";821.41;83.08;261.07
3407;5;"2022-12-01";"electricity";866.82;43.5;334.72
3408;8;"2023-03-05";"gas";1560.63;88.22;694.04
3409;2;"2024-01-22";"gas";1122.6;112.44;409.66
3410;2;"2022-07-17";"gas";131.58;15.79;35.11
3411;2;"2023-09-07";"gas";404.44;60.05;128.92
3412;9;"2022-03-27";"wind";91.13;2.42;2.94
3413;6;"2022-11-06";"coal";772.06;84.12;366.51
3414;4;"2021-09-21";"electricity";628.89;78.34;148.74
3415;7;"2023-04-13";"electricity";739.76;89.33;121.74
3416;8;"2022-07-30";"gas";1479.44;162.84;736.86
3417;10;"2021-08-20";"wind";481.32;21.24;17.84
3418;3;"2022-09-04";"coal";934.64;110.48;272.12
3419;8;"2021-09-03";"gas";455.84;25.77;197.51
3420;3;"2023-11-21";"coal";214.09;19.79;86.58
3421;6;"2022-11-13";"coal";1828.92;123.88;888.11
3422;5;"2023-04-23";"electricity";1532.65;116.28;582.82
3423;7;"2021-12-20";"electricity";789.66;85.29;134.94
3424;9;"2022-08-29";"wind";106.16;3.82;1.48
3425;7;"2021-11-09";"electricity";245.87;33.99;81.81
3426;8;"2021-10-27";"gas";1867.01;235.24;888.42
3427;4;"2023-05-30";"electricity";1280.15;171.97;520.03
3428;1;"2024-03-22";"electricity";1569.74;212.61;457.58
3429;4;"2022-11-01";"electricity";1980.2;113.42;976.26
3430;10;"2023-08-19";"wind";32.22;1.2;1.2
3431;4;"2022-03-23";"electricity";529.47;47.31;211.83
3432;6;"2023-02-26";"coal";1492.96;148.8;520.16
3433;2;"2022-12-15";"gas";1296.93;157.56;162.89
3434;3;"2021-11-13";"coal";627.69;67.53;130.07
3435;4;"2022-09-08";"electricity";1410.1;148.41;320.26
3436;4;"2024-01-07";"electricity";891.16;70.26;438.61
3437;3;"2021-09-25";"coal";255.68;33.34;63.2
3438;1;"2024-04-16";"electricity";363.93;39.18;122.46
3439;3;"2021-12-28";"coal";1437.19;181.82;393.37
3440;5;"2023-06-12";"electricity";1497.62;167.38;390.3
3441;5;"2022-11-25";"electricity";1910.42;244.97;698.58
3442;4;"2022-03-19";"electricity";1786.34;154.02;852.34
3443;3;"2022-08-30";"coal";1567.39;193.06;632.8
3444;1;"2024-03-15";"electricity";1360.22;100.77;199.9
3445;5;"2024-03-07";"electricity";635.86;80.79;111.34
3446;5;"2022-11-27";"electricity";1166.77;137.71;330.04
3447;1;"2023-10-04";"electricity";196.1;18.63;47.61
3448;2;"2023-10-16";"gas";1470.12;218.45;694.09
3449;3;"2023-10-21";"coal";1200.39;65.71;491.67
3450;3;"2022-06-13";"coal";1203.44;113.64;209.99
3451;4;"2023-08-16";"electricity";1658.02;145.47;408.36
3452;2;"2024-04-16";"gas";1263.25;150.91;302.86
3453;5;"2022-09-20";"electricity";1285.22;187.29;207.67
3454;3;"2021-08-15";"coal";1266.84;129.14;416.51
3455;3;"2023-01-13";"coal";1884.07;131.57;762.02
3456;9;"2021-08-24";"wind";298.48;6.7;6.0
3457;9;"2023-09-13";"wind";433.6;19.55;5.19
3458;1;"2023-09-11";"electricity";730.98;54.95;298.78
3459;8;"2023-09-08";"gas";339.51;39.65;36.27
3460;3;"2023-04-05";"coal";1039.38;78.3;294.29
3461;7;"2023-01-23";"electricity";404.69;53.47;54.64
3462;4;"2022-12-01";"electricity";1513.72;144.0;647.07
3463;5;"2023-03-19";"electricity";1448.64;145.89;513.59
3464;2;"2024-01-09";"gas";1190.35;75.02;185.1
3465;5;"2021-08-24";"electricity";1979.99;286.02;545.33
3466;5;"2023-09-04";"electricity";937.92;137.19;150.83
3467;3;"2024-05-09";"coal";1147.07;118.81;442.37
3468;8;"2021-05-30";"gas";1687.3;224.1;801.62
3469;10;"2021-10-07";"wind";274.26;9.25;9.09
3470;3;"2022-11-21";"coal";1127.76;106.25;374.15
3471;10;"2021-10-13";"wind";439.48;19.28;7.39
3472;7;"2023-04-23";"electricity";1079.91;67.09;533.35
3473;1;"2023-03-21";"electricity";1313.46;88.23;525.93
3474;7;"2023-09-30";"electricity";343.85;33.43;67.21
3475;3;"2022-09-14";"coal";1129.61;89.53;553.72
3476;10;"2023-01-19";"wind";84.52;2.55;4.12
3477;9;"2021-12-15";"wind";357.32;10.67;13.21
3478;5;"2023-12-04";"electricity";1056.18;140.67;382.89
3479;10;"2022-06-16";"wind";310.64;7.03;13.4
3480;1;"2024-03-20";"electricity";136.06;16.27;33.84
3481;5;"2022-10-19";"electricity";1660.75;100.87;510.79
3482;8;"2022-05-24";"gas";619.89;49.93;123.87
3483;10;"2021-08-25";"wind";173.44;4.9;2.53
3484;9;"2022-02-08";"wind";458.77;21.95;17.73
3485;7;"2023-03-06";"electricity";698.98;87.12;323.13
3486;5;"2021-07-10";"electricity";919.07;102.12;268.12
3487;1;"2022-02-18";"electricity";1246.26;168.35;256.34
3488;7;"2024-01-06";"electricity";1823.73;222.3;819.74
3489;3;"2022-02-20";"coal";537.16;79.2;205.79
3490;8;"2022-02-04";"gas";443.34;47.66;218.71
3491;1;"2023-04-27";"electricity";589.73;71.05;185.91
3492;9;"2023-02-20";"wind";461.79;13.69;14.88
3493;10;"2024-01-04";"wind";244.02;10.68;6.32
3494;6;"2022-08-11";"coal";1246.7;74.33;610.15
3495;4;"2022-07-26";"electricity";1871.25;188.6;269.66
3496;10;"2021-12-31";"wind";261.49;12.15;3.41
3497;5;"2023-01-18";"electricity";834.97;56.94;284.34
3498;1;"2024-01-19";"electricity";1828.39;238.4;403.69
3499;1;"2022-08-05";"electricity";1960.77;117.03;405.77
3500;1;"2021-09-28";"electricity";579.97;66.02;222.56
3501;6;"2023-09-19";"coal";245.66;20.69;102.98
3502;3;"2023-07-26";"coal";1196.64;110.45;378.22
3503;4;"2022-06-25";"electricity";439.61;30.99;171.94
3504;2;"2022-02-06";"gas";1180.62;150.75;452.99
3505;3;"2022-11-25";"coal";1578.48;176.54;457.71
3506;5;"2022-10-26";"electricity";312.85;39.49;77.49
3507;4;"2023-06-04";"electricity";146.64;19.52;70.98
3508;8;"2022-09-07";"gas";1469.55;138.99;254.17
3509;1;"2024-02-03";"electricity";879.8;129.21;127.78
3510;7;"2024-04-07";"electricity";130.91;15.53;35.21
3511;10;"2023-03-12";"wind";127.69;6.25;3.84
3512;2;"2021-09-07";"gas";251.76;14.82;94.76
3513;1;"2022-11-10";"electricity";762.41;75.23;363.76
3514;6;"2023-03-04";"coal";116.59;9.56;20.18
3515;8;"2023-04-18";"gas";1915.15;256.78;285.62
3516;4;"2023-08-11";"electricity";1700.43;141.13;241.54
3517;5;"2021-08-12";"electricity";303.39;34.79;122.44
3518;1;"2024-05-12";"electricity";1626.16;234.3;319.23
3519;4;"2023-12-29";"electricity";1830.25;156.78;742.35
3520;3;"2021-09-18";"coal";1262.98;132.58;531.44
3521;1;"2022-12-02";"electricity";1558.48;126.55;358.28
3522;9;"2021-06-12";"wind";138.36;5.05;4.11
3523;9;"2021-10-15";"wind";66.96;3.2;1.93
3524;9;"2021-10-19";"wind";352.22;11.28;17.53
3525;9;"2022-08-30";"wind";123.25;3.42;2.41
3526;6;"2023-07-28";"coal";1771.06;216.31;197.8
3527;6;"2022-06-02";"coal";704.54;51.78;128.72
3528;10;"2022-11-21";"wind";442.89;19.33;12.12
3529;3;"2021-12-17";"coal";909.2;133.85;434.0
3530;10;"2021-11-09";"wind";111.03;2.35;2.66
3531;8;"2021-06-22";"gas";1020.61;87.01;192.7
3532;1;"2023-05-17";"electricity";1539.66;178.89;242.44
3533;4;"2022-12-28";"electricity";430.97;41.32;140.11
3534;9;"2022-08-20";"wind";149.2;6.71;1.63
3535;8;"2021-08-31";"gas";989.39;120.14;294.97
3536;7;"2023-05-21";"electricity";1590.55;236.27;332.84
3537;1;"2024-05-17";"electricity";1521.28;216.02;675.74
3538;4;"2023-04-15";"electricity";1956.29;268.12;882.12
3539;8;"2021-11-18";"gas";1769.39;261.68;362.03
3540;2;"2021-09-29";"gas";1741.75;127.56;211.54
3541;2;"2024-02-01";"gas";1273.12;125.67;504.59
3542;8;"2023-05-19";"gas";312.63;44.5;32.33
3543;5;"2021-12-19";"electricity";1662.86;234.5;734.77
3544;5;"2021-09-25";"electricity";1327.02;164.13;396.95
3545;2;"2023-07-04";"gas";386.6;38.93;122.09
3546;5;"2022-06-21";"electricity";728.51;83.21;242.92
3547;5;"2023-09-11";"electricity";1075.43;152.9;348.76
3548;9;"2024-03-20";"wind";353.64;17.64;14.05
3549;6;"2024-05-09";"coal";1653.68;167.82;248.62
3550;10;"2021-08-03";"wind";261.53;12.13;11.05
3551;6;"2023-10-05";"coal";1406.49;91.49;538.7
3552;7;"2021-06-14";"electricity";633.99;48.04;155.65
3553;9;"2023-09-16";"wind";107.7;2.54;2.94
3554;5;"2024-02-29";"electricity";1018.83;107.05;337.82
3555;9;"2024-05-06";"wind";183.45;8.96;6.36
3556;6;"2021-07-02";"coal";1672.11;237.11;624.98
3557;5;"2024-04-22";"electricity";1815.58;189.9;204.35
3558;2;"2023-12-26";"gas";1379.03;72.05;648.86
3559;10;"2022-01-27";"wind";156.62;3.95;7.7
3560;2;"2022-10-25";"gas";1337.98;147.1;376.31
3561;3;"2022-02-25";"coal";1624.37;113.48;180.07
3562;5;"2023-01-07";"electricity";1942.43;172.19;745.97
3563;4;"2022-06-18";"electricity";876.77;65.25;348.76
3564;1;"2022-10-15";"electricity";630.59;52.84;168.0
3565;4;"2023-06-08";"electricity";988.75;71.37;207.28
3566;6;"2024-03-09";"coal";275.08;26.86;123.84
3567;5;"2022-07-22";"electricity";661.41;47.22;66.74
3568;4;"2021-12-11";"electricity";759.77;87.72;336.68
3569;10;"2022-07-13";"wind";497.81;18.1;10.47
3570;8;"2023-04-16";"gas";1791.97;198.97;688.1
3571;5;"2022-08-25";"electricity";1847.91;157.82;349.42
3572;4;"2021-07-24";"electricity";1495.29;127.21;205.18
3573;9;"2024-03-10";"wind";444.22;13.99;21.15
3574;1;"2024-03-09";"electricity";1217.96;113.53;276.0
3575;3;"2022-01-15";"coal";1360.76;176.94;489.07
3576;5;"2024-05-10";"electricity";312.73;21.8;153.43
3577;9;"2024-02-02";"wind";210.68;9.57;2.48
3578;4;"2024-03-25";"electricity";176.88;12.54;71.37
3579;10;"2023-09-18";"wind";215.79;8.86;4.15
3580;7;"2023-08-18";"electricity";417.98;27.55;129.35
3581;6;"2023-10-14";"coal";1145.94;87.76;210.84
3582;4;"2023-04-05";"electricity";1761.04;92.29;787.43
3583;9;"2024-05-09";"wind";452.86;13.53;16.9
3584;1;"2022-07-26";"electricity";280.14;38.4;95.77
3585;4;"2022-03-13";"electricity";1988.89;292.16;571.74
3586;2;"2023-10-10";"gas";619.19;54.81;223.39
3587;8;"2022-03-31";"gas";1230.37;135.5;507.81
3588;1;"2022-06-17";"electricity";476.35;57.08;152.57
3589;6;"2024-03-10";"coal";529.41;40.94;125.85
3590;4;"2023-05-31";"electricity";1546.32;218.49;724.0
3591;5;"2023-03-04";"electricity";1487.2;82.69;351.73
3592;5;"2023-05-18";"electricity";1966.71;255.61;771.68
3593;4;"2023-05-30";"electricity";1797.61;234.36;386.81
3594;9;"2022-12-17";"wind";448.3;12.24;8.04
3595;1;"2022-12-21";"electricity";769.15;53.32;260.0
3596;8;"2023-06-28";"gas";1476.83;217.25;598.99
3597;8;"2021-09-26";"gas";1052.63;129.34;210.5
3598;7;"2023-12-09";"electricity";289.15;14.83;119.14
3599;3;"2024-03-05";"coal";1555.4;198.06;350.91
3600;5;"2023-12-07";"electricity";1487.3;108.72;540.7
3601;2;"2023-02-26";"gas";1092.17;105.69;259.29
3602;8;"2022-06-25";"gas";1284.98;72.29;137.61
3603;7;"2024-01-16";"electricity";205.38;26.1;28.5
3604;1;"2024-01-02";"electricity";1917.67;205.3;497.74
3605;5;"2023-11-21";"electricity";157.16;15.51;36.99
3606;9;"2023-09-09";"wind";351.17;8.44;8.09
3607;2;"2022-11-25";"gas";1095.38;152.16;373.14
3608;4;"2022-12-10";"electricity";169.94;11.98;59.49
3609;7;"2024-03-22";"electricity";1985.31;262.45;703.1
3610;9;"2023-09-01";"wind";70.55;2.25;2.05
3611;2;"2023-01-23";"gas";1336.49;164.85;481.26
3612;8;"2023-05-28";"gas";185.6;20.24;45.11
3613;6;"2024-04-05";"coal";1259.21;125.99;511.59
3614;10;"2021-09-30";"wind";48.08;2.0;1.02
3615;9;"2023-08-07";"wind";423.1;17.87;12.03
3616;4;"2021-11-11";"electricity";1438.66;163.37;694.83
3617;10;"2022-07-07";"wind";199.26;5.23;6.02
3618;2;"2023-04-03";"gas";1642.3;168.83;338.34
3619;5;"2022-03-08";"electricity";1304.32;185.14;303.08
3620;8;"2022-05-14";"gas";467.62;38.23;157.86
3621;3;"2023-05-09";"coal";966.91;74.54;154.19
3622;9;"2023-02-09";"wind";475.71;13.51;5.38
3623;7;"2023-05-07";"electricity";866.35;100.16;411.54
3624;8;"2022-01-09";"gas";279.01;38.14;101.61
3625;6;"2022-12-23";"coal";606.84;56.6;91.63
3626;8;"2023-03-16";"gas";449.15;42.16;222.14
3627;10;"2022-10-09";"wind";491.74;19.72;6.86
3628;7;"2021-12-16";"electricity";1910.98;112.59;430.11
3629;6;"2023-05-13";"coal";191.67;16.1;78.18
3630;9;"2023-09-17";"wind";318.9;13.81;15.75
3631;4;"2022-11-05";"electricity";656.41;53.08;137.2
3632;3;"2022-08-18";"coal";1646.45;119.11;619.66
3633;2;"2021-09-12";"gas";1936.77;241.67;565.69
3634;3;"2022-09-18";"coal";577.98;53.22;195.49
3635;4;"2024-04-03";"electricity";434.92;23.22;132.96
3636;9;"2024-04-08";"wind";400.41;9.62;16.98
3637;7;"2023-12-17";"electricity";435.4;37.91;159.41
3638;2;"2021-07-12";"gas";1278.87;91.48;302.98
3639;9;"2024-04-23";"wind";99.12;3.79;2.17
3640;10;"2021-11-21";"wind";239.23;10.54;3.21
3641;1;"2022-12-25";"electricity";1863.11;220.33;288.64
3642;1;"2022-08-05";"electricity";362.83;33.68;104.18
3643;8;"2022-04-02";"gas";834.08;47.67;307.29
3644;2;"2022-04-23";"gas";1604.51;104.6;651.31
3645;10;"2023-02-16";"wind";174.13;8.15;6.45
3646;8;"2022-08-17";"gas";1714.47;228.29;341.59
3647;10;"2022-07-17";"wind";485.3;21.12;19.35
3648;6;"2023-05-23";"coal";764.66;42.21;142.71
3649;1;"2024-03-24";"electricity";1529.41;176.99;731.51
3650;3;"2021-09-10";"coal";882.66;47.06;175.28
3651;7;"2022-07-10";"electricity";384.96;29.1;169.5
3652;1;"2022-10-10";"electricity";1365.13;68.92;523.13
3653;10;"2022-08-26";"wind";427.64;20.38;17.4
3654;1;"2023-04-19";"electricity";695.05;102.1;157.87
3655;3;"2024-04-16";"coal";168.63;12.38;31.43
3656;5;"2023-10-25";"electricity";205.08;18.52;33.03
3657;4;"2021-07-22";"electricity";1515.84;121.66;201.89
3658;4;"2023-09-22";"electricity";715.34;61.51;118.21
3659;8;"2023-11-20";"gas";1818.59;159.72;775.38
3660;10;"2024-01-12";"wind";120.27;5.2;5.96
3661;5;"2024-02-08";"electricity";1477.27;138.65;251.33
3662;10;"2022-03-20";"wind";215.15;7.84;10.28
3663;7;"2022-12-18";"electricity";1415.12;187.86;221.03
3664;8;"2023-09-13";"gas";155.72;17.44;69.39
3665;4;"2022-10-23";"electricity";1568.07;164.76;624.31
3666;10;"2022-08-07";"wind";198.68;7.59;5.49
3667;1;"2023-11-18";"electricity";1977.27;232.37;947.52
3668;9;"2023-11-16";"wind";128.22;6.2;2.58
3669;7;"2024-02-27";"electricity";698.57;96.55;303.51
3670;2;"2021-07-22";"gas";356.13;23.95;173.2
3671;10;"2022-02-01";"wind";108.9;3.89;4.05
3672;8;"2022-06-11";"gas";434.99;26.49;68.58
3673;5;"2021-11-28";"electricity";1449.68;196.22;635.75
3674;2;"2022-08-25";"gas";1076.61;129.54;286.36
3675;4;"2022-09-16";"electricity";1263.45;82.93;345.3
3676;4;"2021-09-24";"electricity";105.91;11.37;21.17
3677;6;"2023-09-06";"coal";411.4;60.71;148.27
3678;2;"2023-09-23";"gas";1356.52;105.08;522.34
3679;8;"2023-12-11";"gas";745.06;49.68;365.86
3680;3;"2022-03-22";"coal";1719.3;249.91;265.2
3681;9;"2022-02-18";"wind";271.81;9.56;10.73
3682;9;"2024-02-22";"wind";153.09;3.62;5.71
3683;5;"2021-06-19";"electricity";1973.13;199.85;687.2
3684;9;"2021-05-30";"wind";279.23;9.96;6.33
3685;1;"2022-06-02";"electricity";290.87;33.63;85.18
3686;5;"2022-07-07";"electricity";1548.03;145.99;716.04
3687;4;"2021-08-30";"electricity";1126.48;80.18;249.37
3688;3;"2023-03-18";"coal";273.54;39.13;63.21
3689;3;"2024-03-18";"coal";1450.02;136.21;683.12
3690;3;"2024-04-27";"coal";170.15;21.11;79.25
3691;6;"2022-06-28";"coal";482.64;30.43;208.37
3692;2;"2021-06-06";"gas";1137.9;77.47;317.15
3693;2;"2022-01-14";"gas";1529.71;199.24;366.18
3694;8;"2023-06-16";"gas";835.5;114.08;376.87
3695;4;"2022-05-24";"electricity";549.62;76.59;246.15
3696;4;"2021-11-16";"electricity";992.04;142.18;396.5
3697;5;"2022-04-28";"electricity";1483.04;144.59;298.59
3698;8;"2021-12-02";"gas";777.61;74.3;208.0
3699;4;"2024-05-20";"electricity";1796.84;220.52;306.57
3700;7;"2022-09-02";"electricity";1725.92;243.18;399.41
3701;5;"2023-12-18";"electricity";531.05;60.79;124.54
3702;3;"2024-02-03";"coal";1073.84;63.94;262.78
3703;3;"2021-10-08";"coal";1940.75;120.56;678.0
3704;7;"2024-01-15";"electricity";1376.36;177.13;224.11
3705;3;"2023-11-18";"coal";708.25;36.2;145.77
3706;10;"2021-10-22";"wind";414.83;11.24;8.54
3707;6;"2023-12-21";"coal";1298.15;163.84;211.6
3708;6;"2022-10-27";"coal";1315.53;86.35;279.9
3709;4;"2023-03-12";"electricity";872.4;124.84;339.59
3710;10;"2023-02-24";"wind";269.25;8.88;2.72
3711;7;"2024-03-26";"electricity";708.71;87.25;198.15
3712;2;"2023-02-03";"gas";1785.43;176.19;286.65
3713;7;"2022-12-01";"electricity";977.65;77.51;163.99
3714;7;"2021-11-28";"electricity";1903.58;201.47;564.65
3715;4;"2023-09-23";"electricity";1560.32;186.77;284.1
3716;4;"2024-05-23";"electricity";1879.68;151.25;484.15
3717;2;"2023-12-20";"gas";113.94;10.67;39.82
3718;5;"2022-05-02";"electricity";1468.31;131.61;606.49
3719;8;"2021-07-29";"gas";1948.92;288.07;606.73
3720;5;"2022-10-14";"electricity";286.38;42.04;129.89
3721;1;"2021-09-02";"electricity";1904.86;217.16;943.4
3722;10;"2023-10-13";"wind";279.12;7.35;3.26
3723;2;"2021-07-19";"gas";1315.04;105.17;196.75
3724;8;"2024-04-24";"gas";279.37;15.6;101.78
3725;8;"2023-01-24";"gas";116.62;14.74;50.31
3726;3;"2022-10-16";"coal";676.55;44.25;96.13
3727;5;"2023-03-29";"electricity";1491.37;187.33;653.09
3728;8;"2021-10-24";"gas";777.96;105.7;278.29
3729;1;"2021-07-25";"electricity";1932.8;154.05;597.19
3730;1;"2024-03-12";"electricity";203.13;15.26;37.83
3731;7;"2024-01-16";"electricity";649.83;83.4;158.71
3732;1;"2021-06-06";"electricity";120.98;9.27;35.58
3733;6;"2021-07-16";"coal";1746.03;164.01;780.49
3734;5;"2021-11-04";"electricity";1399.1;207.33;483.92
3735;8;"2022-05-29";"gas";1220.14;81.13;310.97
3736;1;"2024-01-12";"electricity";1399.97;142.72;588.9
3737;1;"2022-09-07";"electricity";657.1;97.23;126.08
3738;7;"2023-08-15";"electricity";1971.91;193.89;764.45
3739;2;"2023-02-24";"gas";1050.57;58.04;197.6
3740;2;"2023-11-15";"gas";384.19;47.8;153.2
3741;1;"2021-12-19";"electricity";1748.31;106.99;288.06
3742;9;"2022-12-05";"wind";101.76;4.93;1.18
3743;2;"2022-07-10";"gas";1764.0;246.66;566.08
3744;4;"2022-12-12";"electricity";1446.52;109.05;259.57
3745;3;"2024-01-11";"coal";1484.31;101.0;411.46
3746;6;"2023-02-04";"coal";1153.17;90.52;223.74
3747;8;"2023-06-09";"gas";1552.76;159.84;358.02
3748;5;"2023-06-18";"electricity";1717.04;127.74;454.96
3749;4;"2021-06-28";"electricity";1375.24;109.43;574.75
3750;1;"2022-07-11";"electricity";710.37;94.95;291.97
3751;6;"2021-11-05";"coal";149.33;21.51;55.2
3752;8;"2023-01-19";"gas";1690.28;172.57;240.85
3753;4;"2021-11-30";"electricity";1613.76;81.38;296.51
3754;2;"2022-07-05";"gas";971.92;112.62;435.9
3755;3;"2022-07-02";"coal";1003.8;147.16;187.39
3756;3;"2024-04-05";"coal";1721.74;197.94;682.99
3757;9;"2022-08-12";"wind";65.78;2.48;0.67
3758;10;"2022-08-09";"wind";154.33;6.62;2.23
3759;4;"2021-11-05";"electricity";1483.48;149.71;489.64
3760;5;"2023-02-07";"electricity";1467.75;124.37;410.43
3761;2;"2022-07-12";"gas";1798.27;219.37;270.1
3762;8;"2021-08-23";"gas";409.69;25.3;157.8
3763;9;"2021-10-11";"wind";59.77;1.25;2.27
3764;6;"2023-11-16";"coal";1780.41;160.75;647.74
3765;5;"2023-09-16";"electricity";1606.62;122.81;240.35
3766;3;"2023-07-16";"coal";1135.16;146.79;193.9
3767;7;"2021-09-26";"electricity";1293.08;108.24;498.19
3768;6;"2023-01-09";"coal";1777.0;233.14;484.42
3769;9;"2021-05-31";"wind";483.24;15.77;19.24
3770;7;"2022-12-04";"electricity";994.91;108.9;172.25
3771;9;"2023-05-19";"wind";344.78;7.86;4.09
3772;9;"2021-09-25";"wind";253.36;9.45;6.52
3773;9;"2023-02-23";"wind";476.34;22.9;15.38
3774;2;"2023-03-19";"gas";396.97;55.07;157.95
3775;2;"2022-08-29";"gas";1598.14;189.26;402.89
3776;9;"2023-01-09";"wind";408.53;10.84;5.12
3777;9;"2024-01-03";"wind";121.14;4.45;4.92
3778;8;"2022-08-04";"gas";1061.02;131.67;242.51
3779;4;"2022-02-06";"electricity";609.61;33.69;69.95
3780;3;"2023-01-04";"coal";913.4;79.72;335.78
3781;3;"2023-07-18";"coal";1711.04;119.74;456.67
3782;3;"2023-08-18";"coal";1120.5;136.58;271.18
3783;8;"2023-04-25";"gas";1101.94;161.58;183.19
3784;3;"2024-04-15";"coal";1833.7;158.34;392.1
3785;3;"2022-05-10";"coal";625.04;60.19;287.97
3786;1;"2023-01-26";"electricity";1618.38;214.11;258.85
3787;6;"2024-01-13";"coal";854.86;45.14;129.87
3788;3;"2024-05-23";"coal";1941.73;230.86;779.04
3789;6;"2024-05-01";"coal";1951.46;250.34;618.07
3790;10;"2022-04-23";"wind";12.15;0.5;0.19
3791;10;"2022-06-30";"wind";84.63;3.63;1.88
3792;4;"2021-08-02";"electricity";1329.2;175.27;333.33
3793;2;"2023-07-14";"gas";1247.29;165.76;399.82
3794;6;"2022-03-19";"coal";1627.09;194.76;225.22
3795;8;"2022-02-25";"gas";996.29;123.15;107.79
3796;4;"2022-06-19";"electricity";1148.77;97.28;190.25
3797;6;"2024-01-23";"coal";1557.05;165.67;426.96
3798;9;"2021-12-12";"wind";153.17;5.0;4.33
3799;3;"2023-11-14";"coal";1361.25;163.45;277.14
3800;3;"2022-07-25";"coal";855.26;120.37;230.28
3801;2;"2021-07-04";"gas";1089.09;90.61;390.37
3802;7;"2022-10-17";"electricity";518.0;55.1;186.05
3803;5;"2022-02-28";"electricity";1803.63;119.83;623.85
3804;3;"2022-06-02";"coal";1603.56;130.91;762.86
3805;2;"2022-05-05";"gas";269.4;19.62;128.77
3806;6;"2023-07-03";"coal";1429.78;135.59;183.55
3807;2;"2021-12-03";"gas";887.35;93.36;96.84
3808;6;"2023-03-29";"coal";478.44;43.77;154.22
3809;8;"2022-11-24";"gas";1669.85;224.62;621.52
3810;2;"2024-03-25";"gas";1188.54;85.61;175.53
3811;4;"2024-01-28";"electricity";1236.35;178.26;541.4
3812;5;"2023-10-07";"electricity";1807.83;132.43;578.27
3813;6;"2023-03-25";"coal";802.35;58.34;297.79
3814;2;"2023-12-24";"gas";1365.8;148.81;387.8
3815;6;"2023-07-08";"coal";167.72;15.35;49.43
3816;10;"2021-07-26";"wind";99.23;4.44;3.68
3817;1;"2022-08-02";"electricity";1333.0;71.75;465.97
3818;10;"2022-04-27";"wind";86.84;3.67;3.79
3819;2;"2021-10-01";"gas";1583.5;84.67;730.36
3820;6;"2023-05-07";"coal";760.78;84.57;85.2
3821;10;"2023-04-11";"wind";352.03;14.37;9.85
3822;7;"2022-01-27";"electricity";1543.71;167.61;428.91
3823;9;"2022-08-10";"wind";316.11;11.45;10.82
3824;7;"2022-04-06";"electricity";247.73;27.24;90.28
3825;9;"2023-04-14";"wind";375.13;17.11;18.55
3826;8;"2022-08-24";"gas";1042.86;137.02;192.24
3827;5;"2021-07-01";"electricity";1428.66;196.53;509.37
3828;7;"2021-06-16";"electricity";195.91;20.89;58.11
3829;3;"2023-02-13";"coal";935.38;117.07;345.53
3830;4;"2023-11-21";"electricity";246.91;17.89;119.33
3831;2;"2022-02-10";"gas";758.84;51.85;189.72
3832;5;"2022-03-23";"electricity";416.78;39.17;109.58
3833;2;"2023-03-28";"gas";596.96;67.06;198.17
3834;1;"2022-07-18";"electricity";287.61;27.36;142.85
3835;3;"2021-09-21";"coal";224.67;25.67;49.19
3836;4;"2022-08-18";"electricity";1921.82;174.25;834.33
3837;8;"2022-08-27";"gas";105.85;11.06;28.02
3838;5;"2022-08-05";"electricity";649.18;66.74;264.83
3839;9;"2024-01-18";"wind";82.21;2.51;1.73
3840;7;"2022-04-07";"electricity";682.16;53.61;277.3
3841;4;"2022-04-24";"electricity";1470.02;181.94;375.81
3842;3;"2021-11-03";"coal";1598.68;184.34;560.92
3843;2;"2022-11-29";"gas";1597.47;188.62;199.97
3844;8;"2022-09-11";"gas";1493.49;149.11;688.92
3845;10;"2021-07-31";"wind";181.33;3.9;7.79
3846;6;"2023-03-23";"coal";879.06;95.56;414.56
3847;10;"2023-04-20";"wind";301.67;9.57;6.56
3848;3;"2021-10-13";"coal";1348.53;103.3;135.17
3849;7;"2021-12-23";"electricity";312.11;36.44;71.94
3850;8;"2023-06-13";"gas";743.24;40.38;312.8
3851;2;"2023-03-26";"gas";950.19;50.54;234.15
3852;10;"2022-01-04";"wind";293.67;13.57;6.3
3853;9;"2023-06-23";"wind";369.98;17.14;3.82
3854;4;"2022-08-06";"electricity";323.75;27.75;107.46
3855;3;"2022-01-15";"coal";998.09;82.6;484.23
3856;8;"2022-02-18";"gas";126.42;16.31;45.62
3857;8;"2024-05-18";"gas";287.48;15.76;38.23
3858;3;"2024-05-27";"coal";348.44;51.54;36.49
3859;9;"2022-10-24";"wind";32.78;0.96;0.37
3860;8;"2022-11-24";"gas";1777.52;259.32;718.87
3861;4;"2023-07-09";"electricity";1755.07;138.85;612.91
3862;1;"2023-01-08";"electricity";1346.72;109.94;384.5
3863;9;"2022-01-31";"wind";477.21;20.29;14.74
3864;10;"2022-12-04";"wind";50.72;1.19;1.85
3865;10;"2024-05-09";"wind";225.07;9.01;8.84
3866;7;"2022-11-20";"electricity";1748.58;196.21;732.49
3867;9;"2022-03-01";"wind";338.15;10.91;8.97
3868;8;"2022-12-15";"gas";948.44;61.86;301.93
3869;1;"2022-10-06";"electricity";1498.25;193.53;705.58
3870;7;"2021-10-26";"electricity";134.0;15.85;16.82
3871;10;"2021-09-19";"wind";48.43;2.26;2.17
3872;6;"2022-02-15";"coal";787.12;85.82;331.89
3873;9;"2022-06-01";"wind";257.32;5.56;10.25
3874;8;"2022-01-31";"gas";1548.79;108.89;164.48
3875;4;"2024-01-07";"electricity";1779.96;260.85;429.12
3876;1;"2022-01-01";"electricity";514.68;34.07;249.24
3877;5;"2022-02-14";"electricity";890.67;56.19;268.67
3878;10;"2021-10-29";"wind";264.13;8.83;8.29
3879;6;"2023-11-01";"coal";716.14;105.39;340.66
3880;8;"2021-12-07";"gas";1522.38;81.85;248.26
3881;10;"2023-08-28";"wind";93.91;3.71;3.04
3882;3;"2021-09-14";"coal";1138.34;152.15;200.18
3883;2;"2022-09-06";"gas";585.22;74.52;201.25
3884;10;"2021-07-06";"wind";343.4;17.17;16.63
3885;2;"2023-03-24";"gas";800.1;44.67;373.31
3886;3;"2022-07-09";"coal";1924.58;179.94;805.31
3887;3;"2022-07-06";"coal";151.51;16.1;21.68
3888;1;"2023-12-23";"electricity";1341.18;168.2;561.28
3889;5;"2024-03-12";"electricity";454.44;41.12;87.56
3890;5;"2024-03-20";"electricity";1987.0;133.52;503.86
3891;6;"2023-12-10";"coal";1452.29;213.31;664.2
3892;3;"2023-07-02";"coal";1219.85;181.09;251.38
3893;8;"2022-03-11";"gas";821.67;45.45;407.91
3894;5;"2023-12-03";"electricity";1526.04;206.73;500.77
3895;1;"2021-06-03";"electricity";217.45;28.1;66.57
3896;1;"2022-07-09";"electricity";985.38;105.28;332.7
3897;3;"2023-08-31";"coal";1734.66;112.07;659.66
3898;7;"2022-08-27";"electricity";1721.36;209.26;709.01
3899;7;"2024-05-05";"electricity";266.59;29.89;83.51
3900;2;"2024-05-04";"gas";1068.53;54.09;488.79
3901;3;"2023-04-20";"coal";1445.49;96.64;248.85
3902;7;"2022-06-18";"electricity";199.01;10.33;39.22
3903;5;"2022-01-23";"electricity";106.64;10.14;16.79
3904;6;"2023-03-16";"coal";1287.36;81.92;639.01
3905;9;"2024-03-12";"wind";57.1;2.34;0.97
3906;2;"2021-06-02";"gas";1207.97;127.35;427.71
3907;1;"2023-10-17";"electricity";981.75;54.67;278.25
3908;7;"2023-11-29";"electricity";1481.45;171.25;241.39
3909;10;"2023-12-17";"wind";127.68;3.4;5.93
3910;10;"2021-11-08";"wind";381.55;16.33;6.4
3911;5;"2024-05-22";"electricity";1152.53;143.51;212.76
3912;10;"2022-10-10";"wind";427.77;9.34;16.49
3913;3;"2023-09-14";"coal";1577.22;150.31;197.64
3914;7;"2022-12-21";"electricity";208.27;10.94;92.33
3915;10;"2021-10-11";"wind";207.74;6.3;4.24
3916;2;"2023-11-27";"gas";1846.06;253.22;901.05
3917;8;"2021-05-30";"gas";775.54;97.8;95.65
3918;3;"2022-03-03";"coal";749.2;45.25;209.37
3919;9;"2022-01-29";"wind";86.02;2.2;1.91
3920;2;"2023-07-09";"gas";1524.63;128.57;489.28
3921;4;"2021-12-31";"electricity";692.66;91.59;282.65
3922;8;"2023-04-25";"gas";1565.49;104.14;763.69
3923;10;"2022-05-12";"wind";10.98;0.27;0.46
3924;5;"2022-11-21";"electricity";1815.56;155.3;240.69
3925;10;"2022-12-27";"wind";403.13;16.23;5.49
3926;4;"2023-06-20";"electricity";1976.62;140.51;685.4
3927;10;"2022-04-30";"wind";14.94;0.68;0.25
3928;6;"2023-08-28";"coal";225.08;31.44;92.83
3929;4;"2024-05-19";"electricity";1127.62;98.6;478.5
3930;8;"2023-02-17";"gas";1138.17;62.78;248.56
3931;1;"2024-05-23";"electricity";818.19;116.46;155.36
3932;6;"2022-07-25";"coal";1616.23;88.46;502.44
3933;6;"2021-10-19";"coal";1416.11;176.77;483.83
3934;5;"2021-07-29";"electricity";1754.27;132.42;431.26
3935;6;"2022-07-03";"coal";1433.43;179.18;176.4
3936;10;"2023-01-02";"wind";213.09;7.09;2.32
3937;9;"2022-09-25";"wind";422.46;15.91;19.9
3938;2;"2023-12-21";"gas";1119.58;132.24;299.84
3939;6;"2022-10-18";"coal";775.41;108.28;361.79
3940;6;"2024-04-03";"coal";178.89;20.59;29.3
3941;6;"2024-01-08";"coal";234.43;27.86;109.91
3942;1;"2023-10-08";"electricity";1102.13;91.11;123.47
3943;8;"2023-03-01";"gas";740.64;63.44;79.63
3944;8;"2024-05-03";"gas";1477.47;106.33;349.62
3945;2;"2022-07-19";"gas";1644.27;110.19;256.22
3946;2;"2021-11-10";"gas";326.5;29.83;93.46
3947;1;"2023-02-02";"electricity";1179.2;122.32;578.72
3948;7;"2022-08-14";"electricity";1723.78;225.84;601.81
3949;4;"2023-01-30";"electricity";1521.63;184.96;490.53
3950;9;"2023-07-08";"wind";200.96;6.69;3.84
3951;1;"2023-09-04";"electricity";1168.92;99.73;360.68
3952;3;"2022-12-01";"coal";885.77;109.06;355.79
3953;2;"2023-02-14";"gas";1475.8;86.35;647.62
3954;8;"2021-07-28";"gas";389.76;32.53;121.21
3955;10;"2022-11-18";"wind";325.09;6.69;6.62
3956;4;"2023-06-12";"electricity";435.52;51.07;189.29
3957;10;"2024-05-03";"wind";429.51;19.22;8.49
3958;2;"2021-05-31";"gas";1163.09;97.85;474.59
3959;8;"2022-07-11";"gas";384.67;50.94;123.7
3960;8;"2021-07-26";"gas";234.5;25.41;43.23
3961;4;"2023-06-18";"electricity";667.73;66.34;146.53
3962;6;"2023-01-07";"coal";1075.3;138.89;211.46
3963;5;"2022-12-05";"electricity";1533.61;167.45;679.08
3964;1;"2021-06-21";"electricity";488.66;69.25;148.14
3965;9;"2023-05-17";"wind";361.27;7.81;3.71
3966;6;"2022-08-31";"coal";1212.12;62.79;440.56
3967;9;"2022-09-18";"wind";268.31;8.45;13.37
3968;1;"2021-12-29";"electricity";1271.9;121.38;393.29
3969;10;"2023-11-19";"wind";383.2;11.16;10.53
3970;7;"2022-12-28";"electricity";1120.98;109.84;552.11
3971;9;"2024-04-21";"wind";188.96;6.98;8.51
3972;3;"2023-02-27";"coal";1764.52;259.99;640.57
3973;1;"2021-10-09";"electricity";1374.27;175.54;465.52
3974;3;"2022-02-01";"coal";800.99;59.08;152.04
3975;9;"2023-09-13";"wind";375.86;17.71;4.48
3976;7;"2021-12-01";"electricity";560.7;47.9;276.45
3977;7;"2023-11-25";"electricity";1447.9;97.13;271.05
3978;5;"2023-03-13";"electricity";586.59;67.32;186.1
3979;3;"2023-02-05";"coal";1249.86;124.6;420.86
3980;9;"2023-11-30";"wind";350.82;14.14;11.58
3981;9;"2022-06-11";"wind";175.92;8.41;8.14
3982;8;"2021-06-19";"gas";283.76;15.7;53.91
3983;9;"2022-02-24";"wind";452.74;21.58;6.36
3984;5;"2021-11-12";"electricity";1921.62;252.5;773.44
3985;10;"2022-06-26";"wind";169.78;4.14;7.66
3986;7;"2024-02-23";"electricity";632.42;61.28;244.62
3987;8;"2021-10-18";"gas";239.58;22.58;84.69
3988;2;"2021-10-24";"gas";1091.32;85.88;530.31
3989;10;"2023-09-27";"wind";280.02;8.75;6.03
3990;2;"2022-08-08";"gas";1025.86;67.0;472.27
3991;1;"2023-11-09";"electricity";1933.58;141.06;707.45
3992;10;"2023-03-14";"wind";465.89;16.44;20.79
3993;3;"2023-10-11";"coal";717.12;83.46;225.39
3994;10;"2021-06-25";"wind";363.93;8.83;9.14
3995;5;"2024-03-13";"electricity";980.54;64.62;278.17
3996;6;"2021-10-12";"coal";795.16;63.63;266.07
3997;6;"2024-01-07";"coal";710.6;36.41;116.16
3998;6;"2023-10-30";"coal";711.17;84.56;160.48
3999;8;"2022-04-27";"gas";1433.61;158.25;561.05
4000;7;"2023-05-14";"electricity";1907.03;125.3;766.05
4001;7;"2022-09-05";"electricity";1098.19;116.62;324.59
4002;4;"2023-12-12";"electricity";367.82;27.73;94.16
4003;9;"2022-01-25";"wind";322.38;8.88;14.61
4004;8;"2022-12-08";"gas";1232.85;158.95;570.9
4005;9;"2024-03-28";"wind";297.98;10.29;6.05
4006;2;"2021-11-10";"gas";477.42;32.05;116.47
4007;3;"2022-10-07";"coal";193.02;21.34;33.17
4008;10;"2023-06-24";"wind";423.09;17.72;16.15
4009;9;"2022-06-06";"wind";227.41;6.45;2.55
4010;5;"2023-12-26";"electricity";1729.64;118.79;665.28
4011;2;"2024-05-23";"gas";1710.65;148.75;393.23
4012;2;"2023-07-12";"gas";1747.54;93.95;833.66
4013;7;"2023-04-26";"electricity";1576.88;156.69;400.13
4014;2;"2022-10-08";"gas";969.11;97.65;251.93
4015;2;"2022-11-28";"gas";874.43;103.03;421.31
4016;2;"2023-06-03";"gas";870.73;91.68;352.61
4017;3;"2022-04-24";"coal";1158.74;100.11;540.24
4018;8;"2021-08-22";"gas";691.94;50.25;115.94
4019;2;"2023-01-02";"gas";257.31;30.76;78.33
4020;8;"2022-10-14";"gas";1143.58;137.32;236.37
4021;3;"2021-10-26";"coal";1148.27;128.37;445.28
4022;7;"2023-12-24";"electricity";904.47;75.08;437.05
4023;4;"2022-10-15";"electricity";745.6;72.25;248.75
4024;8;"2021-07-04";"gas";1745.67;252.42;379.46
4025;1;"2022-04-11";"electricity";300.7;38.69;73.23
4026;4;"2024-03-31";"electricity";1270.66;181.3;530.56
4027;2;"2024-04-28";"gas";1275.01;93.76;185.34
4028;10;"2021-12-28";"wind";181.63;8.58;6.71
4029;9;"2022-11-09";"wind";129.59;5.91;3.5
4030;8;"2024-02-13";"gas";1042.41;143.84;203.89
4031;8;"2021-07-30";"gas";1700.7;116.51;231.9
4032;9;"2023-11-16";"wind";162.62;6.04;8.13
4033;7;"2024-04-28";"electricity";1648.32;244.66;311.6
4034;10;"2022-04-30";"wind";389.63;8.41;15.04
4035;10;"2021-07-08";"wind";166.63;4.54;6.54
4036;9;"2022-04-08";"wind";314.78;6.73;13.72
4037;9;"2022-12-25";"wind";441.97;9.34;9.83
4038;3;"2022-04-27";"coal";1474.72;156.81;290.14
4039;3;"2022-03-21";"coal";1141.4;86.99;558.09
4040;2;"2021-06-14";"gas";468.69;57.06;91.12
4041;9;"2022-04-06";"wind";186.06;9.09;4.63
4042;9;"2024-03-14";"wind";215.48;6.03;10.11
4043;10;"2021-11-20";"wind";115.71;2.41;3.59
4044;9;"2024-03-12";"wind";379.61;18.07;17.27
4045;1;"2022-05-04";"electricity";976.26;86.56;293.5
4046;2;"2021-09-05";"gas";942.18;140.58;202.27
4047;7;"2023-12-26";"electricity";1465.69;205.91;548.9
4048;2;"2023-03-07";"gas";1040.89;107.24;432.24
4049;5;"2022-01-23";"electricity";1106.29;138.3;126.73
4050;5;"2023-01-31";"electricity";1268.87;90.96;629.57
4051;5;"2022-06-27";"electricity";1847.34;187.83;899.25
4052;4;"2023-02-18";"electricity";1010.1;91.05;481.33
4053;4;"2022-03-15";"electricity";1312.46;195.01;595.25
4054;4;"2023-01-07";"electricity";400.91;39.48;164.25
4055;5;"2024-02-02";"electricity";484.92;72.13;201.46
4056;10;"2023-09-16";"wind";134.24;4.37;2.31
4057;2;"2024-03-09";"gas";669.37;49.98;176.71
4058;5;"2024-01-01";"electricity";1633.24;157.84;487.65
4059;6;"2021-12-20";"coal";1160.45;94.94;478.15
4060;2;"2022-09-18";"gas";508.29;54.72;165.26
4061;9;"2023-06-11";"wind";376.43;15.33;10.29
4062;4;"2021-08-22";"electricity";1625.02;132.5;744.65
4063;2;"2023-08-07";"gas";1792.5;263.18;205.31
4064;4;"2021-07-31";"electricity";1213.45;134.77;311.83
4065;10;"2023-02-02";"wind";131.34;5.56;3.46
4066;3;"2021-07-19";"coal";1589.09;205.26;617.01
4067;4;"2024-02-18";"electricity";120.25;7.36;26.84
4068;6;"2022-11-25";"coal";664.21;35.47;246.27
4069;7;"2023-03-11";"electricity";1223.26;76.24;171.71
4070;2;"2023-10-04";"gas";1295.83;184.73;429.92
4071;3;"2023-07-20";"coal";991.55;96.28;281.55
4072;9;"2022-07-31";"wind";188.88;4.07;5.96
4073;5;"2023-04-05";"electricity";1303.84;137.29;427.89
4074;7;"2022-03-08";"electricity";274.8;30.23;99.18
4075;8;"2023-01-15";"gas";1406.58;199.35;676.32
4076;5;"2022-01-14";"electricity";1859.62;251.62;295.73
4077;8;"2022-01-15";"gas";935.66;131.45;233.46
4078;4;"2021-06-19";"electricity";1435.32;90.72;618.11
4079;2;"2021-06-07";"gas";209.25;15.8;56.61
4080;10;"2023-03-24";"wind";69.93;2.13;3.48
4081;9;"2023-07-20";"wind";141.94;3.03;2.68
4082;6;"2023-03-11";"coal";148.53;18.71;32.93
4083;2;"2024-01-25";"gas";1311.88;83.5;233.82
4084;10;"2024-05-01";"wind";416.38;19.08;18.06
4085;7;"2024-02-16";"electricity";726.49;36.91;163.31
4086;2;"2024-02-23";"gas";583.39;48.29;239.9
4087;7;"2023-06-27";"electricity";164.01;21.46;53.97
4088;4;"2022-09-06";"electricity";263.67;38.35;40.13
4089;9;"2024-05-06";"wind";454.53;15.11;8.07
4090;7;"2023-08-25";"electricity";101.01;13.53;50.07
4091;2;"2024-01-17";"gas";604.3;66.72;219.97
4092;6;"2022-07-14";"coal";852.96;102.85;99.13
4093;5;"2022-12-08";"electricity";1916.0;201.16;737.0
4094;2;"2022-08-05";"gas";1035.72;149.94;404.44
4095;10;"2023-08-08";"wind";212.63;10.24;9.65
4096;9;"2023-09-18";"wind";436.59;9.73;17.81
4097;8;"2023-10-29";"gas";1657.53;183.72;362.61
4098;7;"2021-06-12";"electricity";1015.84;104.71;438.5
4099;7;"2022-08-29";"electricity";1216.35;155.35;319.12
4100;4;"2024-03-17";"electricity";150.28;13.67;58.0
4101;8;"2022-09-10";"gas";962.51;58.48;194.86
4102;7;"2021-06-18";"electricity";784.25;78.6;115.34
4103;4;"2022-10-13";"electricity";1304.14;115.23;416.92
4104;3;"2023-05-20";"coal";337.64;50.01;148.69
4105;7;"2023-07-13";"electricity";1406.72;181.42;295.6
4106;10;"2022-08-29";"wind";332.91;8.01;6.25
4107;3;"2021-12-19";"coal";1956.38;166.28;680.94
4108;3;"2023-11-06";"coal";1185.24;154.31;309.32
4109;3;"2023-10-24";"coal";237.53;34.94;69.04
4110;4;"2023-07-22";"electricity";502.58;58.11;71.25
4111;9;"2022-01-25";"wind";19.9;0.6;0.75
4112;4;"2024-01-13";"electricity";1295.19;182.87;522.6
4113;8;"2023-11-04";"gas";1603.66;92.76;356.18
4114;2;"2023-12-23";"gas";1043.84;61.96;183.5
4115;10;"2024-01-24";"wind";337.74;14.97;3.73
4116;1;"2023-08-19";"electricity";1839.34;132.61;763.33
4117;5;"2022-06-08";"electricity";1341.02;184.95;146.44
4118;5;"2023-05-22";"electricity";1992.34;232.4;823.49
4119;1;"2023-12-22";"electricity";1146.81;123.08;186.59
4120;10;"2023-02-02";"wind";233.07;7.9;5.6
4121;8;"2023-03-21";"gas";1372.77;192.78;659.49
4122;7;"2022-02-12";"electricity";1719.12;118.8;848.75
4123;5;"2024-05-03";"electricity";1556.97;149.61;281.89
4124;1;"2021-11-14";"electricity";414.92;23.29;56.73
4125;6;"2023-04-30";"coal";1198.31;93.83;210.44
4126;3;"2024-05-21";"coal";814.33;104.38;229.51
4127;2;"2021-11-09";"gas";1657.08;107.06;227.16
4128;3;"2023-10-26";"coal";753.75;76.59;357.86
4129;10;"2023-07-12";"wind";102.48;4.75;4.45
4130;6;"2022-06-17";"coal";1249.46;87.51;401.09
4131;3;"2023-09-23";"coal";1438.25;173.27;663.92
4132;1;"2023-02-19";"electricity";446.47;52.0;219.83
4133;6;"2022-11-30";"coal";341.43;49.4;96.14
4134;7;"2023-04-15";"electricity";1105.24;82.6;234.91
4135;2;"2022-03-21";"gas";822.57;81.99;226.8
4136;3;"2023-09-12";"coal";507.76;49.24;234.04
4137;9;"2023-03-18";"wind";123.52;5.78;3.88
4138;6;"2024-02-19";"coal";1262.98;160.43;144.65
4139;8;"2022-04-28";"gas";689.1;76.72;214.48
4140;9;"2023-10-02";"wind";240.79;9.09;11.7
4141;4;"2021-08-06";"electricity";781.18;52.01;291.42
4142;2;"2022-01-28";"gas";1375.28;190.4;192.08
4143;10;"2022-02-07";"wind";282.57;10.15;8.46
4144;2;"2024-01-29";"gas";1382.21;150.71;399.29
4145;10;"2023-11-18";"wind";184.18;6.91;6.3
4146;8;"2021-06-11";"gas";783.26;52.81;144.88
4147;1;"2022-07-16";"electricity";913.08;52.78;127.24
4148;10;"2022-05-27";"wind";196.17;6.83;3.81
4149;3;"2024-05-27";"coal";1035.32;110.45;107.69
4150;10;"2023-07-15";"wind";235.47;4.86;10.62
4151;6;"2023-12-12";"coal";188.94;23.94;42.59
4152;4;"2024-05-01";"electricity";1916.31;228.94;509.91
4153;4;"2023-07-11";"electricity";1046.39;94.01;437.06
4154;8;"2023-03-12";"gas";580.32;69.98;247.77
4155;8;"2022-11-18";"gas";103.9;13.37;42.44
4156;9;"2023-11-25";"wind";384.16;14.07;7.45
4157;10;"2023-06-24";"wind";454.48;17.72;19.5
4158;5;"2023-11-13";"electricity";839.47;125.13;354.59
4159;4;"2021-11-29";"electricity";1210.71;122.4;222.19
4160;9;"2022-01-18";"wind";219.01;4.61;5.83
4161;8;"2023-02-22";"gas";1827.03;138.48;518.0
4162;3;"2022-06-01";"coal";1223.9;108.37;345.35
4163;9;"2022-10-25";"wind";325.74;12.41;8.66
4164;7;"2021-07-10";"electricity";1356.81;136.85;213.39
4165;2;"2022-02-21";"gas";244.46;29.56;83.82
4166;4;"2022-03-06";"electricity";1678.76;97.79;560.54
4167;6;"2023-06-11";"coal";1911.72;283.84;596.88
4168;3;"2022-05-20";"coal";1201.88;86.83;168.62
4169;1;"2021-09-21";"electricity";999.04;78.71;105.87
4170;3;"2022-06-09";"coal";1428.22;103.55;175.78
4171;10;"2024-01-10";"wind";326.01;15.66;16.29
4172;4;"2022-06-24";"electricity";160.95;20.18;34.12
4173;10;"2024-04-13";"wind";67.74;1.52;2.2
4174;3;"2024-01-22";"coal";1352.85;98.36;307.1
4175;4;"2023-08-06";"electricity";1059.67;67.48;442.22
4176;2;"2022-08-19";"gas";741.75;79.36;245.68
4177;7;"2021-11-01";"electricity";1327.0;192.56;474.34
4178;5;"2023-08-26";"electricity";1000.46;105.28;322.25
4179;5;"2022-05-13";"electricity";654.31;45.79;181.64
4180;5;"2021-07-27";"electricity";205.95;15.93;27.39
4181;6;"2021-06-21";"coal";103.46;7.69;34.01
4182;6;"2023-08-24";"coal";1711.47;239.42;440.03
4183;2;"2022-06-30";"gas";1450.99;183.56;486.01
4184;4;"2022-05-16";"electricity";1856.6;166.11;267.15
4185;1;"2024-04-11";"electricity";1327.07;174.87;424.39
4186;9;"2024-01-24";"wind";451.42;19.13;9.79
4187;4;"2022-04-24";"electricity";719.26;71.1;163.31
4188;10;"2023-09-15";"wind";235.75;9.77;11.37
4189;2;"2022-02-12";"gas";327.79;28.88;107.43
4190;5;"2023-04-18";"electricity";896.19;98.43;320.04
4191;1;"2022-01-17";"electricity";1362.94;167.66;591.8
4192;10;"2024-04-08";"wind";59.62;2.76;2.38
4193;8;"2021-08-25";"gas";719.93;95.17;124.5
4194;6;"2024-02-21";"coal";294.58;43.71;32.42
4195;9;"2023-11-24";"wind";274.13;8.16;10.45
4196;6;"2024-01-29";"coal";1708.29;140.52;342.57
4197;6;"2024-03-26";"coal";1610.72;129.23;363.86
4198;5;"2024-02-14";"electricity";900.43;59.02;266.47
4199;1;"2021-12-16";"electricity";1633.06;121.05;471.75
4200;2;"2022-12-28";"gas";1862.86;226.42;815.94
4201;1;"2024-04-24";"electricity";974.99;100.02;264.29
4202;3;"2022-06-03";"coal";861.28;120.41;283.77
4203;3;"2024-05-11";"coal";108.53;11.14;18.06
4204;10;"2023-03-19";"wind";187.95;6.98;2.81
4205;6;"2021-08-12";"coal";1592.39;96.7;499.74
4206;10;"2022-04-23";"wind";394.52;17.03;16.51
4207;6;"2023-06-14";"coal";756.87;86.04;252.18
4208;8;"2023-05-14";"gas";178.71;19.95;22.56
4209;1;"2022-06-20";"electricity";1782.87;119.21;487.96
4210;7;"2024-03-14";"electricity";240.2;13.42;72.91
4211;10;"2022-03-02";"wind";154.98;5.38;6.8
4212;1;"2021-11-11";"electricity";117.51;17.32;23.64
4213;9;"2023-11-17";"wind";398.62;16.24;17.0
4214;5;"2023-11-10";"electricity";1998.12;245.09;718.38
4215;8;"2022-09-03";"gas";1372.33;174.43;636.47
4216;8;"2023-04-02";"gas";1186.88;144.74;188.77
4217;3;"2021-08-10";"coal";875.06;51.74;194.02
4218;10;"2022-01-01";"wind";392.54;18.68;10.46
4219;9;"2024-01-25";"wind";434.87;10.03;20.18
4220;1;"2023-03-12";"electricity";638.79;84.46;312.21
4221;3;"2022-12-21";"coal";1437.92;116.57;216.19
4222;5;"2024-01-13";"electricity";1590.61;225.15;420.49
4223;4;"2022-06-03";"electricity";1996.52;198.11;504.54
4224;8;"2024-05-24";"gas";637.85;45.53;72.43
4225;4;"2022-03-01";"electricity";766.64;59.34;179.1
4226;2;"2024-03-23";"gas";1533.05;91.25;428.66
4227;9;"2021-09-15";"wind";486.63;20.54;19.72
4228;1;"2024-05-19";"electricity";793.35;55.37;340.28
4229;2;"2021-10-20";"gas";1789.59;157.92;662.37
4230;5;"2023-10-05";"electricity";1023.8;55.82;202.74
4231;9;"2022-09-01";"wind";17.94;0.54;0.55
4232;2;"2023-01-24";"gas";1227.42;177.55;577.25
4233;3;"2024-03-02";"coal";205.57;24.08;29.1
4234;7;"2021-06-14";"electricity";384.92;54.07;89.3
4235;7;"2023-03-28";"electricity";1766.13;242.96;261.39
4236;6;"2023-12-22";"coal";288.23;39.59;96.11
4237;4;"2022-03-09";"electricity";1658.96;157.52;203.32
4238;7;"2023-09-24";"electricity";378.77;39.73;96.88
4239;7;"2022-08-18";"electricity";1274.89;97.32;242.15
4240;7;"2023-02-05";"electricity";669.09;67.39;136.74
4241;10;"2024-04-04";"wind";324.35;7.51;7.06
4242;3;"2024-01-10";"coal";207.33;11.18;40.78
4243;8;"2022-03-04";"gas";361.57;45.01;36.65
4244;4;"2023-09-13";"electricity";414.72;51.73;128.51
4245;9;"2023-06-28";"wind";66.91;2.24;2.68
4246;1;"2022-12-31";"electricity";1634.22;238.5;355.39
4247;6;"2024-03-19";"coal";1255.17;106.83;598.51
4248;4;"2024-02-25";"electricity";339.68;43.34;103.14
4249;4;"2022-06-11";"electricity";1863.76;135.6;762.38
4250;1;"2022-03-28";"electricity";104.8;9.78;38.01
4251;2;"2023-03-18";"gas";108.3;8.77;25.7
4252;10;"2021-12-21";"wind";488.71;13.6;12.49
4253;2;"2024-03-02";"gas";212.67;12.24;39.5
4254;5;"2023-11-30";"electricity";1743.68;211.24;435.91
4255;2;"2023-01-26";"gas";1297.23;154.25;609.08
4256;10;"2022-05-24";"wind";134.24;4.84;6.08
4257;2;"2021-08-03";"gas";1588.91;218.16;204.23
4258;6;"2021-08-11";"coal";394.13;48.49;193.54
4259;3;"2023-02-25";"coal";659.09;48.12;91.14
4260;8;"2022-06-29";"gas";1265.45;157.63;429.11
4261;3;"2024-05-17";"coal";974.38;112.08;246.63
4262;9;"2022-01-02";"wind";234.84;7.47;11.23
4263;1;"2022-09-04";"electricity";581.24;44.32;98.81
4264;4;"2022-07-06";"electricity";1024.39;53.24;149.82
4265;10;"2022-12-13";"wind";448.42;20.0;17.31
4266;5;"2023-01-22";"electricity";410.04;21.56;190.15
4267;6;"2024-03-14";"coal";997.3;52.41;340.33
4268;5;"2023-09-23";"electricity";491.62;28.84;61.82
4269;3;"2022-10-29";"coal";293.77;16.49;125.79
4270;10;"2022-02-03";"wind";234.5;5.99;6.43
4271;7;"2023-05-11";"electricity";887.26;55.57;404.93
4272;8;"2024-05-13";"gas";1329.66;108.17;556.78
4273;4;"2024-02-06";"electricity";920.36;122.76;383.58
4274;6;"2023-04-22";"coal";397.31;57.57;105.83
4275;3;"2023-03-13";"coal";272.43;20.1;105.03
4276;7;"2021-09-18";"electricity";1370.83;87.89;604.41
4277;8;"2022-01-22";"gas";1847.27;197.1;885.48
4278;5;"2023-08-27";"electricity";1890.39;163.76;230.63
4279;7;"2023-10-12";"electricity";421.6;52.12;203.06
4280;6;"2022-06-23";"coal";454.54;67.51;66.59
4281;7;"2022-10-31";"electricity";1989.05;279.72;357.25
4282;7;"2024-05-23";"electricity";285.8;26.38;28.69
4283;7;"2023-06-24";"electricity";1159.84;106.85;371.74
4284;2;"2024-03-31";"gas";638.21;43.05;254.66
4285;8;"2022-10-21";"gas";1801.21;229.45;783.57
4286;3;"2022-01-16";"coal";1960.73;208.91;605.95
4287;9;"2023-10-03";"wind";21.0;0.91;0.4
4288;2;"2023-06-17";"gas";1513.01;96.76;330.93
4289;9;"2023-03-02";"wind";489.4;16.68;7.33
4290;8;"2021-09-06";"gas";1377.94;122.37;578.45
4291;5;"2022-08-04";"electricity";1884.24;101.52;432.85
4292;4;"2024-02-25";"electricity";1060.45;60.64;235.46
4293;3;"2023-06-06";"coal";548.05;52.0;89.17
4294;2;"2024-01-31";"gas";1778.93;218.14;506.68
4295;2;"2021-11-16";"gas";769.03;51.51;180.45
4296;10;"2024-04-28";"wind";114.12;4.37;2.83
4297;1;"2023-09-20";"electricity";599.98;85.37;137.53
4298;7;"2022-05-05";"electricity";1120.08;93.04;214.48
4299;4;"2023-01-24";"electricity";1332.49;73.5;393.49
4300;8;"2024-03-04";"gas";555.07;51.31;184.27
4301;4;"2023-08-15";"electricity";773.7;100.52;310.83
4302;10;"2024-05-17";"wind";156.2;7.0;3.61
4303;8;"2022-04-10";"gas";818.92;87.09;298.34
4304;8;"2022-11-10";"gas";755.4;82.97;270.92
4305;9;"2022-12-20";"wind";199.27;4.49;4.33
4306;1;"2023-10-16";"electricity";1341.15;80.26;141.01
4307;7;"2023-04-17";"electricity";1813.44;271.57;195.89
4308;7;"2023-11-27";"electricity";1836.65;130.96;592.08
4309;2;"2021-11-20";"gas";1677.7;91.23;737.76
4310;4;"2021-10-18";"electricity";247.18;14.48;60.16
4311;6;"2022-02-05";"coal";799.13;44.49;390.77
4312;5;"2022-08-29";"electricity";649.05;43.68;274.03
4313;5;"2023-05-23";"electricity";1667.9;235.73;280.56
4314;8;"2022-09-27";"gas";1671.19;201.74;750.46
4315;7;"2023-04-06";"electricity";1353.88;190.85;348.77
4316;1;"2023-04-07";"electricity";319.12;30.54;157.93
4317;3;"2021-09-21";"coal";1567.49;146.71;329.98
4318;6;"2021-06-09";"coal";847.22;73.38;420.66
4319;4;"2023-11-17";"electricity";416.77;53.46;157.46
4320;5;"2023-09-29";"electricity";1181.24;171.76;140.52
4321;4;"2022-04-16";"electricity";1657.1;160.45;172.18
4322;8;"2023-06-18";"gas";1766.57;116.95;453.75
4323;1;"2022-09-15";"electricity";1818.8;184.12;416.56
4324;9;"2023-11-22";"wind";113.65;4.88;2.75
4325;8;"2022-01-26";"gas";308.68;33.5;120.2
4326;9;"2024-01-21";"wind";388.83;13.34;15.1
4327;3;"2021-08-23";"coal";1759.14;175.24;664.14
4328;2;"2023-06-15";"gas";834.73;111.74;382.01
4329;1;"2021-08-26";"electricity";703.1;96.89;301.81
4330;4;"2022-07-19";"electricity";1524.4;150.95;571.75
4331;5;"2022-12-12";"electricity";1994.91;172.88;695.84
4332;5;"2022-08-31";"electricity";850.74;120.08;217.22
4333;2;"2023-08-04";"gas";107.16;11.01;45.14
4334;4;"2023-07-16";"electricity";965.66;66.57;467.67
4335;9;"2024-01-23";"wind";265.08;5.94;5.11
4336;3;"2022-05-11";"coal";1656.87;157.06;353.85
4337;9;"2023-08-24";"wind";46.17;1.07;2.24
4338;7;"2022-06-28";"electricity";1017.24;84.53;136.54
4339;2;"2022-06-02";"gas";672.41;90.66;333.08
4340;4;"2021-08-28";"electricity";1006.4;92.85;459.16
4341;9;"2023-12-05";"wind";330.87;10.73;15.68
4342;3;"2023-01-23";"coal";858.49;67.67;230.36
4343;7;"2024-03-15";"electricity";967.39;83.19;373.23
4344;1;"2022-06-15";"electricity";544.41;45.05;267.78
4345;5;"2022-01-19";"electricity";1250.58;103.98;474.01
4346;2;"2024-03-01";"gas";1454.48;76.62;473.39
4347;10;"2022-04-07";"wind";138.91;4.74;3.26
4348;7;"2023-05-21";"electricity";1419.27;95.73;553.68
4349;7;"2023-10-15";"electricity";786.61;98.45;266.32
4350;5;"2022-09-07";"electricity";1234.95;171.53;328.52
4351;9;"2023-06-25";"wind";379.49;7.79;5.91
4352;7;"2023-02-03";"electricity";473.52;49.73;73.2
4353;3;"2024-01-27";"coal";1508.0;222.18;599.26
4354;5;"2022-08-26";"electricity";145.55;15.33;70.54
4355;10;"2022-11-08";"wind";482.14;18.8;10.72
4356;8;"2024-02-10";"gas";188.38;16.44;51.98
4357;5;"2024-04-16";"electricity";1464.72;102.86;409.7
4358;6;"2023-04-13";"coal";502.3;52.81;61.18
4359;6;"2023-10-17";"coal";1849.61;172.11;436.71
4360;10;"2022-05-29";"wind";80.57;2.39;2.31
4361;3;"2023-09-15";"coal";1685.02;142.95;739.74
4362;7;"2024-01-28";"electricity";959.08;67.72;421.88
4363;8;"2022-03-06";"gas";360.81;39.57;127.16
4364;3;"2023-01-20";"coal";211.18;19.34;68.85
4365;1;"2023-06-04";"electricity";1056.53;114.28;441.29
4366;10;"2021-09-24";"wind";231.84;9.18;3.8
4367;8;"2024-01-22";"gas";1027.66;135.47;343.38
4368;10;"2022-01-24";"wind";218.99;10.61;5.75
4369;7;"2023-04-19";"electricity";1046.67;121.41;334.66
4370;4;"2023-10-17";"electricity";1326.79;135.96;159.71
4371;7;"2022-06-20";"electricity";971.29;93.2;332.72
4372;3;"2021-11-17";"coal";558.47;47.38;168.24
4373;9;"2022-04-01";"wind";119.27;4.18;4.31
4374;10;"2022-08-29";"wind";89.98;1.83;3.65
4375;5;"2022-11-21";"electricity";521.43;74.99;116.99
4376;8;"2022-09-27";"gas";896.72;100.24;316.16
4377;3;"2023-08-16";"coal";1869.86;242.75;826.88
4378;1;"2024-03-20";"electricity";883.29;121.81;98.91
4379;6;"2023-03-29";"coal";1836.84;228.95;633.32
4380;7;"2023-02-26";"electricity";1924.91;255.2;287.51
4381;8;"2022-01-26";"gas";133.28;10.92;63.29
4382;1;"2024-04-24";"electricity";126.87;15.06;40.7
4383;10;"2023-08-21";"wind";80.19;2.57;3.94
4384;2;"2022-05-05";"gas";720.88;100.34;85.54
4385;1;"2023-06-08";"electricity";692.56;98.98;117.44
4386;9;"2023-07-10";"wind";79.41;2.45;3.84
4387;2;"2021-06-28";"gas";200.85;11.03;90.61
4388;6;"2022-03-25";"coal";392.24;40.22;139.58
4389;10;"2022-04-25";"wind";252.9;11.25;3.79
4390;6;"2024-05-27";"coal";393.39;56.53;83.48
4391;7;"2023-02-08";"electricity";1274.27;72.01;507.83
4392;7;"2023-12-04";"electricity";260.43;27.95;27.23
4393;8;"2024-02-29";"gas";1880.1;181.87;708.82
4394;10;"2023-02-20";"wind";252.69;5.34;9.18
4395;5;"2023-10-31";"electricity";748.42;54.1;249.46
4396;8;"2022-03-16";"gas";1461.33;117.68;287.04
4397;9;"2023-02-13";"wind";318.31;11.57;3.18
4398;5;"2021-09-29";"electricity";275.3;34.32;38.48
4399;5;"2022-03-31";"electricity";1459.51;121.55;579.2
4400;1;"2022-09-02";"electricity";644.58;83.46;240.21
4401;3;"2022-10-07";"coal";209.77;21.35;87.78
4402;2;"2022-05-03";"gas";1103.2;164.01;225.12
4403;8;"2023-12-29";"gas";1661.92;173.73;392.1
4404;9;"2024-03-01";"wind";476.27;10.73;9.51
4405;8;"2021-11-02";"gas";1852.61;252.96;838.25
4406;9;"2024-03-27";"wind";183.69;8.17;9.16
4407;7;"2023-07-18";"electricity";554.04;53.79;125.84
4408;1;"2021-08-27";"electricity";537.39;32.68;74.6
4409;8;"2021-12-21";"gas";143.5;16.59;56.47
4410;1;"2021-09-15";"electricity";1264.63;73.86;620.09
4411;10;"2022-11-01";"wind";456.4;14.2;7.35
4412;6;"2021-06-18";"coal";845.84;61.39;332.39
4413;5;"2021-11-20";"electricity";1052.87;122.31;205.83
4414;2;"2023-09-24";"gas";1734.31;110.8;184.51
4415;7;"2021-09-17";"electricity";422.44;58.93;200.11
4416;1;"2021-10-28";"electricity";1800.06;214.51;201.97
4417;4;"2021-09-10";"electricity";1657.75;244.15;194.06
4418;5;"2024-05-14";"electricity";1770.26;218.69;473.09
4419;3;"2022-07-30";"coal";853.89;116.23;347.41
4420;10;"2022-08-19";"wind";211.51;7.33;4.19
4421;3;"2023-08-10";"coal";1275.38;66.41;598.74
4422;3;"2023-03-24";"coal";1799.77;213.14;520.76
4423;6;"2023-12-15";"coal";1577.7;220.62;714.6
4424;1;"2023-09-15";"electricity";1298.57;98.28;182.11
4425;1;"2023-12-15";"electricity";1770.29;197.09;469.87
4426;2;"2022-01-24";"gas";1530.46;194.9;691.54
4427;7;"2024-05-09";"electricity";941.65;69.22;433.06
4428;2;"2024-04-29";"gas";1649.1;205.5;264.15
4429;2;"2023-02-08";"gas";1980.76;164.01;412.06
4430;4;"2023-01-23";"electricity";158.25;19.52;19.53
4431;6;"2023-04-15";"coal";844.43;107.49;286.65
4432;1;"2022-08-15";"electricity";1665.43;103.92;361.52
4433;10;"2023-10-04";"wind";37.78;1.1;1.22
4434;7;"2023-03-13";"electricity";1395.76;102.12;288.22
4435;8;"2023-10-28";"gas";427.07;36.91;102.35
4436;6;"2022-04-23";"coal";311.35;25.07;83.5
4437;1;"2024-05-27";"electricity";247.06;25.5;82.74
4438;7;"2022-08-07";"electricity";842.1;62.78;253.68
4439;2;"2021-06-29";"gas";1541.54;200.99;501.4
4440;5;"2023-04-20";"electricity";232.84;16.0;44.08
4441;9;"2024-02-12";"wind";243.07;6.04;11.25
4442;6;"2023-02-03";"coal";295.35;41.78;98.73
4443;7;"2024-02-27";"electricity";1369.51;114.52;607.09
4444;2;"2021-09-10";"gas";1937.39;253.24;706.92
4445;2;"2022-07-21";"gas";144.36;14.22;19.25
4446;4;"2023-03-19";"electricity";1134.56;77.25;478.32
4447;4;"2021-06-17";"electricity";234.88;18.25;110.28
4448;3;"2024-02-09";"coal";1087.66;93.54;198.64
4449;10;"2022-05-25";"wind";428.59;14.78;11.9
4450;8;"2023-01-14";"gas";1769.26;193.93;692.14
4451;8;"2023-05-10";"gas";1536.59;179.71;343.78
4452;6;"2022-06-20";"coal";410.71;21.85;93.76
4453;7;"2023-01-08";"electricity";974.9;112.83;203.5
4454;5;"2021-10-04";"electricity";1509.08;179.29;473.16
4455;3;"2023-05-25";"coal";1144.24;58.51;129.65
4456;2;"2023-06-06";"gas";1913.27;212.94;861.98
4457;5;"2022-03-29";"electricity";1756.65;192.34;446.62
4458;5;"2024-04-23";"electricity";1658.13;140.91;587.1
4459;2;"2024-05-25";"gas";1302.79;78.74;280.67
4460;1;"2023-02-09";"electricity";1306.54;86.44;546.49
4461;3;"2023-07-30";"coal";1003.42;135.92;250.99
4462;10;"2022-12-24";"wind";330.26;7.88;5.19
4463;1;"2023-08-17";"electricity";229.24;29.83;77.14
4464;5;"2021-08-05";"electricity";621.42;47.01;144.71
4465;4;"2023-10-01";"electricity";1451.48;128.6;468.98
4466;2;"2023-02-02";"gas";1574.15;159.78;307.11
4467;8;"2022-09-26";"gas";1746.99;206.72;605.69
4468;10;"2023-12-20";"wind";330.02;10.67;15.64
4469;5;"2021-12-22";"electricity";331.25;27.21;66.05
4470;1;"2023-03-07";"electricity";1135.79;141.06;141.26
4471;9;"2022-04-21";"wind";45.94;1.78;1.9
4472;5;"2024-04-06";"electricity";744.07;64.65;251.7
4473;5;"2023-12-06";"electricity";1254.08;100.82;327.17
4474;5;"2023-09-24";"electricity";738.2;69.42;103.52
4475;7;"2021-09-03";"electricity";145.18;12.3;49.75
4476;1;"2021-06-27";"electricity";1383.72;134.13;608.7
4477;8;"2022-10-27";"gas";1024.78;140.17;253.07
4478;1;"2024-01-20";"electricity";1594.21;139.32;355.17
4479;1;"2022-03-21";"electricity";808.94;118.4;199.44
4480;7;"2021-11-11";"electricity";526.78;44.06;78.33
4481;5;"2022-03-17";"electricity";980.91;84.01;403.82
4482;10;"2021-09-23";"wind";15.37;0.52;0.65
4483;4;"2021-11-17";"electricity";1684.14;127.01;621.03
4484;1;"2023-12-06";"electricity";1753.03;254.22;522.68
4485;3;"2021-05-31";"coal";1048.52;79.54;189.49
4486;1;"2023-04-06";"electricity";398.1;28.47;97.71
4487;4;"2023-07-15";"electricity";281.85;32.59;104.99
4488;7;"2023-11-14";"electricity";426.96;48.19;176.4
4489;5;"2023-03-22";"electricity";747.29;96.65;97.62
4490;1;"2024-04-16";"electricity";1872.39;268.9;528.8
4491;2;"2022-05-14";"gas";1339.51;88.63;472.0
4492;6;"2023-04-03";"coal";1928.57;253.36;606.86
4493;6;"2021-12-29";"coal";273.75;24.29;117.56
4494;10;"2023-08-04";"wind";201.12;8.88;8.23
4495;4;"2023-11-12";"electricity";619.46;53.62;115.9
4496;1;"2023-06-09";"electricity";1494.07;208.66;365.55
4497;4;"2023-02-24";"electricity";1059.66;99.32;512.97
4498;10;"2022-04-27";"wind";442.54;12.15;13.88
4499;9;"2023-02-19";"wind";290.84;11.0;12.66
4500;1;"2022-05-08";"electricity";847.51;79.26;165.68
4501;5;"2023-07-08";"electricity";970.59;127.11;365.01
4502;2;"2021-07-22";"gas";695.42;52.38;180.33
4503;5;"2022-11-14";"electricity";737.99;95.88;252.0
4504;5;"2024-01-29";"electricity";1858.07;173.12;757.74
4505;1;"2024-01-09";"electricity";556.44;75.76;226.54
4506;5;"2022-02-17";"electricity";1418.18;116.63;177.73
4507;4;"2022-02-10";"electricity";689.09;101.35;110.55
4508;4;"2023-01-27";"electricity";1667.95;96.92;203.5
4509;1;"2023-10-10";"electricity";1430.47;106.18;505.32
4510;9;"2022-09-18";"wind";24.71;0.62;0.77
4511;10;"2022-10-06";"wind";306.76;10.82;7.25
4512;1;"2021-11-06";"electricity";138.16;18.37;25.95
4513;6;"2023-09-27";"coal";1028.6;109.11;283.58
4514;5;"2021-10-14";"electricity";365.72;23.28;49.7
4515;2;"2021-09-03";"gas";848.97;115.89;291.36
4516;7;"2022-12-06";"electricity";215.43;22.08;72.47
4517;9;"2022-08-27";"wind";257.16;6.61;6.59
4518;3;"2021-11-05";"coal";629.86;57.03;200.07
4519;4;"2023-08-14";"electricity";647.57;93.76;267.45
4520;6;"2023-04-03";"coal";1569.53;156.71;512.78
4521;9;"2022-05-04";"wind";95.25;4.03;4.41
4522;1;"2023-05-18";"electricity";1714.76;233.14;604.25
4523;6;"2023-07-26";"coal";1525.57;107.51;318.41
4524;6;"2022-03-30";"coal";1747.47;236.96;272.83
4525;7;"2021-10-13";"electricity";953.87;132.78;304.0
4526;5;"2021-09-07";"electricity";429.43;52.31;52.55
4527;9;"2022-01-29";"wind";346.96;15.78;17.17
4528;10;"2021-07-23";"wind";49.23;1.67;1.1
4529;8;"2022-10-23";"gas";301.91;40.25;128.82
4530;9;"2021-10-27";"wind";169.28;7.43;4.95
4531;2;"2023-06-03";"gas";168.44;9.38;68.93
4532;10;"2022-11-05";"wind";53.73;1.74;1.94
4533;3;"2023-09-05";"coal";984.42;111.84;159.4
4534;6;"2022-10-05";"coal";225.75;27.65;37.98
4535;1;"2021-10-10";"electricity";867.41;85.38;130.25
4536;1;"2022-02-09";"electricity";727.23;72.65;131.3
4537;8;"2023-01-05";"gas";1069.07;128.42;263.09
4538;4;"2022-02-13";"electricity";1221.69;176.16;228.36
4539;4;"2021-07-20";"electricity";789.33;106.82;347.42
4540;6;"2023-09-13";"coal";1945.86;116.1;526.57
4541;3;"2022-09-03";"coal";1561.27;78.72;471.88
4542;10;"2024-05-18";"wind";490.01;13.73;16.32
4543;3;"2024-01-27";"coal";231.16;26.06;108.63
4544;8;"2023-10-26";"gas";822.75;122.39;356.05
4545;3;"2021-09-04";"coal";1963.39;151.67;520.14
4546;1;"2024-04-25";"electricity";393.34;57.2;84.26
4547;7;"2022-12-13";"electricity";663.74;92.92;231.3
4548;9;"2023-07-20";"wind";442.17;16.82;13.09
4549;6;"2022-05-23";"coal";1353.96;166.21;313.41
4550;4;"2023-08-29";"electricity";1979.66;280.55;347.41
4551;8;"2021-09-04";"gas";1559.81;120.12;712.49
4552;1;"2023-04-21";"electricity";1023.28;119.48;408.78
4553;8;"2022-07-22";"gas";866.21;103.55;224.42
4554;6;"2021-08-27";"coal";860.94;77.33;271.56
4555;7;"2024-02-12";"electricity";1707.04;100.81;178.09
4556;4;"2022-07-05";"electricity";292.58;34.79;102.15
4557;7;"2023-01-09";"electricity";1072.86;122.07;449.29
4558;2;"2023-04-04";"gas";577.81;29.74;287.26
4559;3;"2024-01-09";"coal";166.69;13.03;82.71
4560;1;"2024-05-23";"electricity";1992.25;213.34;916.96
4561;7;"2022-12-30";"electricity";260.52;17.55;73.92
4562;10;"2022-08-20";"wind";260.88;8.47;4.58
4563;7;"2024-05-12";"electricity";280.79;16.4;51.85
4564;4;"2022-07-16";"electricity";383.71;22.95;55.16
4565;9;"2021-10-13";"wind";399.17;17.06;9.22
4566;3;"2024-04-27";"coal";1014.78;136.07;417.07
4567;5;"2023-10-26";"electricity";1876.86;148.52;285.1
4568;2;"2023-01-13";"gas";652.6;50.15;181.6
4569;4;"2024-04-22";"electricity";623.15;46.84;166.02
4570;10;"2022-12-25";"wind";462.07;13.8;15.61
4571;7;"2022-10-04";"electricity";714.87;96.38;317.06
4572;8;"2023-03-31";"gas";1608.4;114.63;183.9
4573;7;"2023-08-19";"electricity";964.27;63.63;203.89
4574;4;"2023-04-14";"electricity";484.04;39.62;60.58
4575;9;"2021-10-26";"wind";31.29;0.66;1.52
4576;4;"2021-08-29";"electricity";134.64;19.94;62.76
4577;2;"2021-12-17";"gas";141.1;18.95;45.82
4578;8;"2023-01-08";"gas";1072.5;128.35;248.83
4579;8;"2022-09-02";"gas";1937.83;269.83;656.48
4580;9;"2022-12-06";"wind";70.1;1.83;0.83
4581;3;"2024-04-19";"coal";994.72;136.07;186.94
4582;10;"2022-11-11";"wind";294.3;9.18;13.82
4583;9;"2023-02-15";"wind";21.0;0.65;0.68
4584;3;"2023-06-02";"coal";874.13;84.71;396.56
4585;4;"2022-04-08";"electricity";661.55;73.41;258.25
4586;9;"2021-10-07";"wind";238.69;7.77;10.42
4587;3;"2023-08-30";"coal";1129.04;63.79;398.23
4588;2;"2023-04-04";"gas";1565.01;219.56;341.0
4589;3;"2023-10-04";"coal";836.78;71.07;155.38
4590;4;"2022-12-31";"electricity";887.51;108.98;152.29
4591;8;"2024-05-03";"gas";1542.01;146.1;554.97
4592;1;"2023-11-26";"electricity";1336.45;110.25;294.33
4593;10;"2022-09-05";"wind";286.41;8.35;11.09
4594;8;"2022-11-23";"gas";1577.08;157.65;752.92
4595;2;"2023-12-21";"gas";434.65;44.3;97.45
4596;5;"2023-12-10";"electricity";1572.8;141.78;664.55
4597;9;"2022-04-11";"wind";213.19;5.37;2.26
4598;6;"2021-11-19";"coal";1055.69;121.28;258.13
4599;7;"2024-01-08";"electricity";1306.7;144.26;147.61
4600;9;"2023-11-06";"wind";46.81;1.71;2.04
4601;1;"2023-08-31";"electricity";1209.51;122.85;124.58
4602;4;"2023-06-05";"electricity";481.76;72.19;49.21
4603;9;"2023-01-20";"wind";15.4;0.37;0.18
4604;5;"2023-12-26";"electricity";1470.46;193.58;350.08
4605;1;"2022-04-07";"electricity";1089.39;89.56;302.59
4606;1;"2024-01-20";"electricity";1912.17;140.37;849.78
4607;5;"2022-08-09";"electricity";641.92;92.75;230.46
4608;7;"2022-01-29";"electricity";829.94;124.46;302.38
4609;9;"2021-06-17";"wind";421.61;12.71;11.97
4610;1;"2023-12-29";"electricity";1412.29;114.51;626.73
4611;4;"2022-11-30";"electricity";574.03;55.47;254.84
4612;1;"2021-11-19";"electricity";848.04;94.79;360.77
4613;9;"2023-12-18";"wind";480.31;21.27;17.43
4614;5;"2021-07-27";"electricity";1633.02;192.44;739.01
4615;7;"2022-09-10";"electricity";1722.84;186.65;363.67
4616;3;"2021-10-04";"coal";1308.72;117.51;393.32
4617;5;"2024-01-27";"electricity";726.97;96.5;136.53
4618;4;"2021-11-24";"electricity";1938.26;204.37;620.51
4619;5;"2023-09-17";"electricity";1392.88;74.77;224.05
4620;2;"2023-12-26";"gas";866.31;62.48;308.77
4621;7;"2023-03-13";"electricity";1591.65;162.69;261.96
4622;6;"2022-11-19";"coal";878.88;78.88;339.98
4623;6;"2021-06-03";"coal";1379.35;168.78;314.89
4624;4;"2023-02-26";"electricity";1637.62;126.49;370.09
4625;7;"2022-11-10";"electricity";877.17;108.62;436.51
4626;2;"2024-03-26";"gas";1398.68;204.95;244.78
4627;9;"2022-12-04";"wind";230.36;6.57;3.87
4628;2;"2023-08-20";"gas";277.82;17.06;88.04
4629;7;"2023-09-27";"electricity";231.01;13.72;79.63
4630;4;"2021-12-28";"electricity";398.37;30.2;137.21
4631;8;"2022-01-08";"gas";1937.52;161.87;947.93
4632;3;"2023-05-16";"coal";639.9;47.23;142.15
4633;4;"2022-04-24";"electricity";1620.16;165.22;714.63
4634;8;"2021-05-30";"gas";1272.72;64.65;413.76
4635;10;"2022-11-07";"wind";55.3;2.63;1.16
4636;2;"2023-06-12";"gas";575.08;33.34;121.14
4637;7;"2023-06-09";"electricity";1033.5;152.77;287.26
4638;7;"2022-10-12";"electricity";169.76;24.05;81.76
4639;5;"2021-06-30";"electricity";1799.87;156.45;514.32
4640;3;"2023-08-27";"coal";1631.19;163.7;401.76
4641;5;"2022-09-06";"electricity";698.67;53.33;340.0
4642;2;"2022-04-20";"gas";1334.41;67.28;609.39
4643;8;"2024-04-15";"gas";222.34;32.47;72.86
4644;2;"2021-11-13";"gas";1500.01;204.3;589.54
4645;7;"2022-02-14";"electricity";818.68;75.54;216.69
4646;6;"2021-12-02";"coal";1812.55;199.0;744.93
4647;8;"2024-05-14";"gas";362.53;30.63;96.5
4648;9;"2021-10-08";"wind";157.13;7.74;4.28
4649;9;"2021-08-20";"wind";458.4;12.02;8.67
4650;1;"2021-08-23";"electricity";1035.9;129.39;197.02
4651;2;"2024-02-12";"gas";822.75;90.63;335.8
4652;4;"2022-01-22";"electricity";1615.18;142.67;707.29
4653;10;"2022-07-11";"wind";443.78;13.71;18.35
4654;10;"2023-04-14";"wind";204.4;9.53;6.73
4655;10;"2023-08-22";"wind";187.38;8.33;8.76
4656;7;"2023-02-20";"electricity";651.22;73.33;81.43
4657;6;"2024-05-05";"coal";572.95;38.55;285.45
4658;9;"2023-10-21";"wind";392.44;10.94;4.57
4659;9;"2023-09-27";"wind";118.99;2.94;1.83
4660;9;"2023-07-26";"wind";295.33;12.52;2.99
4661;8;"2022-11-25";"gas";1246.18;171.76;258.72
4662;3;"2022-11-25";"coal";1691.41;216.68;688.79
4663;3;"2022-09-01";"coal";1391.41;186.77;568.24
4664;7;"2023-11-05";"electricity";716.79;71.2;79.12
4665;10;"2023-10-16";"wind";161.32;4.79;6.77
4666;1;"2023-10-23";"electricity";534.01;76.39;90.23
4667;3;"2021-07-01";"coal";1259.48;88.38;241.56
4668;6;"2023-08-19";"coal";1442.67;176.82;472.34
4669;10;"2022-02-23";"wind";255.84;8.04;3.22
4670;10;"2022-11-26";"wind";101.79;2.5;1.74
4671;1;"2022-01-01";"electricity";232.91;22.03;111.75
4672;5;"2022-04-23";"electricity";1795.67;100.85;561.85
4673;8;"2023-11-08";"gas";435.14;23.44;139.81
4674;10;"2022-12-31";"wind";211.38;10.37;2.84
4675;5;"2024-02-18";"electricity";984.04;122.2;372.61
4676;4;"2023-09-02";"electricity";364.9;43.88;127.78
4677;3;"2023-03-04";"coal";1763.91;103.98;829.08
4678;9;"2021-07-04";"wind";201.81;7.5;4.39
4679;5;"2023-07-29";"electricity";823.16;69.29;114.17
4680;1;"2022-05-08";"electricity";327.03;29.57;157.63
4681;9;"2022-10-05";"wind";144.72;4.82;3.29
4682;8;"2022-02-27";"gas";857.24;68.34;156.07
4683;7;"2023-07-14";"electricity";1953.97;263.56;600.32
4684;3;"2021-10-13";"coal";1658.02;166.81;562.19
4685;6;"2023-09-30";"coal";1563.07;107.37;656.79
4686;7;"2021-07-31";"electricity";444.35;27.24;136.73
4687;10;"2021-10-26";"wind";218.65;5.38;4.1
4688;7;"2023-09-01";"electricity";749.51;81.25;213.54
4689;1;"2022-10-01";"electricity";828.08;56.75;130.81
4690;10;"2023-02-07";"wind";200.78;6.86;3.54
4691;6;"2021-10-12";"coal";988.1;63.67;382.68
4692;6;"2021-10-29";"coal";1142.81;64.11;252.0
4693;5;"2024-03-07";"electricity";473.98;70.17;90.26
4694;2;"2023-06-22";"gas";1070.71;144.72;442.35
4695;1;"2023-04-12";"electricity";186.93;27.4;54.55
4696;10;"2023-01-09";"wind";456.81;12.78;8.32
4697;2;"2023-03-15";"gas";1250.89;181.6;605.79
4698;9;"2023-03-07";"wind";364.28;12.97;8.05
4699;2;"2024-04-30";"gas";960.59;116.74;414.34
4700;3;"2024-05-16";"coal";1252.84;118.98;493.37
4701;6;"2021-07-04";"coal";739.23;86.82;243.83
4702;2;"2022-04-08";"gas";1758.81;117.75;379.61
4703;5;"2023-11-29";"electricity";397.33;40.15;114.3
4704;6;"2022-03-26";"coal";1131.46;115.28;461.5
4705;7;"2021-06-13";"electricity";218.96;12.38;24.42
4706;1;"2022-09-08";"electricity";1758.8;228.66;702.71
4707;6;"2022-04-03";"coal";132.4;13.12;54.77
4708;8;"2024-02-14";"gas";1157.17;105.74;296.45
4709;10;"2021-11-26";"wind";118.12;5.44;2.97
4710;4;"2024-04-01";"electricity";776.47;91.19;242.37
4711;6;"2022-03-26";"coal";250.59;19.53;111.48
4712;7;"2023-02-25";"electricity";932.73;71.71;254.06
4713;5;"2021-11-03";"electricity";449.61;38.03;159.31
4714;6;"2023-08-20";"coal";530.58;32.95;207.91
4715;7;"2022-07-21";"electricity";1316.05;117.61;341.76
4716;9;"2024-01-06";"wind";308.75;13.9;3.95
4717;9;"2024-05-16";"wind";284.88;10.41;3.17
4718;6;"2022-10-28";"coal";262.73;33.72;96.46
4719;4;"2021-09-24";"electricity";617.45;38.55;114.14
4720;9;"2022-04-15";"wind";147.38;7.17;5.33
4721;9;"2021-06-29";"wind";259.43;5.72;7.33
4722;4;"2022-03-10";"electricity";1331.55;146.42;455.97
4723;5;"2022-10-24";"electricity";1065.6;106.62;306.51
4724;9;"2021-08-18";"wind";65.25;3.02;0.69
4725;1;"2023-12-30";"electricity";1714.16;96.64;592.97
4726;8;"2024-04-29";"gas";772.36;83.26;383.06
4727;2;"2022-01-30";"gas";216.19;26.54;60.26
4728;8;"2023-04-03";"gas";938.21;115.57;300.74
4729;7;"2022-03-30";"electricity";799.84;64.8;246.77
4730;8;"2023-01-30";"gas";1179.69;124.47;530.17
4731;1;"2024-03-27";"electricity";1356.94;140.69;354.15
4732;1;"2023-04-17";"electricity";204.34;23.32;56.78
4733;6;"2024-04-01";"coal";398.89;41.09;156.08
4734;7;"2023-12-12";"electricity";1354.04;145.58;418.56
4735;3;"2023-01-03";"coal";1503.09;154.25;284.52
4736;1;"2024-02-20";"electricity";1095.03;131.74;164.71
4737;5;"2023-02-09";"electricity";451.03;55.48;67.91
4738;9;"2022-03-05";"wind";204.79;7.61;5.03
4739;1;"2021-06-12";"electricity";1656.83;208.4;809.9
4740;4;"2022-06-08";"electricity";1452.89;208.66;623.15
4741;1;"2024-05-20";"electricity";274.49;34.36;125.78
4742;5;"2022-10-23";"electricity";550.83;75.89;227.94
4743;1;"2021-11-10";"electricity";1251.51;100.45;458.44
4744;4;"2021-12-01";"electricity";584.9;53.28;201.7
4745;8;"2022-04-04";"gas";307.78;16.68;108.94
4746;4;"2021-06-15";"electricity";284.0;21.1;45.21
4747;2;"2022-04-14";"gas";1725.47;178.37;349.0
4748;2;"2022-09-25";"gas";1577.66;202.42;519.87
4749;10;"2021-12-24";"wind";187.56;6.0;6.82
4750;9;"2022-12-06";"wind";200.46;8.22;7.67
4751;5;"2024-03-15";"electricity";653.35;54.55;174.48
4752;10;"2022-02-09";"wind";388.73;8.95;6.05
4753;9;"2023-12-13";"wind";244.26;7.4;11.92
4754;10;"2021-12-28";"wind";32.46;0.89;1.23
4755;10;"2021-09-20";"wind";390.35;14.5;13.34
4756;6;"2022-05-28";"coal";1705.8;98.29;545.01
4757;8;"2023-11-07";"gas";122.32;8.88;19.76
4758;2;"2021-10-07";"gas";509.91;42.39;91.63
4759;4;"2024-01-19";"electricity";239.27;16.43;111.87
4760;1;"2023-10-06";"electricity";1025.14;115.77;294.75
4761;10;"2023-04-29";"wind";281.73;9.76;8.87
4762;4;"2023-10-31";"electricity";1127.85;135.65;498.3
4763;10;"2021-07-04";"wind";366.56;9.62;13.13
4764;1;"2021-06-16";"electricity";1615.43;212.02;615.19
4765;4;"2021-11-22";"electricity";517.29;68.1;64.9
4766;1;"2023-10-31";"electricity";1618.7;190.03;611.18
4767;1;"2023-09-04";"electricity";226.36;18.56;111.49
4768;10;"2022-05-05";"wind";431.79;12.05;14.27
4769;5;"2023-05-27";"electricity";234.87;20.39;34.85
4770;3;"2021-06-23";"coal";484.23;50.79;169.72
4771;7;"2021-09-15";"electricity";1437.05;159.24;529.56
4772;5;"2021-08-24";"electricity";358.58;47.62;43.15
4773;1;"2021-06-25";"electricity";280.66;24.24;88.35
4774;7;"2022-05-09";"electricity";465.78;69.08;125.33
4775;5;"2021-10-22";"electricity";877.6;70.5;393.66
4776;1;"2023-02-04";"electricity";661.44;40.11;320.2
4777;4;"2023-12-16";"electricity";475.6;68.98;79.19
4778;6;"2021-06-24";"coal";1079.58;55.15;404.79
4779;4;"2023-12-08";"electricity";353.73;24.35;122.83
4780;6;"2023-03-22";"coal";1658.53;90.74;403.14
4781;2;"2022-08-22";"gas";1519.05;177.88;731.23
4782;8;"2024-03-19";"gas";1962.35;227.92;798.14
4783;8;"2024-01-15";"gas";1758.49;197.16;485.19
4784;9;"2023-09-28";"wind";479.64;17.07;20.71
4785;10;"2022-07-05";"wind";274.65;11.9;4.82
4786;2;"2023-08-18";"gas";654.58;96.47;126.27
4787;3;"2023-10-31";"coal";1954.15;202.14;585.15
4788;3;"2023-11-20";"coal";1693.15;136.7;651.76
4789;10;"2024-01-23";"wind";244.92;5.24;9.28
4790;2;"2022-07-30";"gas";1542.44;138.4;551.88
4791;5;"2023-08-19";"electricity";931.09;62.83;296.17
4792;10;"2023-03-14";"wind";166.49;8.25;7.38
4793;3;"2021-12-02";"coal";1048.83;74.35;400.29
4794;2;"2023-02-20";"gas";1871.14;120.01;553.23
4795;9;"2022-02-20";"wind";218.25;8.06;5.39
4796;3;"2022-12-04";"coal";1322.71;115.45;432.94
4797;4;"2022-09-14";"electricity";224.58;25.92;44.85
4798;2;"2023-09-13";"gas";659.52;65.38;233.15
4799;4;"2023-07-30";"electricity";1021.45;150.38;454.46
4800;1;"2022-07-25";"electricity";1705.79;150.06;533.16
4801;9;"2021-11-16";"wind";472.1;9.94;23.54
4802;1;"2023-02-08";"electricity";697.98;43.28;218.44
4803;6;"2022-07-05";"coal";288.17;33.8;81.19
4804;5;"2023-05-26";"electricity";1097.93;151.76;532.6
4805;10;"2022-06-11";"wind";119.28;3.77;4.12
4806;9;"2021-09-29";"wind";462.2;14.44;4.79
4807;9;"2023-05-18";"wind";398.22;17.37;16.91
4808;10;"2021-12-10";"wind";13.27;0.5;0.27
4809;9;"2022-04-06";"wind";191.7;8.07;8.31
4810;1;"2023-06-20";"electricity";1279.17;155.58;360.51
4811;3;"2024-01-04";"coal";309.05;36.39;121.0
4812;4;"2024-02-28";"electricity";794.47;44.4;271.27
4813;7;"2022-07-16";"electricity";1047.88;150.59;367.29
4814;7;"2024-03-16";"electricity";940.02;69.46;352.68
4815;1;"2024-05-24";"electricity";1112.86;113.71;333.92
4816;10;"2023-12-03";"wind";141.03;6.13;1.64
4817;2;"2021-09-03";"gas";338.04;25.56;166.95
4818;1;"2024-05-10";"electricity";1732.8;122.45;847.12
4819;3;"2023-06-07";"coal";1888.8;122.02;792.02
4820;2;"2022-04-29";"gas";206.98;11.33;28.48
4821;4;"2022-06-22";"electricity";1849.49;131.23;581.79
4822;1;"2021-07-06";"electricity";1387.22;79.12;371.07
4823;3;"2024-02-25";"coal";123.49;11.25;29.81
4824;1;"2022-02-08";"electricity";1315.42;83.57;297.76
4825;5;"2022-12-11";"electricity";1123.02;94.08;423.0
4826;6;"2024-04-08";"coal";893.19;52.71;237.55
4827;10;"2023-08-11";"wind";492.27;11.45;8.45
4828;3;"2023-07-07";"coal";1439.34;159.27;444.54
4829;8;"2021-10-19";"gas";1463.9;82.12;325.07
4830;4;"2022-11-17";"electricity";981.59;119.49;420.54
4831;9;"2022-11-09";"wind";122.67;3.4;3.23
4832;7;"2024-04-06";"electricity";644.34;70.47;78.36
4833;1;"2024-01-30";"electricity";347.52;19.41;137.21
4834;5;"2022-04-30";"electricity";1260.41;146.72;153.43
4835;4;"2022-11-18";"electricity";592.13;38.28;282.54
4836;1;"2023-04-02";"electricity";180.48;9.88;43.51
4837;2;"2021-12-05";"gas";1719.92;132.45;729.04
4838;3;"2022-06-13";"coal";1516.74;161.66;537.59
4839;5;"2022-01-25";"electricity";523.25;39.27;164.08
4840;3;"2024-04-14";"coal";904.21;94.31;266.38
4841;8;"2022-05-26";"gas";1373.27;99.45;427.74
4842;5;"2021-06-08";"electricity";1805.94;165.5;218.65
4843;1;"2022-07-01";"electricity";427.23;32.32;112.13
4844;10;"2024-02-05";"wind";429.07;19.53;13.3
4845;4;"2023-12-02";"electricity";685.29;47.47;296.93
4846;4;"2022-10-27";"electricity";734.59;44.89;321.65
4847;4;"2021-10-24";"electricity";1593.91;134.05;166.38
4848;1;"2023-12-19";"electricity";162.94;16.18;18.14
4849;10;"2024-03-27";"wind";99.59;2.1;4.8
4850;3;"2021-07-19";"coal";907.21;51.46;431.73
4851;8;"2022-04-04";"gas";1406.39;135.8;355.0
4852;5;"2023-02-18";"electricity";847.93;76.68;183.05
4853;8;"2021-12-17";"gas";1733.31;124.76;244.15
4854;7;"2022-03-17";"electricity";118.9;15.97;39.63
4855;2;"2023-03-15";"gas";429.16;33.96;127.63
4856;9;"2022-01-30";"wind";234.5;10.0;10.39
4857;1;"2024-03-01";"electricity";782.02;83.67;366.63
4858;2;"2023-12-09";"gas";1652.56;175.52;633.01
4859;7;"2021-10-12";"electricity";1971.32;264.27;784.29
4860;7;"2022-07-06";"electricity";1986.44;263.08;266.85
4861;3;"2024-04-19";"coal";661.95;34.76;92.23
4862;5;"2024-03-12";"electricity";276.22;16.37;57.49
4863;7;"2022-04-01";"electricity";1946.83;221.21;728.97
4864;4;"2023-08-26";"electricity";1785.79;149.81;262.97
4865;9;"2022-03-17";"wind";160.07;3.66;4.97
4866;7;"2022-01-09";"electricity";1982.03;218.44;487.17
4867;10;"2022-02-16";"wind";328.31;10.26;9.43
4868;7;"2022-01-23";"electricity";1419.35;153.6;154.91
4869;10;"2021-07-08";"wind";239.99;6.09;5.47
4870;2;"2022-05-03";"gas";917.39;93.58;283.39
4871;3;"2022-07-30";"coal";927.29;57.89;404.52
4872;2;"2021-12-18";"gas";535.2;38.15;131.34
4873;2;"2024-04-17";"gas";361.26;26.75;105.12
4874;1;"2022-04-23";"electricity";1579.4;157.74;439.8
4875;4;"2023-07-05";"electricity";1921.53;126.43;331.81
4876;4;"2023-08-05";"electricity";1316.4;135.05;493.08
4877;5;"2022-11-29";"electricity";1351.02;137.29;459.91
4878;7;"2022-12-09";"electricity";1763.28;160.72;263.12
4879;8;"2023-05-18";"gas";520.32;55.39;144.37
4880;2;"2023-09-15";"gas";1129.76;113.45;411.14
4881;2;"2024-01-07";"gas";201.93;24.85;37.33
4882;6;"2023-07-18";"coal";1206.55;139.93;320.3
4883;6;"2021-06-30";"coal";538.52;74.59;107.24
4884;6;"2021-10-02";"coal";606.58;90.9;214.68
4885;2;"2021-08-28";"gas";387.54;49.9;90.47
4886;10;"2021-06-25";"wind";26.42;0.58;0.65
4887;5;"2023-10-14";"electricity";806.99;81.52;264.83
4888;3;"2023-09-13";"coal";510.23;75.17;111.79
4889;6;"2022-07-31";"coal";1313.48;139.95;431.36
4890;4;"2021-09-21";"electricity";1823.32;148.51;377.08
4891;8;"2022-01-27";"gas";1066.5;119.47;459.3
4892;9;"2022-12-25";"wind";445.13;13.88;20.92
4893;3;"2021-09-27";"coal";1069.75;129.07;420.33
4894;6;"2021-11-07";"coal";797.11;75.92;104.18
4895;8;"2021-10-08";"gas";1500.58;168.22;365.44
4896;4;"2022-08-08";"electricity";722.69;99.58;158.83
4897;5;"2023-03-05";"electricity";1030.35;141.23;217.89
4898;1;"2023-09-13";"electricity";581.57;86.58;258.75
4899;1;"2022-03-11";"electricity";289.62;18.07;100.38
4900;2;"2023-11-12";"gas";1871.38;94.25;616.47
4901;9;"2022-06-25";"wind";203.28;9.51;7.39
4902;3;"2022-07-26";"coal";488.42;41.61;137.84
4903;1;"2021-10-15";"electricity";406.51;58.62;190.1
4904;10;"2023-02-11";"wind";258.27;7.26;11.3
4905;9;"2023-08-26";"wind";62.01;2.32;3.05
4906;6;"2021-12-17";"coal";363.56;24.61;127.93
4907;10;"2022-08-26";"wind";279.65;9.14;6.54
4908;2;"2022-04-24";"gas";391.17;21.73;78.67
4909;4;"2023-01-09";"electricity";1042.49;124.86;112.61
4910;8;"2023-08-20";"gas";987.57;54.57;137.28
4911;7;"2023-10-22";"electricity";1417.32;202.91;149.27
4912;5;"2023-09-21";"electricity";883.04;98.8;440.49
4913;10;"2023-06-10";"wind";12.31;0.25;0.17
4914;2;"2022-11-24";"gas";1851.32;251.18;887.22
4915;4;"2024-05-27";"electricity";1925.57;122.94;946.71
4916;4;"2023-05-05";"electricity";1623.7;202.65;206.64
4917;4;"2022-07-29";"electricity";997.95;72.83;368.33
4918;6;"2023-01-08";"coal";1988.79;145.55;775.61
4919;7;"2021-07-30";"electricity";919.84;119.17;176.16
4920;9;"2023-09-05";"wind";412.46;14.15;16.78
4921;4;"2023-11-08";"electricity";814.09;52.37;219.81
4922;10;"2023-05-16";"wind";143.78;6.6;1.64
4923;7;"2023-05-26";"electricity";1432.44;87.57;372.61
4924;7;"2024-04-16";"electricity";963.14;114.02;386.26
4925;8;"2021-11-16";"gas";950.97;96.58;262.47
4926;9;"2023-06-19";"wind";414.84;17.76;14.76
4927;9;"2024-03-31";"wind";24.47;1.03;0.58
4928;6;"2022-08-22";"coal";670.16;53.33;304.16
4929;6;"2023-01-02";"coal";934.27;81.79;374.85
4930;4;"2022-08-25";"electricity";167.91;15.04;56.06
4931;1;"2021-11-05";"electricity";538.65;60.17;225.75
4932;2;"2023-05-30";"gas";382.59;49.75;87.2
4933;3;"2023-09-22";"coal";783.45;39.98;255.69
4934;8;"2021-10-07";"gas";416.8;45.23;136.22
4935;8;"2023-01-02";"gas";1994.64;216.36;344.26
4936;3;"2022-02-04";"coal";1748.67;209.53;762.98
4937;1;"2023-09-02";"electricity";502.19;53.72;134.91
4938;10;"2023-09-20";"wind";387.69;8.99;18.01
4939;7;"2023-12-06";"electricity";776.93;38.96;355.68
4940;7;"2022-05-08";"electricity";990.49;125.7;344.35
4941;1;"2023-01-16";"electricity";520.41;45.03;108.86
4942;7;"2022-10-28";"electricity";1825.46;255.98;248.6
4943;1;"2022-09-08";"electricity";782.57;105.18;143.76
4944;7;"2022-04-14";"electricity";1875.95;226.65;842.5
4945;4;"2023-02-15";"electricity";1333.94;191.42;431.31
4946;10;"2024-01-05";"wind";372.51;8.48;15.16
4947;1;"2021-07-28";"electricity";370.56;52.18;92.26
4948;2;"2021-08-09";"gas";1697.0;89.75;524.48
4949;2;"2022-08-10";"gas";1525.73;147.42;282.14
4950;5;"2022-07-05";"electricity";594.9;80.41;171.99
4951;7;"2022-02-06";"electricity";1061.11;103.12;323.14
4952;6;"2021-06-26";"coal";142.57;9.8;41.93
4953;6;"2024-03-14";"coal";1717.95;170.54;508.47
4954;10;"2021-07-17";"wind";288.41;6.75;12.17
4955;2;"2022-10-17";"gas";1164.7;93.43;297.66
4956;6;"2023-05-11";"coal";671.42;97.19;110.63
4957;4;"2022-04-28";"electricity";1898.19;239.39;281.91
4958;1;"2024-05-17";"electricity";825.98;44.15;85.87
4959;5;"2021-06-06";"electricity";1398.47;109.52;567.67
4960;1;"2024-03-29";"electricity";552.62;61.88;269.23
4961;6;"2023-10-11";"coal";1761.6;166.87;555.59
4962;5;"2021-10-27";"electricity";282.2;37.52;80.65
4963;7;"2024-02-03";"electricity";100.77;9.73;49.38
4964;1;"2022-06-08";"electricity";893.64;126.45;219.22
4965;8;"2023-04-25";"gas";790.75;41.71;338.0
4966;6;"2021-07-11";"coal";1080.37;117.12;450.07
4967;5;"2023-01-29";"electricity";1482.98;158.18;725.7
4968;5;"2022-05-21";"electricity";138.22;15.06;59.65
4969;10;"2023-06-24";"wind";77.94;3.33;1.94
4970;8;"2023-11-15";"gas";214.29;31.66;36.43
4971;3;"2021-08-11";"coal";826.98;96.79;335.26
4972;6;"2023-12-27";"coal";617.04;63.33;248.1
4973;10;"2022-09-26";"wind";350.72;14.95;5.94
4974;6;"2022-07-21";"coal";435.51;46.56;208.62
4975;3;"2023-09-28";"coal";614.17;65.66;263.45
4976;5;"2022-09-29";"electricity";200.5;29.75;26.43
4977;3;"2023-03-03";"coal";1501.25;196.77;278.71
4978;2;"2021-09-09";"gas";384.78;27.32;168.4
4979;6;"2024-02-11";"coal";671.74;46.28;148.71
4980;4;"2023-12-05";"electricity";1333.44;167.22;547.75
4981;2;"2024-05-07";"gas";193.18;23.24;33.82
4982;2;"2022-07-26";"gas";1369.19;93.52;221.42
4983;5;"2023-04-25";"electricity";353.16;26.79;69.42
4984;8;"2023-03-13";"gas";432.24;59.11;67.75
4985;4;"2023-03-08";"electricity";1145.94;169.87;359.42
4986;3;"2023-06-04";"coal";998.45;104.28;363.44
4987;3;"2023-11-13";"coal";1807.84;159.09;725.87
4988;3;"2022-06-14";"coal";1267.9;65.1;621.92
4989;5;"2022-07-30";"electricity";1651.66;226.13;652.79
4990;10;"2024-01-08";"wind";429.61;19.63;10.14
4991;8;"2022-08-16";"gas";156.73;10.3;62.56
4992;1;"2023-11-07";"electricity";157.38;21.47;43.74
4993;5;"2023-11-29";"electricity";861.66;96.35;371.68
4994;1;"2023-04-18";"electricity";1940.49;270.01;366.39
4995;7;"2021-10-28";"electricity";1992.48;211.67;384.09
4996;2;"2024-03-19";"gas";1035.15;130.62;337.93
4997;2;"2022-06-15";"gas";1624.65;232.63;700.18
4998;10;"2022-05-04";"wind";286.02;14.22;5.9
4999;7;"2022-07-10";"electricity";1383.1;74.85;340.13
5000;4;"2023-09-21";"electricity";964.92;91.67;354.35
5001;3;"2022-10-12";"coal";961.27;136.75;123.23
5002;8;"2023-09-20";"gas";1273.02;176.85;142.98
5003;3;"2022-05-22";"coal";121.46;13.0;31.92
5004;10;"2022-11-11";"wind";300.9;10.68;4.4
5005;8;"2024-05-09";"gas";974.87;82.99;167.51
5006;4;"2024-01-31";"electricity";1780.4;178.49;387.2
5007;7;"2022-02-16";"electricity";380.88;30.07;76.42
5008;2;"2022-04-08";"gas";499.83;43.9;85.09
5009;8;"2023-05-01";"gas";1627.17;188.69;772.91
5010;2;"2022-10-31";"gas";1114.33;128.8;411.76
5011;10;"2021-11-05";"wind";276.19;9.33;4.35
5012;9;"2023-12-31";"wind";425.21;10.02;15.24
5013;1;"2023-05-10";"electricity";1097.71;142.73;211.03
5014;8;"2024-01-01";"gas";1270.03;150.17;628.55
5015;2;"2024-01-31";"gas";255.26;32.49;26.77
5016;2;"2021-07-01";"gas";1704.51;244.23;519.29
5017;9;"2023-04-23";"wind";63.67;1.87;3.12
5018;5;"2023-05-21";"electricity";217.6;28.28;27.16
5019;6;"2021-09-04";"coal";1719.14;242.57;809.57
5020;9;"2021-10-29";"wind";254.95;6.04;3.93
5021;4;"2023-10-23";"electricity";1800.03;236.51;660.28
5022;1;"2021-09-19";"electricity";1433.3;87.42;635.13
5023;6;"2023-05-19";"coal";498.06;57.97;151.15
5024;8;"2023-10-06";"gas";1763.29;243.1;824.25
5025;2;"2021-10-20";"gas";1526.32;121.6;485.01
5026;9;"2021-12-28";"wind";452.08;19.68;12.65
5027;2;"2022-09-29";"gas";1655.1;201.34;816.53
5028;8;"2022-05-07";"gas";1329.87;154.09;307.5
5029;2;"2023-10-11";"gas";1110.76;89.79;245.27
5030;4;"2022-01-04";"electricity";855.82;63.55;351.98
5031;2;"2022-08-08";"gas";551.17;80.51;71.61
5032;10;"2021-08-23";"wind";61.78;2.4;1.47
5033;9;"2023-08-03";"wind";428.35;16.37;13.79
5034;3;"2021-11-01";"coal";1715.47;205.12;751.18
5035;5;"2021-09-19";"electricity";1858.82;100.03;664.4
5036;8;"2022-07-21";"gas";359.43;33.23;131.34
5037;9;"2021-07-04";"wind";228.54;8.58;10.34
5038;1;"2022-05-16";"electricity";1768.5;100.02;776.4
5039;3;"2021-08-08";"coal";768.93;114.18;370.06
5040;7;"2022-11-07";"electricity";993.02;64.5;341.28
5041;1;"2024-03-21";"electricity";632.22;70.57;247.31
5042;5;"2023-06-26";"electricity";1629.59;129.79;490.92
5043;8;"2022-11-24";"gas";1965.08;216.17;342.85
5044;8;"2022-10-13";"gas";1288.13;129.46;328.92
5045;9;"2024-05-20";"wind";324.74;10.03;15.84
5046;10;"2023-06-05";"wind";278.8;11.37;3.66
5047;5;"2021-09-05";"electricity";1803.36;181.29;414.44
5048;2;"2024-01-24";"gas";1475.85;213.21;714.35
5049;10;"2021-08-09";"wind";94.34;4.34;4.29
5050;8;"2022-12-26";"gas";636.34;72.59;201.76
5051;3;"2023-05-09";"coal";1279.04;136.14;418.27
5052;9;"2022-09-21";"wind";75.2;2.22;1.71
5053;5;"2022-04-20";"electricity";1650.24;225.75;414.11
5054;2;"2023-06-10";"gas";525.66;58.58;211.66
5055;4;"2024-02-27";"electricity";1828.43;239.58;623.63
5056;7;"2023-04-28";"electricity";574.84;80.04;287.39
5057;3;"2022-04-24";"coal";1332.97;102.01;198.66
5058;3;"2023-08-04";"coal";179.15;9.82;24.66
5059;9;"2023-12-18";"wind";149.71;5.18;2.89
5060;2;"2023-04-03";"gas";1259.27;70.33;452.83
5061;4;"2022-12-16";"electricity";154.59;9.79;71.47
5062;8;"2022-06-17";"gas";1610.01;160.49;410.98
5063;9;"2021-08-04";"wind";50.05;1.87;2.37
5064;1;"2022-09-21";"electricity";1090.3;153.41;332.64
5065;5;"2022-08-06";"electricity";1233.03;155.1;185.3
5066;9;"2022-12-27";"wind";404.06;15.1;18.79
5067;9;"2023-04-21";"wind";428.54;14.85;5.19
5068;2;"2023-06-12";"gas";1392.13;200.92;600.57
5069;7;"2023-02-24";"electricity";718.91;84.03;274.66
5070;4;"2023-03-17";"electricity";878.51;69.08;233.08
5071;1;"2021-07-28";"electricity";1885.42;221.14;904.3
5072;5;"2022-09-30";"electricity";692.89;42.19;306.5
5073;4;"2023-09-27";"electricity";1896.79;281.06;206.83
5074;3;"2024-02-04";"coal";875.29;115.42;210.54
5075;8;"2023-12-01";"gas";792.71;94.34;229.29
5076;1;"2022-07-24";"electricity";1584.69;147.28;742.21
5077;5;"2022-12-11";"electricity";1544.32;156.31;691.71
5078;1;"2022-03-18";"electricity";1843.94;186.61;423.59
5079;3;"2022-12-16";"coal";1392.23;157.63;677.66
5080;6;"2023-08-12";"coal";795.59;75.0;283.24
5081;2;"2022-06-20";"gas";367.51;32.32;43.69
5082;3;"2022-04-08";"coal";1849.76;145.37;391.61
5083;2;"2023-03-31";"gas";703.1;63.23;294.37
5084;2;"2021-10-21";"gas";909.01;62.0;220.97
5085;1;"2023-07-09";"electricity";454.41;45.68;176.8
5086;10;"2021-07-19";"wind";163.41;4.44;2.23
5087;6;"2023-09-15";"coal";660.24;39.86;235.37
5088;10;"2021-06-06";"wind";458.61;11.36;21.71
5089;8;"2024-03-05";"gas";1832.33;160.28;290.9
5090;10;"2023-03-07";"wind";55.09;1.67;2.46
5091;7;"2022-08-01";"electricity";1803.74;215.8;490.06
5092;7;"2023-07-27";"electricity";1554.18;114.49;543.72
5093;9;"2023-02-25";"wind";458.3;13.65;8.05
5094;4;"2021-10-31";"electricity";602.93;31.03;149.37
5095;5;"2022-06-14";"electricity";1228.24;155.09;268.64
5096;7;"2024-02-04";"electricity";1909.52;133.72;325.17
5097;5;"2023-10-23";"electricity";539.75;44.78;149.02
5098;4;"2023-01-16";"electricity";485.85;45.1;124.48
5099;10;"2023-12-24";"wind";485.78;11.89;14.52
5100;4;"2022-01-27";"electricity";1421.29;121.0;625.17
5101;4;"2023-05-30";"electricity";156.01;8.13;16.88
5102;8;"2022-02-05";"gas";1314.86;159.66;178.23
5103;4;"2022-05-01";"electricity";1560.85;210.71;235.63
5104;6;"2023-05-14";"coal";534.97;41.54;120.68
5105;5;"2021-07-29";"electricity";354.87;33.62;170.68
5106;8;"2022-09-27";"gas";1880.77;261.27;939.92
5107;9;"2023-05-14";"wind";152.91;3.43;7.16
5108;3;"2023-11-25";"coal";578.46;73.52;202.06
5109;4;"2024-03-26";"electricity";342.76;32.55;90.67
5110;10;"2022-10-16";"wind";305.38;14.65;4.22
5111;4;"2022-07-27";"electricity";1451.7;214.25;425.98
5112;3;"2023-05-18";"coal";938.21;92.84;148.0
5113;4;"2022-10-02";"electricity";1155.3;78.2;212.37
5114;5;"2022-05-21";"electricity";1021.48;128.96;498.3
5115;3;"2022-02-04";"coal";1533.15;149.66;575.39
5116;8;"2024-01-02";"gas";556.91;69.52;191.55
5117;2;"2023-07-23";"gas";917.25;98.05;408.71
5118;4;"2021-08-29";"electricity";726.5;91.0;107.07
5119;10;"2021-08-30";"wind";70.97;2.65;3.24
5120;9;"2023-06-12";"wind";247.66;9.93;9.69
5121;6;"2022-02-05";"coal";1606.89;214.64;221.81
5122;1;"2022-08-07";"electricity";1383.9;112.51;231.94
5123;6;"2024-05-04";"coal";580.36;62.4;260.3
5124;6;"2022-07-20";"coal";680.04;92.34;101.88
5125;6;"2023-03-11";"coal";1646.66;202.55;672.22
5126;6;"2021-06-25";"coal";331.47;30.99;133.07
5127;5;"2022-09-04";"electricity";1911.48;180.15;734.78
5128;6;"2023-10-19";"coal";1348.12;73.53;192.99
5129;6;"2023-06-08";"coal";998.58;126.42;492.87
5130;6;"2022-02-07";"coal";476.57;44.31;55.9
5131;7;"2022-10-23";"electricity";1216.12;75.92;235.96
5132;3;"2023-08-28";"coal";1671.88;155.92;361.11
5133;3;"2023-12-28";"coal";123.71;14.51;36.42
5134;6;"2021-10-08";"coal";233.86;23.38;61.87
5135;1;"2023-08-03";"electricity";492.54;31.03;121.52
5136;10;"2023-03-25";"wind";306.26;14.33;4.93
5137;4;"2022-05-30";"electricity";1461.49;143.99;169.3
5138;5;"2021-08-01";"electricity";1591.81;216.44;178.58
5139;2;"2023-07-25";"gas";799.61;81.97;117.98
5140;8;"2021-09-24";"gas";917.18;97.92;106.99
5141;2;"2024-03-09";"gas";1326.01;128.18;572.94
5142;3;"2022-06-07";"coal";378.58;22.78;60.07
5143;2;"2023-11-24";"gas";212.26;12.04;56.73
5144;10;"2023-05-29";"wind";495.55;13.15;11.2
5145;10;"2024-03-13";"wind";92.47;3.73;4.09
5146;7;"2024-04-28";"electricity";932.41;98.71;96.87
5147;2;"2023-10-02";"gas";1950.99;223.68;854.23
5148;10;"2021-09-30";"wind";471.22;10.19;13.93
5149;10;"2023-01-28";"wind";423.32;16.55;5.66
5150;7;"2021-12-16";"electricity";462.42;32.19;115.77
5151;3;"2022-08-21";"coal";200.26;27.38;54.65
5152;10;"2022-11-09";"wind";36.03;1.49;0.41
5153;6;"2021-11-03";"coal";752.31;61.33;155.68
5154;7;"2021-08-24";"electricity";589.29;37.34;98.38
5155;7;"2022-07-30";"electricity";1280.85;94.02;384.48
5156;2;"2021-08-04";"gas";1235.09;68.34;608.57
5157;6;"2024-03-26";"coal";298.22;17.67;114.81
5158;9;"2024-01-28";"wind";299.47;14.02;9.83
5159;8;"2024-02-16";"gas";698.63;39.68;94.86
5160;8;"2024-02-09";"gas";1289.07;111.46;461.25
5161;7;"2022-01-02";"electricity";450.34;66.67;49.59
5162;2;"2023-01-04";"gas";1911.3;143.14;871.43
5163;6;"2021-11-05";"coal";245.58;27.81;107.88
5164;3;"2024-03-23";"coal";560.25;50.32;270.54
5165;5;"2022-06-19";"electricity";1195.68;159.66;155.31
5166;4;"2023-10-22";"electricity";1721.22;199.02;297.1
5167;3;"2021-12-16";"coal";199.43;29.51;54.14
5168;7;"2022-07-17";"electricity";483.78;46.0;174.65
5169;4;"2024-02-08";"electricity";1022.42;86.61;500.35
5170;5;"2023-11-28";"electricity";1989.23;197.32;488.11
5171;4;"2022-08-25";"electricity";1091.71;78.59;269.52
5172;4;"2021-12-04";"electricity";1412.45;137.06;376.85
5173;5;"2023-12-26";"electricity";1227.35;153.13;324.09
5174;6;"2023-05-23";"coal";1769.72;93.58;572.12
5175;2;"2022-03-21";"gas";729.69;88.74;74.19
5176;2;"2023-11-01";"gas";103.58;5.4;29.3
5177;5;"2022-11-25";"electricity";746.2;60.18;204.62
5178;8;"2023-08-13";"gas";800.35;65.72;295.66
5179;6;"2021-11-05";"coal";177.64;26.16;56.85
5180;10;"2023-07-11";"wind";37.88;1.31;1.06
5181;5;"2022-01-19";"electricity";311.15;27.16;144.63
5182;1;"2024-04-07";"electricity";1282.58;75.17;194.1
5183;7;"2021-07-20";"electricity";1072.93;63.03;287.17
5184;6;"2024-01-07";"coal";432.2;47.32;62.17
5185;8;"2022-10-01";"gas";939.62;69.37;219.7
5186;3;"2024-01-13";"coal";345.12;19.58;157.53
5187;2;"2022-01-07";"gas";713.7;104.52;164.06
5188;1;"2023-09-20";"electricity";1541.51;198.85;192.65
5189;6;"2021-06-15";"coal";417.46;23.91;155.12
5190;7;"2023-01-07";"electricity";1375.24;160.37;457.0
5191;8;"2022-08-25";"gas";1053.31;90.54;222.71
5192;7;"2022-08-26";"electricity";1925.3;193.81;658.62
5193;2;"2022-01-12";"gas";1976.86;136.74;966.87
5194;5;"2023-09-23";"electricity";1215.97;169.31;514.19
5195;5;"2023-06-25";"electricity";687.06;75.29;75.7
5196;5;"2024-02-14";"electricity";247.66;33.56;52.68
5197;5;"2023-09-03";"electricity";1791.66;110.32;860.48
5198;9;"2024-02-20";"wind";53.14;2.05;1.03
5199;7;"2024-03-22";"electricity";1537.61;181.27;483.12
5200;4;"2024-02-20";"electricity";1081.59;65.47;393.45
5201;8;"2021-10-13";"gas";179.87;10.18;36.19
5202;6;"2024-01-10";"coal";1856.45;277.88;915.27
5203;10;"2021-10-16";"wind";342.72;12.04;8.74
5204;9;"2021-09-27";"wind";80.23;2.4;2.1
5205;8;"2023-06-23";"gas";1046.78;133.57;392.28
5206;2;"2024-02-27";"gas";1160.01;90.64;168.27
5207;3;"2021-11-13";"coal";433.68;57.06;176.81
5208;3;"2021-11-10";"coal";1583.95;192.97;516.85
5209;3;"2022-02-23";"coal";894.95;89.84;290.48
5210;7;"2024-03-06";"electricity";1363.13;190.81;357.39
5211;4;"2024-01-12";"electricity";1946.91;108.2;885.71
5212;2;"2024-02-22";"gas";1123.98;103.77;401.9
5213;1;"2023-05-27";"electricity";1113.65;93.32;476.64
5214;3;"2022-02-27";"coal";730.13;88.34;151.96
5215;2;"2023-11-14";"gas";1828.34;205.76;865.12
5216;4;"2024-01-03";"electricity";960.99;48.07;244.01
5217;7;"2023-08-20";"electricity";1356.14;163.51;583.48
5218;3;"2022-03-09";"coal";1029.03;86.96;202.19
5219;3;"2022-03-28";"coal";1414.47;180.16;326.95
5220;8;"2022-11-26";"gas";1964.1;233.63;318.68
5221;6;"2022-12-05";"coal";1648.96;202.05;365.25
5222;2;"2022-09-16";"gas";398.73;36.27;179.02
5223;9;"2024-01-28";"wind";34.97;0.94;1.1
5224;6;"2023-05-22";"coal";1210.0;146.66;478.23
5225;10;"2021-07-12";"wind";260.93;11.43;9.82
5226;7;"2021-09-30";"electricity";699.93;36.21;79.25
5227;5;"2022-04-19";"electricity";1724.91;137.57;522.95
5228;3;"2023-12-25";"coal";1139.69;88.76;140.46
5229;10;"2021-08-30";"wind";173.9;8.22;6.53
5230;8;"2021-09-27";"gas";1620.76;118.44;259.28
5231;2;"2022-03-21";"gas";1023.88;86.39;393.1
5232;2;"2022-12-31";"gas";1079.68;83.27;411.19
5233;6;"2022-08-17";"coal";1884.49;113.66;615.9
5234;2;"2023-03-04";"gas";426.27;23.54;195.87
5235;7;"2023-11-25";"electricity";1619.49;147.57;460.54
5236;5;"2021-12-30";"electricity";1757.79;254.21;705.06
5237;5;"2023-01-03";"electricity";323.11;44.79;99.83
5238;1;"2023-02-15";"electricity";484.34;58.45;51.08
5239;2;"2023-10-07";"gas";204.46;20.63;23.67
5240;4;"2022-11-19";"electricity";1978.54;125.85;534.32
5241;9;"2023-06-24";"wind";325.7;15.98;13.12
5242;1;"2024-02-29";"electricity";1618.31;223.54;726.94
5243;6;"2023-12-30";"coal";687.97;98.01;196.46
5244;4;"2023-01-20";"electricity";1273.99;91.43;382.15
5245;5;"2022-09-06";"electricity";161.3;20.07;74.39
5246;1;"2021-12-28";"electricity";1144.14;156.97;272.72
5247;4;"2023-06-16";"electricity";826.4;57.8;101.8
5248;2;"2023-02-02";"gas";185.35;20.31;56.14
5249;8;"2024-01-07";"gas";719.18;49.34;270.93
5250;6;"2023-11-20";"coal";1463.48;217.7;370.47
5251;10;"2022-06-05";"wind";348.33;9.95;15.29
5252;4;"2022-09-05";"electricity";640.51;38.72;103.44
5253;10;"2022-12-27";"wind";467.29;17.25;5.24
5254;7;"2021-10-04";"electricity";815.32;113.33;130.92
5255;3;"2022-11-11";"coal";642.83;48.18;218.6
5256;10;"2022-06-04";"wind";51.87;1.41;1.53
5257;6;"2024-02-21";"coal";1614.04;234.74;760.58
5258;2;"2023-03-01";"gas";1722.48;185.35;580.88
5259;8;"2022-02-14";"gas";792.77;69.85;365.59
5260;10;"2022-01-20";"wind";138.13;2.93;1.81
5261;7;"2023-11-05";"electricity";698.23;98.23;133.97
5262;7;"2021-07-14";"electricity";275.5;27.4;40.51
5263;4;"2023-07-29";"electricity";801.07;49.34;264.06
5264;2;"2023-07-20";"gas";1002.34;56.28;270.03
5265;10;"2021-09-04";"wind";491.31;14.31;8.07
5266;2;"2021-06-03";"gas";1265.8;157.22;346.82
5267;10;"2022-12-27";"wind";240.81;10.58;3.13
5268;4;"2021-10-26";"electricity";260.2;18.5;56.34
5269;2;"2022-04-29";"gas";388.8;45.1;77.19
5270;3;"2024-03-30";"coal";481.74;35.63;66.01
5271;8;"2021-11-05";"gas";955.01;49.45;200.83
5272;6;"2021-12-06";"coal";331.59;19.7;66.63
5273;6;"2022-06-12";"coal";1682.36;155.86;353.77
5274;6;"2021-08-24";"coal";492.23;43.9;202.04
5275;1;"2022-10-27";"electricity";185.26;21.99;40.67
5276;2;"2022-06-14";"gas";1349.99;119.77;231.19
5277;9;"2023-10-30";"wind";233.13;5.31;11.43
5278;2;"2022-09-24";"gas";330.21;44.27;134.4
5279;7;"2024-02-19";"electricity";322.66;17.85;75.5
5280;1;"2023-03-27";"electricity";972.33;70.54;118.74
5281;6;"2022-05-21";"coal";1680.63;87.88;505.77
5282;5;"2024-02-15";"electricity";401.78;21.62;43.96
5283;6;"2022-09-27";"coal";1564.8;156.53;490.94
5284;7;"2023-04-30";"electricity";145.22;21.22;57.81
5285;10;"2021-12-06";"wind";26.57;1.01;1.25
5286;2;"2022-03-16";"gas";332.72;45.33;45.93
5287;9;"2023-02-07";"wind";373.17;12.52;9.44
5288;5;"2023-08-19";"electricity";1271.62;156.6;417.9
5289;10;"2021-06-12";"wind";352.08;13.12;7.95
5290;3;"2023-05-09";"coal";1904.21;153.15;459.98
5291;1;"2023-01-03";"electricity";762.45;82.59;265.57
5292;5;"2023-10-28";"electricity";1140.52;58.81;180.29
5293;9;"2023-09-18";"wind";121.68;4.41;1.95
5294;4;"2021-06-21";"electricity";427.7;61.13;194.04
5295;1;"2024-05-27";"electricity";654.54;41.27;172.97
5296;8;"2023-08-24";"gas";785.97;90.44;302.23
5297;10;"2022-08-26";"wind";184.57;8.32;3.81
5298;8;"2023-08-24";"gas";1410.1;71.84;476.3
5299;8;"2024-01-20";"gas";821.0;106.93;354.62
5300;5;"2023-02-22";"electricity";664.29;63.22;101.28
5301;10;"2024-01-19";"wind";194.38;6.64;7.38
5302;5;"2023-01-21";"electricity";240.42;19.88;119.53
5303;6;"2024-03-23";"coal";1275.6;90.98;381.33
5304;3;"2022-05-16";"coal";817.16;69.32;240.79
5305;4;"2023-06-30";"electricity";224.14;31.18;95.9
5306;1;"2022-03-11";"electricity";1465.86;219.33;701.81
5307;10;"2022-01-09";"wind";217.24;7.95;7.65
5308;1;"2024-04-04";"electricity";1222.93;150.47;148.47
5309;1;"2023-07-08";"electricity";356.92;34.82;100.97
5310;6;"2023-01-11";"coal";1437.1;103.83;285.01
5311;9;"2022-11-25";"wind";179.98;5.28;7.71
5312;6;"2022-04-30";"coal";194.5;20.18;74.87
5313;7;"2023-11-28";"electricity";1986.29;126.07;288.79
5314;6;"2022-11-28";"coal";1995.32;155.01;839.15
5315;5;"2023-12-24";"electricity";274.8;14.2;110.22
5316;2;"2023-02-28";"gas";1559.73;161.76;777.38
5317;10;"2021-11-01";"wind";359.83;11.04;12.68
5318;2;"2023-01-13";"gas";1207.36;127.51;153.27
5319;3;"2023-09-20";"coal";125.38;18.78;31.74
5320;6;"2022-09-10";"coal";1076.01;107.68;345.77
5321;1;"2023-05-10";"electricity";1672.29;191.65;579.24
5322;2;"2021-06-15";"gas";1341.43;190.23;415.07
5323;2;"2023-10-08";"gas";711.88;63.76;156.58
5324;5;"2023-03-18";"electricity";1247.66;86.78;210.58
5325;10;"2023-08-22";"wind";49.62;2.39;1.08
5326;9;"2023-10-25";"wind";384.98;10.97;16.13
5327;2;"2024-01-29";"gas";1536.66;123.47;536.0
5328;6;"2023-05-05";"coal";1727.92;140.29;473.6
5329;2;"2022-07-22";"gas";1189.27;170.41;538.4
5330;6;"2023-06-01";"coal";1933.74;252.47;791.86
5331;3;"2023-12-11";"coal";769.11;114.17;94.32
5332;6;"2024-02-22";"coal";1560.23;89.72;737.19
5333;10;"2022-08-17";"wind";161.35;4.62;3.41
5334;8;"2022-02-21";"gas";1329.12;95.04;387.67
5335;10;"2022-03-14";"wind";239.44;10.24;6.91
5336;7;"2023-12-08";"electricity";1747.53;241.51;276.38
5337;3;"2022-10-10";"coal";904.54;61.72;95.23
5338;4;"2024-02-10";"electricity";1747.54;145.38;746.66
5339;8;"2022-06-02";"gas";924.47;72.38;139.32
5340;6;"2022-08-23";"coal";360.86;24.15;94.43
5341;5;"2021-07-09";"electricity";1109.13;103.63;353.88
5342;3;"2023-10-16";"coal";1009.95;144.56;362.29
5343;5;"2021-12-04";"electricity";411.92;48.8;169.16
5344;6;"2023-08-26";"coal";1900.28;131.38;643.12
5345;4;"2023-08-10";"electricity";144.62;20.39;20.57
5346;6;"2023-07-04";"coal";1251.07;183.48;418.33
5347;7;"2021-10-04";"electricity";721.58;99.98;219.26
5348;6;"2021-10-13";"coal";1661.66;153.49;546.63
5349;2;"2021-06-11";"gas";567.78;51.58;222.76
5350;9;"2023-01-01";"wind";147.83;7.03;5.75
5351;2;"2022-10-11";"gas";1985.55;141.89;796.99
5352;7;"2024-04-03";"electricity";683.54;94.35;145.93
5353;9;"2023-02-10";"wind";194.31;5.67;2.53
5354;4;"2021-11-29";"electricity";178.11;14.43;29.64
5355;6;"2023-03-11";"coal";584.75;60.58;58.75
5356;1;"2024-01-07";"electricity";1828.85;200.09;442.58
5357;1;"2022-12-09";"electricity";1673.41;188.24;315.09
5358;5;"2022-09-11";"electricity";700.25;73.92;272.45
5359;6;"2023-11-05";"coal";376.9;53.47;143.26
5360;6;"2023-07-20";"coal";1592.25;127.38;516.1
5361;9;"2022-04-05";"wind";255.37;10.52;7.74
5362;10;"2023-01-12";"wind";408.87;18.63;12.16
5363;3;"2022-03-13";"coal";409.18;32.01;46.43
5364;6;"2022-05-29";"coal";1068.95;139.04;430.93
5365;1;"2023-11-30";"electricity";400.17;40.98;48.39
5366;3;"2022-06-11";"coal";563.42;47.0;257.46
5367;3;"2022-10-15";"coal";1110.13;104.94;136.56
5368;2;"2022-09-03";"gas";1893.35;265.4;353.47
5369;4;"2022-11-28";"electricity";1734.64;193.32;656.99
5370;9;"2023-03-27";"wind";417.76;9.91;16.27
5371;4;"2022-06-24";"electricity";664.13;44.13;262.63
5372;2;"2023-05-29";"gas";365.01;46.68;162.45
5373;2;"2021-06-21";"gas";853.87;86.74;280.9
5374;1;"2023-02-28";"electricity";809.71;99.25;234.7
5375;8;"2021-12-17";"gas";211.79;26.42;78.97
5376;10;"2022-11-18";"wind";308.28;6.64;3.58
5377;7;"2021-09-27";"electricity";683.9;40.96;341.78
5378;8;"2022-08-09";"gas";687.97;101.67;123.85
5379;2;"2023-12-16";"gas";517.9;52.51;114.45
5380;2;"2023-09-08";"gas";1131.37;153.04;439.59
5381;5;"2022-05-07";"electricity";137.77;11.61;45.49
5382;7;"2023-03-08";"electricity";1507.33;192.99;600.78
5383;7;"2024-04-27";"electricity";866.81;50.97;224.69
5384;5;"2023-03-05";"electricity";176.3;16.77;72.28
5385;1;"2021-12-08";"electricity";1038.75;83.19;347.59
5386;7;"2021-09-06";"electricity";1372.68;160.53;245.14
5387;7;"2022-04-06";"electricity";1145.93;63.35;383.4
5388;1;"2022-08-13";"electricity";1159.68;139.73;512.33
5389;2;"2022-11-20";"gas";864.64;106.9;205.26
5390;10;"2021-12-18";"wind";467.24;16.96;19.41
5391;4;"2023-11-24";"electricity";1836.76;223.86;558.74
5392;8;"2022-10-22";"gas";1425.41;191.55;257.55
5393;3;"2023-08-09";"coal";1227.55;142.59;160.06
5394;10;"2024-01-01";"wind";242.74;6.36;9.57
5395;1;"2022-06-04";"electricity";301.05;28.63;78.16
5396;5;"2023-07-26";"electricity";1034.57;81.4;429.0
5397;8;"2021-08-21";"gas";598.01;38.36;102.42
5398;5;"2024-01-24";"electricity";621.15;64.23;73.57
5399;2;"2022-04-10";"gas";1183.24;118.35;283.68
5400;8;"2021-11-22";"gas";1932.29;228.18;882.09
5401;2;"2023-09-24";"gas";190.14;17.91;75.0
5402;2;"2022-07-23";"gas";1944.11;121.86;626.64
5403;6;"2023-11-07";"coal";128.85;15.69;20.18
5404;6;"2021-12-04";"coal";1489.42;129.03;170.26
5405;3;"2023-06-29";"coal";301.29;21.18;108.98
5406;2;"2023-07-11";"gas";382.85;47.77;57.3
5407;10;"2022-04-13";"wind";368.8;9.61;5.73
5408;4;"2022-06-12";"electricity";1182.8;175.21;477.74
5409;8;"2022-12-22";"gas";1343.94;129.65;408.52
5410;7;"2024-01-22";"electricity";750.06;70.02;338.31
5411;8;"2022-06-26";"gas";1972.21;122.23;415.08
5412;3;"2023-11-29";"coal";1011.02;76.65;216.7
5413;9;"2022-09-16";"wind";205.97;7.18;4.28
5414;1;"2022-11-02";"electricity";1857.17;246.38;570.03
5415;9;"2024-05-16";"wind";146.44;3.01;3.08
5416;8;"2024-04-07";"gas";976.81;59.05;135.37
5417;1;"2023-11-03";"electricity";937.82;86.65;155.43
5418;2;"2022-04-17";"gas";970.95;121.79;481.53
5419;8;"2023-07-01";"gas";1085.99;62.27;170.57
5420;4;"2023-10-16";"electricity";507.22;75.17;109.75
5421;7;"2022-08-24";"electricity";444.28;53.66;169.83
5422;5;"2024-02-27";"electricity";1091.24;123.94;530.37
5423;6;"2021-10-22";"coal";1672.97;118.59;703.95
5424;3;"2022-07-25";"coal";1264.89;164.82;450.86
5425;10;"2023-01-19";"wind";467.2;9.5;6.84
5426;5;"2022-06-02";"electricity";738.33;78.61;139.11
5427;10;"2021-12-10";"wind";418.28;18.13;17.58
5428;4;"2021-07-17";"electricity";831.4;91.28;409.53
5429;3;"2023-06-28";"coal";337.41;38.06;164.35
5430;10;"2021-06-26";"wind";247.98;8.0;11.33
5431;2;"2023-04-16";"gas";1728.3;253.51;684.92
5432;5;"2022-10-12";"electricity";1931.19;235.18;362.2
5433;2;"2024-03-06";"gas";1431.06;108.82;312.78
5434;2;"2023-11-19";"gas";1487.35;121.45;639.35
5435;5;"2023-03-28";"electricity";1599.35;114.36;506.15
5436;2;"2022-07-02";"gas";360.78;32.94;36.82
5437;2;"2022-12-17";"gas";351.5;47.7;72.81
5438;6;"2023-01-21";"coal";1983.59;165.92;823.38
5439;9;"2022-09-24";"wind";234.89;5.19;7.08
5440;8;"2022-02-02";"gas";1630.59;221.2;601.7
5441;1;"2022-09-06";"electricity";1875.45;116.99;778.84
5442;2;"2021-12-10";"gas";1134.26;167.21;356.04
5443;4;"2022-11-02";"electricity";280.13;25.99;41.16
5444;9;"2022-04-01";"wind";186.18;6.29;7.04
5445;6;"2021-10-03";"coal";537.96;63.46;129.13
5446;8;"2021-11-21";"gas";1222.19;85.44;581.95
5447;10;"2023-06-22";"wind";130.63;5.59;3.64
5448;2;"2023-08-02";"gas";757.56;58.19;292.09
5449;6;"2024-01-15";"coal";254.78;20.69;123.03
5450;4;"2023-03-08";"electricity";855.76;107.13;230.5
5451;2;"2022-10-25";"gas";1091.84;106.93;317.38
5452;7;"2023-02-23";"electricity";1451.74;94.5;331.95
5453;3;"2022-03-11";"coal";1394.39;186.83;456.77
5454;8;"2023-08-04";"gas";1216.27;135.41;231.45
5455;1;"2023-08-03";"electricity";1161.56;133.66;267.7
5456;8;"2022-06-03";"gas";336.92;22.2;65.75
5457;7;"2024-05-05";"electricity";321.34;45.24;117.54
5458;8;"2022-01-12";"gas";1355.44;200.2;353.06
5459;5;"2024-02-16";"electricity";1876.52;131.64;491.84
5460;1;"2021-07-07";"electricity";188.77;17.96;40.95
5461;6;"2022-12-01";"coal";348.29;35.85;90.28
5462;4;"2021-07-12";"electricity";1496.64;184.34;453.15
5463;6;"2023-05-10";"coal";428.01;34.44;85.37
5464;6;"2024-05-15";"coal";459.96;54.2;186.61
5465;4;"2021-07-09";"electricity";484.98;70.74;110.71
5466;2;"2022-01-07";"gas";394.97;40.1;95.99
5467;6;"2022-11-13";"coal";613.74;39.94;224.33
5468;9;"2022-03-23";"wind";15.45;0.76;0.17
5469;6;"2023-01-04";"coal";745.87;48.79;176.75
5470;2;"2021-06-25";"gas";952.53;111.26;279.99
5471;3;"2021-08-23";"coal";1797.73;124.42;875.43
5472;1;"2022-09-12";"electricity";859.22;89.23;242.16
5473;5;"2021-12-24";"electricity";698.3;60.9;119.09
5474;1;"2022-11-24";"electricity";777.28;43.89;129.1
5475;8;"2022-12-05";"gas";137.87;14.85;20.52
5476;4;"2022-09-22";"electricity";1152.07;99.29;131.79
5477;7;"2021-12-02";"electricity";209.53;31.0;32.18
5478;2;"2022-08-12";"gas";255.93;32.8;98.91
5479;3;"2023-11-29";"coal";1852.96;139.16;866.84
5480;4;"2021-09-23";"electricity";626.29;89.19;248.14
5481;4;"2021-12-04";"electricity";1915.99;169.32;425.92
5482;3;"2023-01-12";"coal";1983.46;285.58;444.93
5483;6;"2023-05-04";"coal";1700.62;189.47;848.25
5484;7;"2024-05-27";"electricity";575.0;65.7;163.39
5485;1;"2022-06-21";"electricity";1923.71;187.53;957.37
5486;2;"2023-04-18";"gas";1582.53;215.47;624.2
5487;8;"2021-10-31";"gas";1410.73;128.92;287.73
5488;4;"2022-04-24";"electricity";1140.15;60.0;201.74
5489;1;"2022-07-22";"electricity";906.21;81.34;448.74
5490;10;"2022-08-23";"wind";265.06;5.33;10.81
5491;5;"2023-03-08";"electricity";1307.62;120.97;437.04
5492;3;"2023-12-08";"coal";1720.8;100.33;830.77
5493;3;"2023-12-08";"coal";964.56;100.33;105.27
5494;4;"2022-04-26";"electricity";581.94;31.74;269.66
5495;7;"2023-05-31";"electricity";1500.5;123.09;150.2
5496;4;"2022-05-28";"electricity";795.18;93.25;189.78
5497;9;"2021-06-09";"wind";293.5;11.02;9.22
5498;8;"2022-02-26";"gas";1735.54;207.62;280.37
5499;5;"2021-11-19";"electricity";1299.99;165.15;542.54
5500;7;"2022-05-01";"electricity";875.42;103.98;226.84
5501;5;"2021-06-29";"electricity";1014.62;79.29;497.14
5502;1;"2022-01-27";"electricity";1478.21;162.85;156.82
5503;3;"2023-05-29";"coal";1353.93;110.71;584.23
5504;4;"2022-02-10";"electricity";1161.81;111.14;423.2
5505;1;"2022-12-17";"electricity";1415.4;117.36;154.68
5506;2;"2023-05-23";"gas";539.66;65.66;96.49
5507;9;"2022-05-14";"wind";138.94;5.42;3.95
5508;4;"2022-01-13";"electricity";621.0;91.17;296.31
5509;6;"2021-10-08";"coal";1693.0;128.01;583.45
5510;8;"2022-10-02";"gas";815.2;86.95;312.71
5511;6;"2021-11-06";"coal";781.82;77.29;263.2
5512;5;"2022-12-28";"electricity";1442.6;175.91;675.86
5513;7;"2021-12-10";"electricity";605.38;44.37;92.71
5514;3;"2023-11-22";"coal";437.73;39.66;82.3
5515;4;"2023-03-16";"electricity";1387.45;112.63;298.47
5516;3;"2021-06-23";"coal";1638.89;163.2;640.67
5517;10;"2023-08-08";"wind";14.09;0.51;0.65
5518;10;"2023-12-26";"wind";244.16;5.26;8.5
5519;5;"2022-02-21";"electricity";121.88;14.47;31.97
5520;4;"2023-03-09";"electricity";1927.7;202.8;547.89
5521;2;"2023-11-07";"gas";472.26;57.01;158.45
5522;7;"2024-05-26";"electricity";1736.19;228.09;197.91
5523;9;"2024-02-23";"wind";45.45;1.89;0.81
5524;5;"2021-08-30";"electricity";1925.1;160.44;210.74
5525;6;"2022-08-30";"coal";775.52;51.94;175.71
5526;10;"2022-10-09";"wind";358.42;15.39;14.74
5527;10;"2022-10-21";"wind";140.0;2.82;5.16
5528;4;"2023-10-14";"electricity";725.09;41.37;308.8
5529;4;"2022-11-22";"electricity";1527.11;168.04;754.61
5530;9;"2024-05-26";"wind";300.17;10.88;10.06
5531;6;"2023-08-16";"coal";1422.35;90.54;328.67
5532;2;"2022-02-14";"gas";1930.49;234.99;620.0
5533;4;"2022-01-05";"electricity";503.95;67.52;225.11
5534;6;"2024-04-25";"coal";874.49;115.42;356.06
5535;4;"2024-05-10";"electricity";520.69;66.7;60.53
5536;10;"2022-12-03";"wind";253.67;8.99;6.2
5537;6;"2022-12-14";"coal";1791.62;115.78;214.34
5538;10;"2021-07-28";"wind";373.58;10.95;16.87
5539;1;"2022-09-30";"electricity";1364.52;202.09;383.9
5540;3;"2022-04-10";"coal";451.45;48.21;96.46
5541;3;"2022-02-03";"coal";343.67;41.87;43.26
5542;5;"2021-07-21";"electricity";861.21;109.67;330.23
5543;2;"2023-04-15";"gas";521.04;46.02;124.62
5544;7;"2022-12-03";"electricity";484.99;53.79;142.78
5545;2;"2024-02-14";"gas";1127.03;92.17;334.3
5546;10;"2021-07-29";"wind";407.81;13.32;16.99
5547;10;"2021-07-30";"wind";184.75;4.98;4.15
5548;2;"2022-12-26";"gas";1560.5;97.43;304.1
5549;1;"2022-08-31";"electricity";1872.43;158.76;263.73
5550;10;"2022-08-01";"wind";24.62;0.62;0.58
5551;8;"2024-01-02";"gas";1513.17;130.03;681.52
5552;4;"2024-02-23";"electricity";1615.32;168.2;552.34
5553;7;"2022-12-24";"electricity";1253.34;96.74;557.98
5554;9;"2023-02-24";"wind";266.08;10.35;6.27
5555;3;"2023-05-22";"coal";1619.22;159.55;546.68
5556;4;"2023-11-18";"electricity";1893.66;164.35;877.99
5557;7;"2022-12-31";"electricity";1561.94;185.26;719.44
5558;4;"2022-07-11";"electricity";1728.28;243.11;549.09
5559;8;"2023-06-22";"gas";107.85;6.09;15.74
5560;3;"2023-09-21";"coal";495.44;37.72;137.06
5561;3;"2021-06-12";"coal";1637.87;137.14;488.18
5562;5;"2024-02-08";"electricity";513.95;76.89;161.85
5563;6;"2021-10-11";"coal";687.1;59.22;249.26
5564;8;"2024-04-29";"gas";1277.04;169.6;573.51
5565;5;"2022-11-03";"electricity";1939.24;236.83;495.83
5566;4;"2022-05-08";"electricity";503.21;54.91;165.91
5567;7;"2022-09-17";"electricity";1416.42;194.92;657.49
5568;6;"2022-07-10";"coal";1824.88;217.59;511.08
5569;1;"2023-07-27";"electricity";1636.77;179.65;774.31
5570;10;"2024-04-05";"wind";16.64;0.48;0.21
5571;3;"2024-05-17";"coal";1908.16;188.66;281.66
5572;1;"2022-09-18";"electricity";386.75;41.25;128.43
5573;6;"2023-11-04";"coal";984.3;105.33;224.66
5574;1;"2021-10-09";"electricity";1318.22;162.16;221.22
5575;2;"2023-02-14";"gas";678.25;48.18;204.58
5576;9;"2021-10-24";"wind";115.69;4.77;4.72
5577;6;"2021-07-17";"coal";191.65;28.6;48.72
5578;1;"2021-10-06";"electricity";324.6;47.53;142.23
5579;9;"2022-07-22";"wind";403.9;19.57;14.51
5580;10;"2022-06-25";"wind";82.55;3.06;1.13
5581;9;"2022-11-06";"wind";233.81;10.42;2.82
5582;10;"2021-07-29";"wind";86.95;4.22;3.86
5583;4;"2023-01-14";"electricity";852.02;86.29;88.55
5584;7;"2023-04-12";"electricity";587.99;51.68;202.03
5585;3;"2022-11-07";"coal";911.52;47.29;277.08
5586;3;"2023-10-21";"coal";1374.55;80.54;461.63
5587;2;"2024-01-31";"gas";260.61;34.95;32.87
5588;5;"2023-01-16";"electricity";620.14;46.34;115.84
5589;7;"2022-03-16";"electricity";142.89;9.51;55.5
5590;6;"2024-01-27";"coal";1532.09;145.14;380.43
5591;2;"2022-11-27";"gas";543.8;62.22;186.98
5592;5;"2023-08-15";"electricity";1909.05;143.19;412.37
5593;2;"2021-11-06";"gas";841.43;121.67;100.13
5594;3;"2023-11-26";"coal";1240.67;135.51;616.96
5595;4;"2022-04-15";"electricity";1168.89;138.13;206.33
5596;6;"2021-10-28";"coal";1047.25;108.33;350.52
5597;1;"2022-01-23";"electricity";1243.24;164.25;535.13
5598;10;"2022-10-26";"wind";442.82;10.23;20.6
5599;4;"2022-05-05";"electricity";1543.17;163.85;267.53
5600;8;"2022-06-25";"gas";233.03;14.24;82.39
5601;7;"2024-03-06";"electricity";872.1;125.72;264.26
5602;3;"2022-03-13";"coal";219.17;29.31;88.5
5603;5;"2024-05-21";"electricity";1833.65;187.71;379.09
5604;8;"2023-01-31";"gas";320.9;33.74;111.93
5605;3;"2023-01-04";"coal";1968.76;272.72;808.1
5606;8;"2023-04-19";"gas";505.02;75.11;189.61
5607;2;"2021-08-22";"gas";651.62;74.61;314.84
5608;4;"2023-12-16";"electricity";525.83;69.91;124.02
5609;10;"2021-08-03";"wind";141.94;5.14;7.08
5610;2;"2022-02-26";"gas";449.21;60.52;185.87
5611;9;"2021-06-30";"wind";123.61;3.21;2.01
5612;4;"2021-11-27";"electricity";425.96;24.04;182.65
5613;4;"2022-09-06";"electricity";1940.96;142.41;386.0
5614;2;"2022-11-20";"gas";645.08;80.05;99.16
5615;2;"2022-05-20";"gas";1062.28;60.92;362.07
5616;7;"2021-08-19";"electricity";252.88;19.81;54.21
5617;6;"2021-10-08";"coal";1834.72;151.12;490.84
5618;10;"2022-10-29";"wind";162.76;3.64;1.96
5619;9;"2023-08-01";"wind";393.21;15.47;12.56
5620;10;"2023-09-08";"wind";416.95;8.48;17.75
5621;9;"2024-01-10";"wind";183.95;6.4;7.62
5622;1;"2021-08-16";"electricity";925.17;98.05;140.59
5623;10;"2023-02-25";"wind";494.28;14.64;20.56
5624;3;"2022-05-19";"coal";1194.73;176.51;379.49
5625;5;"2023-01-31";"electricity";1810.48;139.31;886.32
5626;5;"2022-07-14";"electricity";1066.36;153.08;489.21
5627;8;"2021-06-20";"gas";895.63;89.14;257.55
5628;9;"2024-05-23";"wind";414.57;19.22;12.51
5629;8;"2021-12-07";"gas";1282.06;169.53;461.45
5630;9;"2024-04-15";"wind";180.28;7.95;7.3
5631;1;"2022-10-10";"electricity";612.94;86.16;121.13
5632;7;"2024-02-23";"electricity";1982.8;194.03;318.02
5633;8;"2022-12-02";"gas";169.48;11.46;27.0
5634;1;"2021-07-03";"electricity";1928.16;261.38;928.44
5635;7;"2023-12-06";"electricity";1511.01;151.07;291.0
5636;1;"2023-06-02";"electricity";1178.68;105.64;571.1
5637;1;"2024-02-08";"electricity";1820.31;236.08;474.12
5638;3;"2024-05-14";"coal";1845.0;137.2;687.43
5639;8;"2023-03-25";"gas";277.1;41.01;107.81
5640;10;"2024-05-05";"wind";217.6;8.99;9.23
5641;1;"2022-02-21";"electricity";330.19;24.42;131.2
5642;8;"2021-12-09";"gas";1144.02;66.96;549.98
5643;10;"2024-03-30";"wind";241.55;9.69;9.86
5644;8;"2022-09-24";"gas";1363.86;111.52;376.46
5645;9;"2021-09-29";"wind";261.94;11.0;2.74
5646;4;"2021-09-03";"electricity";655.92;60.23;293.37
5647;6;"2022-10-13";"coal";1207.1;69.85;362.49
5648;4;"2022-09-25";"electricity";192.08;15.71;36.38
5649;8;"2021-06-17";"gas";380.89;41.29;185.01
5650;1;"2021-06-20";"electricity";1952.71;234.04;386.07
5651;1;"2023-10-16";"electricity";771.7;74.31;234.58
5652;3;"2023-02-05";"coal";379.94;24.88;119.03
5653;3;"2022-08-25";"coal";361.5;42.01;40.9
5654;9;"2023-03-04";"wind";384.05;17.97;9.84
5655;4;"2024-05-01";"electricity";485.23;48.32;154.85
5656;10;"2024-02-21";"wind";165.47;6.57;8.15
5657;2;"2023-05-18";"gas";1470.75;161.82;546.6
5658;6;"2021-09-24";"coal";933.01;127.12;309.42
5659;3;"2023-12-21";"coal";1893.12;193.01;431.9
5660;7;"2021-09-10";"electricity";1314.98;93.02;557.13
5661;6;"2021-08-03";"coal";451.41;35.0;173.07
5662;3;"2023-02-02";"coal";353.56;52.69;166.93
5663;8;"2023-12-31";"gas";1188.15;129.8;562.96
5664;3;"2024-05-20";"coal";663.94;77.44;184.91
5665;6;"2023-01-25";"coal";747.21;109.26;130.02
5666;8;"2022-01-23";"gas";394.21;45.38;132.44
5667;5;"2023-12-01";"electricity";1972.22;290.2;414.04
5668;4;"2023-01-13";"electricity";1946.25;205.54;785.57
5669;3;"2023-05-08";"coal";742.24;66.9;308.24
5670;8;"2024-01-23";"gas";620.09;57.45;259.83
5671;7;"2022-07-30";"electricity";1482.08;195.72;185.38
5672;8;"2021-07-18";"gas";544.22;47.7;238.95
5673;9;"2023-01-07";"wind";448.85;21.49;9.2
5674;4;"2021-11-03";"electricity";446.83;47.57;123.63
5675;6;"2022-11-12";"coal";1246.53;180.22;399.04
5676;3;"2024-03-11";"coal";162.65;17.54;29.28
5677;6;"2022-07-28";"coal";1164.89;90.69;138.11
5678;3;"2022-08-27";"coal";1774.41;244.76;553.67
5679;8;"2024-01-27";"gas";1949.72;225.31;451.74
5680;1;"2024-01-28";"electricity";1952.54;232.4;654.51
5681;1;"2021-11-14";"electricity";1876.97;264.44;502.29
5682;6;"2021-11-17";"coal";1172.02;151.27;423.03
5683;6;"2021-06-18";"coal";1097.49;128.39;279.09
5684;1;"2022-10-16";"electricity";231.47;24.09;112.82
5685;10;"2021-06-22";"wind";428.4;13.96;17.48
5686;1;"2022-12-23";"electricity";1701.57;242.73;345.24
5687;2;"2022-12-13";"gas";912.66;55.71;312.17
5688;9;"2022-03-31";"wind";385.37;10.58;9.74
5689;5;"2023-09-03";"electricity";1262.46;189.08;522.97
5690;9;"2021-07-05";"wind";202.5;4.67;9.49
5691;4;"2024-01-18";"electricity";770.63;41.05;171.75
5692;6;"2021-09-21";"coal";1110.18;133.47;332.43
5693;6;"2023-02-10";"coal";1765.4;146.97;445.72
5694;10;"2024-01-14";"wind";427.78;21.37;6.97
5695;7;"2024-01-02";"electricity";122.12;8.34;37.75
5696;2;"2023-06-06";"gas";1839.73;117.96;542.24
5697;7;"2021-11-28";"electricity";871.07;112.38;356.91
5698;4;"2022-05-31";"electricity";366.49;46.83;105.26
5699;1;"2023-11-17";"electricity";751.54;62.13;211.72
5700;8;"2024-04-04";"gas";477.86;28.24;226.82
5701;10;"2021-10-23";"wind";162.81;7.29;6.44
5702;7;"2024-02-07";"electricity";861.6;123.17;352.53
5703;3;"2021-12-18";"coal";1249.44;157.55;186.73
5704;8;"2022-03-12";"gas";1947.94;180.58;517.97
5705;1;"2023-05-11";"electricity";386.21;47.41;68.01
5706;4;"2024-01-08";"electricity";374.77;39.29;140.93
5707;3;"2022-02-27";"coal";1980.73;198.54;218.43
5708;2;"2023-11-10";"gas";284.71;20.27;141.88
5709;6;"2021-08-09";"coal";1945.53;125.18;842.2
5710;1;"2023-01-08";"electricity";1195.27;111.16;509.51
5711;10;"2022-01-15";"wind";39.88;1.28;1.8
5712;2;"2022-11-04";"gas";666.11;65.68;156.97
5713;9;"2023-11-20";"wind";257.96;12.55;9.75
5714;10;"2024-04-04";"wind";306.95;10.63;9.93
5715;9;"2021-09-10";"wind";38.17;0.91;0.63
5716;10;"2022-01-17";"wind";434.49;12.97;16.51
5717;5;"2021-08-29";"electricity";1996.04;154.72;964.21
5718;10;"2021-10-14";"wind";291.48;9.84;12.39
5719;3;"2023-10-19";"coal";1746.84;128.18;282.98
5720;4;"2021-07-04";"electricity";607.4;70.98;193.49
5721;8;"2023-02-05";"gas";1390.2;195.76;320.13
5722;1;"2023-05-06";"electricity";1103.95;91.09;548.27
5723;5;"2023-09-23";"electricity";1529.47;110.34;670.03
5724;10;"2024-01-11";"wind";34.74;0.9;0.98
5725;1;"2023-10-31";"electricity";1463.92;128.72;161.32
5726;8;"2023-01-26";"gas";1788.16;140.73;499.9
5727;10;"2024-02-20";"wind";149.53;5.05;2.59
5728;6;"2022-05-16";"coal";583.65;42.58;83.69
5729;2;"2021-12-16";"gas";1750.4;149.23;501.62
5730;9;"2023-07-10";"wind";397.25;9.76;12.18
5731;7;"2022-06-03";"electricity";1553.16;111.3;536.93
5732;7;"2023-05-01";"electricity";1990.1;262.44;885.9
5733;3;"2021-08-04";"coal";299.84;20.85;98.93
5734;1;"2022-07-13";"electricity";515.8;32.07;98.1
5735;7;"2021-07-04";"electricity";1221.03;107.96;361.97
5736;6;"2024-01-17";"coal";1442.21;91.16;483.65
5737;3;"2023-04-27";"coal";246.33;23.8;28.84
5738;7;"2023-07-01";"electricity";1928.07;237.75;923.63
5739;4;"2023-11-27";"electricity";465.09;57.12;232.3
5740;10;"2021-09-09";"wind";137.83;4.36;6.4
5741;8;"2021-07-25";"gas";1385.91;149.46;532.97
5742;9;"2023-08-17";"wind";345.9;10.79;8.83
5743;1;"2023-07-20";"electricity";1913.36;253.8;553.18
5744;7;"2023-05-28";"electricity";653.46;56.38;267.35
5745;4;"2023-12-23";"electricity";414.63;28.44;127.9
5746;6;"2021-09-18";"coal";973.59;113.72;298.68
5747;5;"2022-01-13";"electricity";1315.26;183.3;272.49
5748;7;"2024-05-08";"electricity";1805.17;171.05;184.11
5749;1;"2023-09-10";"electricity";1936.17;265.96;321.17
5750;7;"2021-06-12";"electricity";1825.01;272.04;772.94
5751;1;"2022-01-25";"electricity";1537.3;182.07;609.15
5752;9;"2023-10-24";"wind";283.37;12.22;4.95
5753;8;"2022-08-30";"gas";1135.16;133.16;490.05
5754;7;"2023-11-23";"electricity";170.27;23.78;27.05
5755;9;"2021-06-30";"wind";191.01;4.47;4.52
5756;8;"2024-04-20";"gas";163.87;9.0;75.47
5757;9;"2023-02-20";"wind";458.9;16.66;17.07
5758;5;"2022-10-03";"electricity";455.25;66.56;217.95
5759;8;"2022-12-03";"gas";1376.42;79.93;516.0
5760;3;"2023-06-22";"coal";180.57;15.65;52.52
5761;5;"2023-08-01";"electricity";643.68;35.17;193.88
5762;4;"2023-04-04";"electricity";533.86;43.55;247.21
5763;7;"2022-10-04";"electricity";1796.99;152.73;467.52
5764;3;"2022-09-29";"coal";983.41;53.13;149.97
5765;7;"2023-03-02";"electricity";971.12;139.91;278.86
5766;4;"2023-02-27";"electricity";1703.65;185.03;677.59
5767;7;"2023-09-04";"electricity";600.2;64.46;251.57
5768;4;"2023-05-21";"electricity";1334.36;129.72;411.07
5769;1;"2023-08-30";"electricity";1787.07;224.82;775.31
5770;3;"2022-07-16";"coal";896.91;118.71;207.52
5771;10;"2023-12-18";"wind";93.29;4.15;2.45
5772;3;"2022-03-17";"coal";315.29;28.09;78.09
5773;10;"2023-12-06";"wind";44.72;1.11;1.38
5774;7;"2022-07-30";"electricity";366.32;23.86;88.17
5775;10;"2024-01-17";"wind";184.08;4.58;3.95
5776;3;"2023-04-03";"coal";1666.96;189.04;659.36
5777;3;"2023-05-06";"coal";704.33;39.3;288.5
5778;1;"2023-05-01";"electricity";1183.51;103.48;240.98
5779;10;"2023-07-09";"wind";70.8;3.52;0.71
5780;6;"2023-12-04";"coal";144.22;14.53;52.24
5781;6;"2024-04-18";"coal";438.15;58.64;121.67
5782;10;"2023-08-12";"wind";367.82;9.6;11.36
5783;7;"2024-02-18";"electricity";1342.5;169.13;171.32
5784;8;"2023-09-10";"gas";608.67;46.86;195.37
5785;3;"2023-10-23";"coal";985.71;77.25;199.31
5786;6;"2023-10-16";"coal";475.73;50.76;90.44
5787;3;"2023-07-14";"coal";459.27;26.81;196.85
5788;1;"2022-08-25";"electricity";341.15;49.81;121.33
5789;7;"2021-07-15";"electricity";213.8;13.8;39.02
5790;3;"2021-06-18";"coal";1472.09;92.0;450.94
5791;8;"2023-05-12";"gas";321.68;37.22;77.57
5792;10;"2023-07-13";"wind";424.26;18.03;12.58
5793;4;"2022-03-26";"electricity";1505.21;86.29;589.42
5794;3;"2021-06-30";"coal";290.96;26.75;58.26
5795;4;"2022-05-11";"electricity";144.33;19.54;55.36
5796;2;"2024-04-16";"gas";208.77;14.26;42.68
5797;3;"2022-01-19";"coal";1418.55;90.55;413.77
5798;4;"2024-03-15";"electricity";1135.9;104.18;546.65
5799;4;"2022-12-22";"electricity";1763.92;154.02;421.67
5800;7;"2023-02-24";"electricity";1205.91;99.98;460.77
5801;2;"2021-12-17";"gas";459.89;36.71;195.84
5802;9;"2023-04-28";"wind";124.18;3.92;1.45
5803;2;"2023-08-01";"gas";527.67;76.18;54.04
5804;4;"2022-01-11";"electricity";864.38;105.44;186.82
5805;1;"2023-10-01";"electricity";346.38;22.88;84.3
5806;10;"2021-10-24";"wind";88.84;3.82;1.05
5807;3;"2023-01-25";"coal";1523.46;182.37;613.53
5808;4;"2024-03-25";"electricity";894.52;129.41;179.5
5809;9;"2021-06-15";"wind";321.06;15.25;3.72
5810;8;"2023-09-02";"gas";1373.09;182.73;220.29
5811;6;"2024-03-02";"coal";1597.82;94.52;780.33
5812;6;"2023-05-31";"coal";1715.93;184.64;781.78
5813;8;"2021-11-04";"gas";690.52;43.68;221.94
5814;4;"2023-06-22";"electricity";1210.6;89.51;514.98
5815;5;"2022-09-23";"electricity";472.66;48.72;172.85
5816;1;"2022-01-31";"electricity";476.6;51.86;125.53
5817;7;"2021-12-21";"electricity";1607.79;104.81;376.37
5818;8;"2023-09-11";"gas";1180.58;109.99;365.66
5819;8;"2021-08-28";"gas";394.99;20.34;81.26
5820;9;"2021-10-21";"wind";103.14;4.52;3.25
5821;6;"2023-06-15";"coal";488.39;36.38;107.83
5822;1;"2021-10-03";"electricity";476.4;30.39;130.61
5823;4;"2021-07-07";"electricity";707.72;44.77;328.79
5824;2;"2021-06-17";"gas";208.63;20.07;50.14
5825;3;"2022-10-31";"coal";1999.31;205.03;320.04
5826;3;"2023-11-15";"coal";974.48;143.27;377.23
5827;1;"2022-11-25";"electricity";1106.88;80.23;431.54
5828;2;"2021-12-09";"gas";1586.63;86.99;679.19
5829;5;"2023-03-07";"electricity";838.22;89.28;352.0
5830;5;"2022-06-25";"electricity";1439.85;110.53;628.63
5831;9;"2022-10-10";"wind";487.0;12.22;18.46
5832;7;"2021-10-16";"electricity";969.92;82.79;266.1
5833;7;"2023-05-08";"electricity";656.06;33.87;216.74
5834;10;"2023-08-02";"wind";322.31;9.52;15.99
5835;4;"2023-04-03";"electricity";1699.76;225.67;653.03
5836;10;"2021-07-08";"wind";368.34;11.2;9.55
5837;7;"2022-10-27";"electricity";1229.8;116.76;536.25
5838;1;"2023-10-16";"electricity";591.65;62.21;96.36
5839;9;"2022-08-21";"wind";466.58;10.78;19.7
5840;2;"2023-11-28";"gas";1816.61;233.22;655.46
5841;3;"2021-06-20";"coal";1066.53;128.36;500.09
5842;10;"2023-05-20";"wind";122.89;4.93;2.68
5843;8;"2023-05-11";"gas";403.18;48.81;74.46
5844;10;"2021-10-07";"wind";384.4;10.6;8.75
5845;2;"2023-12-05";"gas";930.03;91.76;328.15
5846;1;"2022-01-23";"electricity";1043.78;110.89;396.65
5847;2;"2023-11-09";"gas";621.14;53.35;207.17
5848;9;"2021-06-22";"wind";58.57;2.92;2.46
5849;7;"2024-01-03";"electricity";242.11;16.25;43.35
5850;10;"2021-11-14";"wind";50.51;2.23;1.95
5851;6;"2023-07-23";"coal";261.09;16.06;50.86
5852;9;"2021-11-20";"wind";437.92;13.44;6.03
5853;6;"2021-10-05";"coal";254.45;23.02;62.14
5854;1;"2023-01-12";"electricity";1697.35;97.47;424.86
5855;2;"2023-04-01";"gas";354.71;29.85;135.02
5856;5;"2023-02-12";"electricity";815.83;97.56;256.18
5857;1;"2024-02-22";"electricity";303.67;36.11;75.7
5858;3;"2022-08-25";"coal";766.84;101.91;282.94
5859;2;"2021-06-26";"gas";1732.14;249.91;268.16
5860;6;"2022-10-18";"coal";1566.48;227.48;727.58
5861;1;"2022-07-18";"electricity";633.38;82.87;232.51
5862;10;"2022-05-27";"wind";186.43;8.09;4.28
5863;7;"2022-12-22";"electricity";661.43;33.35;218.64
5864;10;"2023-11-19";"wind";57.58;2.52;1.56
5865;6;"2021-08-12";"coal";1555.47;125.0;163.18
5866;7;"2022-02-24";"electricity";1135.38;58.99;444.82
5867;7;"2023-04-02";"electricity";1456.63;171.39;207.99
5868;6;"2021-05-30";"coal";519.69;62.28;89.83
5869;1;"2024-04-20";"electricity";1325.61;116.67;580.94
5870;5;"2022-03-18";"electricity";766.48;50.66;343.81
5871;4;"2023-04-26";"electricity";913.27;92.82;420.83
5872;8;"2021-06-04";"gas";1170.03;95.83;476.41
5873;3;"2022-03-10";"coal";836.82;65.19;362.23
5874;10;"2021-08-06";"wind";261.34;12.83;10.62
5875;10;"2024-03-31";"wind";237.09;10.12;5.83
5876;2;"2023-06-02";"gas";503.61;55.27;68.3
5877;5;"2022-03-21";"electricity";1363.41;177.56;557.4
5878;6;"2021-07-17";"coal";886.49;125.71;178.52
5879;1;"2021-08-29";"electricity";614.07;74.93;75.84
5880;8;"2023-04-09";"gas";1437.41;120.02;585.73
5881;9;"2024-04-03";"wind";262.68;9.45;2.68
5882;10;"2023-02-02";"wind";28.33;1.11;0.65
5883;1;"2022-05-05";"electricity";1442.93;76.78;390.83
5884;10;"2024-03-31";"wind";430.14;8.91;10.88
5885;1;"2023-04-17";"electricity";218.47;16.98;43.96
5886;7;"2022-09-10";"electricity";1652.82;139.96;260.75
5887;1;"2023-03-04";"electricity";1953.55;273.13;969.44
5888;3;"2021-12-30";"coal";631.64;45.58;100.37
5889;9;"2021-10-02";"wind";358.1;17.44;5.07
5890;6;"2022-01-20";"coal";1060.95;72.81;217.92
5891;9;"2021-09-13";"wind";40.77;1.83;1.79
5892;7;"2023-12-20";"electricity";1027.19;109.89;333.11
5893;7;"2023-11-18";"electricity";1941.32;176.72;916.55
5894;8;"2022-04-27";"gas";895.5;56.58;395.25
5895;4;"2024-05-21";"electricity";326.71;41.64;161.48
5896;7;"2022-08-03";"electricity";1038.14;80.42;365.64
5897;8;"2022-10-10";"gas";1991.97;195.7;202.33
5898;5;"2021-06-14";"electricity";1410.92;133.55;299.54
5899;9;"2022-06-15";"wind";442.67;19.67;21.23
5900;6;"2023-06-15";"coal";1909.4;257.27;935.84
5901;8;"2022-11-20";"gas";112.07;8.64;21.79
5902;6;"2022-11-27";"coal";1281.59;78.93;591.98
5903;8;"2024-05-21";"gas";1832.53;262.44;495.48
5904;8;"2022-04-28";"gas";1831.41;187.08;583.35
5905;5;"2022-05-28";"electricity";960.42;63.52;182.23
5906;10;"2022-09-22";"wind";248.05;5.24;8.63
5907;5;"2023-02-16";"electricity";1259.2;110.44;284.63
5908;2;"2022-09-19";"gas";820.5;55.52;347.09
5909;7;"2021-12-27";"electricity";621.16;55.2;300.43
5910;4;"2021-12-27";"electricity";516.63;59.54;81.75
5911;7;"2022-10-12";"electricity";1837.93;169.08;691.33
5912;8;"2022-09-18";"gas";141.45;14.35;52.32
5913;4;"2022-01-24";"electricity";1594.19;180.25;700.77
5914;7;"2024-02-27";"electricity";1816.69;208.69;849.81
5915;7;"2023-12-18";"electricity";868.46;129.88;312.22
5916;10;"2023-03-23";"wind";45.22;1.78;0.61
5917;10;"2021-07-15";"wind";48.62;1.82;1.16
5918;3;"2024-04-12";"coal";1214.12;112.25;487.99
5919;6;"2022-12-29";"coal";280.17;17.98;82.29
5920;2;"2023-12-04";"gas";1396.3;117.33;294.93
5921;1;"2023-01-06";"electricity";970.35;100.93;292.72
5922;7;"2023-05-27";"electricity";1217.89;135.26;270.38
5923;5;"2024-04-24";"electricity";1403.61;202.41;376.63
5924;4;"2023-07-02";"electricity";1077.68;82.0;312.85
5925;7;"2022-03-14";"electricity";1266.22;141.79;332.18
5926;6;"2021-06-29";"coal";545.83;34.05;174.76
5927;6;"2022-09-02";"coal";1643.46;107.05;681.57
5928;6;"2022-09-28";"coal";1507.15;182.03;638.69
5929;1;"2022-05-10";"electricity";1383.98;169.5;433.29
5930;4;"2022-03-26";"electricity";1224.59;162.05;400.28
5931;5;"2022-09-08";"electricity";1426.56;77.66;456.97
5932;1;"2023-09-12";"electricity";840.44;80.23;399.04
5933;1;"2023-02-05";"electricity";1516.03;91.77;695.51
5934;9;"2021-09-14";"wind";411.93;9.84;6.28
5935;7;"2022-10-28";"electricity";659.19;89.23;150.23
5936;9;"2022-09-04";"wind";363.73;11.38;8.57
5937;6;"2022-11-02";"coal";1297.94;97.73;257.19
5938;7;"2022-04-05";"electricity";810.36;54.2;359.87
5939;4;"2023-05-03";"electricity";141.61;11.1;62.82
5940;1;"2022-08-24";"electricity";1628.68;121.43;684.98
5941;9;"2023-01-02";"wind";64.88;2.46;0.73
5942;9;"2022-09-03";"wind";160.29;4.76;3.83
5943;1;"2023-07-15";"electricity";1490.66;76.33;192.64
5944;9;"2023-09-17";"wind";451.5;15.62;22.56
5945;10;"2021-07-25";"wind";368.06;9.74;5.28
5946;8;"2022-03-17";"gas";1676.74;144.09;726.62
5947;4;"2023-03-20";"electricity";1415.44;105.81;321.67
5948;4;"2023-07-31";"electricity";1213.42;139.92;554.09
5949;4;"2024-02-27";"electricity";660.89;62.62;266.8
5950;3;"2023-07-14";"coal";908.13;82.66;147.51
5951;10;"2021-11-24";"wind";455.19;12.99;11.28
5952;7;"2021-12-02";"electricity";1497.83;196.25;517.73
5953;1;"2022-05-20";"electricity";1611.87;212.26;762.08
5954;7;"2023-01-09";"electricity";1765.96;149.34;878.08
5955;6;"2021-11-11";"coal";727.63;71.64;127.95
5956;6;"2022-06-16";"coal";303.5;41.49;122.87
5957;6;"2023-08-28";"coal";263.55;19.11;37.19
5958;9;"2023-04-28";"wind";246.33;6.77;3.16
5959;6;"2022-11-26";"coal";1219.48;63.29;488.3
5960;4;"2022-10-18";"electricity";680.6;35.71;173.37
5961;1;"2023-01-09";"electricity";200.88;14.92;70.6
5962;3;"2022-06-04";"coal";841.22;76.93;382.32
5963;6;"2022-06-15";"coal";420.22;47.77;179.74
5964;3;"2022-02-01";"coal";1502.2;103.23;254.32
5965;8;"2022-10-15";"gas";772.84;74.28;127.41
5966;3;"2021-08-18";"coal";911.71;48.79;429.52
5967;5;"2023-07-24";"electricity";729.26;88.42;126.71
5968;9;"2022-05-30";"wind";182.57;5.74;3.11
5969;10;"2022-09-03";"wind";258.4;11.2;9.52
5970;7;"2021-09-04";"electricity";1177.3;154.72;373.24
5971;5;"2023-03-22";"electricity";1209.67;107.12;556.2
5972;5;"2023-10-25";"electricity";666.03;93.98;245.25
5973;7;"2023-10-05";"electricity";301.22;21.94;119.07
5974;3;"2023-06-27";"coal";865.21;65.09;295.52
5975;9;"2023-07-14";"wind";477.04;14.86;18.46
5976;9;"2022-02-04";"wind";80.64;1.89;2.34
5977;4;"2021-10-27";"electricity";1174.65;100.66;171.77
5978;9;"2023-10-06";"wind";68.45;3.03;3.25
5979;9;"2024-02-25";"wind";25.67;0.84;0.72
5980;6;"2024-04-26";"coal";1899.73;96.56;362.37
5981;1;"2023-12-28";"electricity";1441.29;78.18;237.28
5982;1;"2022-11-26";"electricity";1286.61;182.83;286.22
5983;9;"2021-07-19";"wind";375.59;9.58;9.65
5984;8;"2023-05-02";"gas";1550.11;120.17;660.09
5985;2;"2022-02-01";"gas";1375.07;115.13;207.26
5986;8;"2022-03-16";"gas";316.06;32.37;145.59
5987;8;"2024-02-01";"gas";796.24;107.71;274.44
5988;7;"2022-12-16";"electricity";1536.1;132.98;408.31
5989;10;"2021-11-03";"wind";28.16;1.04;0.85
5990;4;"2023-02-06";"electricity";138.14;9.86;60.61
5991;9;"2021-08-29";"wind";162.75;6.92;1.83
5992;9;"2023-01-21";"wind";490.22;11.69;20.9
5993;3;"2022-08-29";"coal";1645.16;161.19;676.82
5994;7;"2023-09-12";"electricity";1501.53;123.48;619.46
5995;9;"2021-12-17";"wind";117.08;2.45;2.55
5996;1;"2024-05-02";"electricity";1723.72;149.56;550.63
5997;5;"2021-12-07";"electricity";1703.76;253.46;601.15
5998;5;"2023-05-04";"electricity";905.82;60.52;381.68
5999;2;"2022-11-21";"gas";602.93;31.57;177.44
6000;7;"2023-07-20";"electricity";1927.98;257.26;348.03
6001;4;"2024-01-17";"electricity";1392.41;84.03;552.47
6002;9;"2021-08-05";"wind";289.16;12.28;7.42
6003;1;"2022-10-24";"electricity";1340.03;187.28;470.04
6004;3;"2024-05-24";"coal";1596.35;86.67;464.14
6005;6;"2023-10-10";"coal";1530.84;123.01;242.67
6006;5;"2023-02-16";"electricity";1401.48;183.58;241.55
6007;4;"2021-07-30";"electricity";1185.82;152.76;540.78
6008;1;"2022-12-28";"electricity";1460.31;151.72;494.01
6009;7;"2022-05-12";"electricity";1878.04;113.64;322.09
6010;5;"2023-09-10";"electricity";1026.12;59.14;246.43
6011;1;"2021-11-25";"electricity";1288.01;68.11;581.87
6012;5;"2023-04-26";"electricity";212.58;11.12;38.84
6013;2;"2024-01-30";"gas";273.64;35.83;56.42
6014;5;"2022-10-06";"electricity";798.05;99.67;243.33
6015;8;"2022-05-07";"gas";691.13;91.38;272.5
6016;5;"2023-10-08";"electricity";666.43;53.18;185.11
6017;5;"2023-07-23";"electricity";1465.4;101.99;494.51
6018;7;"2023-01-20";"electricity";759.66;50.62;330.69
6019;7;"2022-01-17";"electricity";1919.14;169.15;360.38
6020;2;"2021-11-06";"gas";1608.73;92.98;787.13
6021;10;"2021-10-30";"wind";154.11;4.78;6.91
6022;6;"2023-10-23";"coal";906.87;130.46;376.07
6023;3;"2022-07-17";"coal";1997.88;145.23;823.64
6024;6;"2021-08-20";"coal";1891.94;236.22;249.79
6025;8;"2021-08-14";"gas";518.24;29.33;145.6
6026;9;"2021-12-04";"wind";132.03;4.01;5.83
6027;8;"2022-04-23";"gas";1013.03;135.47;282.89
6028;1;"2022-03-22";"electricity";1302.06;122.87;168.71
6029;8;"2023-11-20";"gas";1836.36;220.69;692.63
6030;6;"2023-11-17";"coal";554.4;81.81;60.43
6031;1;"2021-10-30";"electricity";245.92;17.46;88.22
6032;10;"2023-05-21";"wind";41.07;1.91;0.68
6033;1;"2022-09-22";"electricity";763.34;43.58;132.02
6034;6;"2022-08-06";"coal";1092.28;126.43;449.69
6035;4;"2022-03-01";"electricity";839.22;47.21;386.64
6036;4;"2022-04-30";"electricity";223.7;30.02;66.6
6037;1;"2023-02-21";"electricity";513.5;41.26;162.21
6038;5;"2024-05-23";"electricity";1473.38;75.65;453.64
6039;8;"2023-11-08";"gas";1546.89;159.16;333.7
6040;10;"2022-11-11";"wind";180.32;5.64;2.18
6041;4;"2024-03-12";"electricity";1206.76;109.3;347.98
6042;1;"2022-02-04";"electricity";834.09;61.7;346.38
6043;6;"2022-08-08";"coal";1389.81;83.29;506.0
6044;2;"2022-01-23";"gas";463.15;58.31;216.96
6045;5;"2022-01-29";"electricity";451.41;62.43;78.24
6046;8;"2023-11-17";"gas";397.91;59.24;173.36
6047;6;"2022-06-19";"coal";1016.04;84.6;377.57
6048;10;"2022-08-19";"wind";235.77;10.14;8.68
6049;5;"2023-04-03";"electricity";437.43;55.61;44.71
6050;2;"2023-09-27";"gas";1830.8;259.33;477.24
6051;3;"2022-08-16";"coal";1500.96;141.42;660.14
6052;8;"2023-11-07";"gas";1416.46;123.79;518.89
6053;7;"2022-07-03";"electricity";1399.34;168.18;456.61
6054;1;"2023-07-11";"electricity";1749.2;146.83;410.94
6055;4;"2022-07-21";"electricity";202.66;17.26;68.74
6056;3;"2021-09-06";"coal";1712.1;141.64;829.8
6057;3;"2023-01-16";"coal";1189.46;68.64;167.8
6058;9;"2022-04-29";"wind";348.35;17.17;9.05
6059;6;"2024-04-23";"coal";792.59;53.46;363.12
6060;10;"2022-08-29";"wind";441.24;14.71;6.62
6061;5;"2021-10-15";"electricity";1295.42;112.83;401.7
6062;10;"2023-11-03";"wind";403.59;19.32;11.72
6063;2;"2023-08-17";"gas";489.25;34.53;140.85
6064;5;"2023-05-01";"electricity";830.57;99.5;266.74
6065;7;"2023-10-06";"electricity";1746.03;244.65;402.55
6066;6;"2022-05-27";"coal";635.99;45.11;303.84
6067;7;"2023-10-03";"electricity";506.62;59.55;169.29
6068;8;"2023-02-03";"gas";1807.6;106.19;293.95
6069;6;"2024-04-29";"coal";1204.08;99.69;422.89
6070;7;"2023-04-07";"electricity";327.97;30.55;86.03
6071;2;"2022-02-02";"gas";1044.62;106.71;290.99
6072;4;"2021-12-06";"electricity";1002.63;113.14;116.57
6073;6;"2023-06-14";"coal";676.27;51.04;305.04
6074;4;"2021-10-11";"electricity";208.17;30.69;91.2
6075;8;"2022-08-05";"gas";1956.21;224.31;674.67
6076;4;"2023-01-27";"electricity";1906.07;231.67;604.59
6077;4;"2022-12-05";"electricity";827.24;67.51;133.63
6078;6;"2021-12-21";"coal";534.76;33.66;239.74
6079;2;"2021-11-10";"gas";1984.95;228.62;957.21
6080;1;"2023-02-04";"electricity";1466.88;100.58;332.74
6081;6;"2023-06-28";"coal";189.93;22.14;36.99
6082;2;"2023-06-12";"gas";1772.6;183.37;500.1
6083;7;"2022-07-31";"electricity";320.59;29.08;73.28
6084;2;"2023-10-12";"gas";1041.05;58.85;380.08
6085;5;"2022-06-27";"electricity";1200.61;90.32;259.99
6086;8;"2023-11-01";"gas";1259.95;90.63;188.08
6087;6;"2022-02-03";"coal";231.02;15.73;92.04
6088;7;"2024-02-29";"electricity";867.17;123.57;120.07
6089;10;"2022-07-01";"wind";292.87;10.38;12.08
6090;1;"2024-04-19";"electricity";545.0;43.99;95.99
6091;4;"2021-06-24";"electricity";1372.21;69.51;477.53
6092;7;"2023-03-24";"electricity";337.62;18.68;150.91
6093;6;"2021-11-09";"coal";1622.09;188.69;789.09
6094;7;"2021-07-28";"electricity";1792.59;217.92;575.93
6095;1;"2023-08-01";"electricity";348.27;46.91;140.27
6096;7;"2023-07-11";"electricity";1321.28;131.06;487.56
6097;4;"2022-03-02";"electricity";1408.49;105.15;348.87
6098;4;"2022-03-14";"electricity";1495.02;191.06;246.27
6099;10;"2024-01-18";"wind";120.05;2.42;1.68
6100;8;"2023-12-22";"gas";1620.26;102.25;421.19
6101;7;"2023-05-24";"electricity";953.67;87.43;284.79
6102;4;"2021-12-03";"electricity";1900.23;274.6;237.37
6103;3;"2022-04-14";"coal";645.64;93.62;110.67
6104;2;"2021-11-17";"gas";222.66;23.97;49.96
6105;5;"2023-05-10";"electricity";621.47;34.84;242.54
6106;5;"2022-06-10";"electricity";1328.14;97.91;196.75
6107;6;"2023-08-17";"coal";1310.12;169.84;340.4
6108;7;"2024-01-15";"electricity";1415.37;91.76;459.88
6109;5;"2021-07-20";"electricity";757.33;73.68;343.6
6110;1;"2023-08-02";"electricity";1762.25;242.01;372.64
6111;10;"2023-12-17";"wind";318.91;12.49;7.86
6112;2;"2022-11-18";"gas";1441.53;120.84;340.01
6113;1;"2022-08-23";"electricity";1923.78;231.78;719.32
6114;6;"2023-11-15";"coal";1274.39;110.69;213.76
6115;7;"2022-08-18";"electricity";1093.73;92.64;287.36
6116;7;"2023-04-20";"electricity";1381.6;158.95;239.75
6117;3;"2024-05-03";"coal";548.13;28.72;87.33
6118;1;"2022-06-20";"electricity";1663.7;94.13;433.65
6119;3;"2023-12-10";"coal";1234.8;145.88;270.9
6120;10;"2022-04-06";"wind";179.04;4.87;2.48
6121;3;"2021-08-29";"coal";1280.48;138.63;616.14
6122;2;"2024-03-11";"gas";925.15;56.8;132.39
6123;8;"2021-07-30";"gas";144.57;17.28;35.22
6124;2;"2021-09-12";"gas";1612.41;87.02;703.44
6125;9;"2024-03-25";"wind";163.86;5.94;2.62
6126;3;"2023-02-01";"coal";559.13;81.56;218.93
6127;2;"2023-08-27";"gas";694.75;70.72;107.45
6128;2;"2024-05-24";"gas";1622.24;207.12;579.01
6129;5;"2023-12-26";"electricity";1060.71;117.12;465.73
6130;8;"2023-06-22";"gas";323.17;41.49;102.16
6131;10;"2022-02-03";"wind";283.05;11.02;12.6
6132;4;"2022-06-05";"electricity";1932.38;140.06;647.07
6133;6;"2022-06-20";"coal";823.21;107.74;299.29
6134;8;"2021-07-23";"gas";1916.61;248.05;233.84
6135;5;"2021-12-10";"electricity";1134.75;91.66;158.21
6136;3;"2023-07-24";"coal";1873.99;126.67;441.5
6137;10;"2022-03-20";"wind";99.14;4.08;2.79
6138;5;"2024-01-14";"electricity";1587.86;178.91;413.45
6139;5;"2023-11-19";"electricity";1389.46;133.14;400.4
6140;10;"2023-05-05";"wind";413.89;19.72;5.84
6141;3;"2022-12-16";"coal";1180.42;164.12;383.72
6142;6;"2022-07-05";"coal";1442.65;101.58;436.28
6143;3;"2023-09-28";"coal";1738.6;151.0;860.94
6144;7;"2024-04-05";"electricity";808.7;70.4;113.99
6145;1;"2021-07-17";"electricity";830.94;85.16;286.47
6146;1;"2023-03-18";"electricity";163.97;16.89;66.47
6147;6;"2023-07-04";"coal";763.35;75.65;339.38
6148;1;"2021-07-10";"electricity";839.04;55.69;242.75
6149;1;"2022-03-02";"electricity";274.82;19.27;132.17
6150;4;"2022-04-05";"electricity";554.67;45.58;254.39
6151;9;"2022-05-15";"wind";405.28;13.62;9.37
6152;1;"2022-01-01";"electricity";501.17;38.02;63.11
6153;7;"2021-10-22";"electricity";195.99;21.8;41.79
6154;3;"2023-11-24";"coal";931.46;77.48;359.73
6155;7;"2024-03-28";"electricity";1517.32;199.98;346.95
6156;6;"2021-12-18";"coal";1567.5;181.5;729.84
6157;6;"2023-03-19";"coal";1737.59;222.18;347.37
6158;6;"2022-06-25";"coal";1796.98;212.3;823.21
6159;8;"2022-12-12";"gas";1604.46;99.98;745.71
6160;4;"2021-08-22";"electricity";751.31;50.29;308.17
6161;7;"2022-09-17";"electricity";736.08;80.72;119.36
6162;5;"2023-11-03";"electricity";1495.49;151.8;481.96
6163;2;"2022-04-12";"gas";1632.43;208.89;549.56
6164;2;"2023-01-05";"gas";1209.61;145.89;598.2
6165;10;"2023-10-26";"wind";388.23;11.2;12.24
6166;6;"2023-04-22";"coal";1835.82;226.61;512.55
6167;6;"2023-07-20";"coal";1656.95;241.19;623.73
6168;8;"2024-05-11";"gas";1440.66;103.76;308.75
6169;4;"2022-11-13";"electricity";1012.31;74.17;475.49
6170;7;"2022-11-10";"electricity";615.49;56.0;273.7
6171;2;"2022-08-04";"gas";1199.76;63.25;221.26
6172;4;"2023-06-20";"electricity";103.64;15.4;43.44
6173;2;"2024-03-15";"gas";1278.96;152.97;166.52
6174;6;"2023-12-03";"coal";1039.88;108.15;117.72
6175;10;"2023-12-15";"wind";60.46;2.29;0.8
6176;8;"2021-09-26";"gas";1128.99;62.79;182.99
6177;9;"2022-10-20";"wind";121.32;4.06;2.19
6178;2;"2021-06-01";"gas";501.31;58.59;102.97
6179;3;"2023-06-08";"coal";634.93;32.48;67.78
6180;3;"2022-03-30";"coal";1375.52;115.57;386.63
6181;10;"2022-02-24";"wind";204.16;5.29;3.09
6182;2;"2023-05-31";"gas";604.37;38.85;184.6
6183;5;"2024-03-17";"electricity";496.42;29.69;106.24
6184;5;"2023-05-21";"electricity";320.87;16.98;156.12
6185;7;"2022-12-12";"electricity";650.98;67.41;218.12
6186;3;"2024-02-08";"coal";1591.94;156.29;688.01
6187;9;"2023-09-07";"wind";280.03;12.4;8.43
6188;4;"2023-11-11";"electricity";1083.06;152.63;229.35
6189;6;"2021-09-30";"coal";1414.36;121.58;155.49
6190;9;"2022-05-28";"wind";336.25;10.81;16.39
6191;4;"2022-10-24";"electricity";380.14;41.35;120.16
6192;5;"2022-10-19";"electricity";320.43;40.0;146.86
6193;10;"2021-11-26";"wind";432.91;15.37;17.16
6194;2;"2022-09-27";"gas";1660.77;227.64;288.27
6195;9;"2021-10-23";"wind";329.52;15.92;6.29
6196;5;"2024-02-14";"electricity";362.04;33.06;61.99
6197;4;"2024-04-07";"electricity";1671.72;139.82;178.12
6198;5;"2023-10-28";"electricity";1272.19;124.12;227.95
6199;2;"2022-11-27";"gas";1953.71;175.76;210.43
6200;8;"2023-09-07";"gas";420.76;26.61;135.82
6201;7;"2023-06-14";"electricity";1876.39;242.23;259.46
6202;1;"2022-01-20";"electricity";1323.52;161.23;443.66
6203;9;"2022-01-07";"wind";303.88;14.8;11.98
6204;7;"2021-10-29";"electricity";1752.64;95.47;604.26
6205;5;"2023-07-14";"electricity";1244.39;145.14;317.98
6206;5;"2024-03-19";"electricity";711.75;78.25;109.7
6207;4;"2021-10-23";"electricity";1520.17;217.29;517.88
6208;10;"2023-04-23";"wind";42.19;1.48;0.68
6209;6;"2021-08-20";"coal";1911.56;135.28;191.66
6210;1;"2022-07-10";"electricity";1864.81;137.2;748.92
6211;10;"2021-12-22";"wind";124.71;2.79;3.7
6212;2;"2021-06-11";"gas";930.19;85.09;313.65
6213;3;"2021-09-18";"coal";1139.32;123.59;432.46
6214;4;"2022-12-27";"electricity";1346.81;152.51;419.88
6215;9;"2023-01-24";"wind";276.86;8.13;8.83
6216;5;"2022-06-25";"electricity";1449.67;166.28;262.51
6217;4;"2021-07-03";"electricity";1013.64;115.84;450.03
6218;1;"2023-01-07";"electricity";1211.48;95.42;384.6
6219;8;"2022-01-14";"gas";924.59;100.61;275.14
6220;10;"2022-11-28";"wind";464.56;17.04;21.62
6221;1;"2022-05-26";"electricity";1423.05;186.18;581.61
6222;3;"2023-04-16";"coal";1477.83;134.8;651.89
6223;6;"2023-01-24";"coal";1693.02;235.36;174.22
6224;3;"2023-08-27";"coal";1783.56;259.45;768.9
6225;6;"2022-04-17";"coal";367.26;53.23;144.75
6226;3;"2024-02-18";"coal";1910.12;229.53;787.69
6227;1;"2021-08-11";"electricity";1347.64;183.03;606.58
6228;5;"2022-12-30";"electricity";642.48;89.14;94.6
6229;5;"2024-03-11";"electricity";660.12;82.87;122.53
6230;1;"2022-02-09";"electricity";1718.11;224.52;623.85
6231;3;"2022-05-07";"coal";1720.71;249.63;340.31
6232;7;"2023-11-05";"electricity";1831.08;120.34;191.32
6233;3;"2023-01-07";"coal";636.33;35.78;158.59
6234;10;"2023-12-15";"wind";455.96;14.24;11.53
6235;6;"2024-01-21";"coal";1066.44;124.46;398.03
6236;7;"2021-08-03";"electricity";970.66;69.86;392.58
6237;6;"2023-05-23";"coal";1519.01;187.38;716.2
6238;7;"2022-01-16";"electricity";1625.44;172.42;694.77
6239;1;"2024-02-19";"electricity";1434.19;208.87;449.14
6240;1;"2021-07-18";"electricity";719.77;99.82;83.63
6241;7;"2022-07-02";"electricity";847.98;65.99;253.5
6242;2;"2021-12-17";"gas";195.46;26.92;24.25
6243;3;"2024-03-04";"coal";267.29;34.59;42.54
6244;8;"2023-07-14";"gas";673.31;52.08;80.57
6245;5;"2024-03-06";"electricity";1408.98;73.28;455.32
6246;9;"2021-10-23";"wind";458.13;21.47;13.58
6247;2;"2023-01-18";"gas";563.94;39.06;91.22
6248;6;"2022-08-18";"coal";219.79;16.86;77.74
6249;9;"2023-11-27";"wind";266.98;13.0;6.71
6250;1;"2021-08-09";"electricity";109.86;6.12;35.44
6251;3;"2022-06-13";"coal";766.29;43.11;296.38
6252;1;"2023-05-01";"electricity";428.12;24.26;125.35
6253;6;"2022-11-16";"coal";443.06;29.03;196.55
6254;6;"2023-08-04";"coal";406.7;37.6;202.2
6255;9;"2023-01-13";"wind";379.29;11.34;9.74
6256;5;"2023-12-24";"electricity";303.17;23.37;85.61
6257;3;"2021-09-17";"coal";1922.4;241.63;809.13
6258;2;"2021-11-05";"gas";676.75;93.46;286.06
6259;2;"2024-02-06";"gas";565.66;55.46;157.83
6260;7;"2022-05-11";"electricity";876.63;123.97;365.47
6261;9;"2022-07-30";"wind";222.69;9.48;9.45
6262;4;"2022-02-03";"electricity";623.46;57.72;290.67
6263;7;"2023-12-17";"electricity";142.58;16.27;46.49
6264;7;"2022-04-20";"electricity";1146.99;98.2;299.35
6265;1;"2023-12-27";"electricity";1412.34;83.41;178.21
6266;6;"2023-07-19";"coal";589.1;43.55;199.68
6267;8;"2021-08-29";"gas";1421.24;162.33;697.16
6268;2;"2024-03-28";"gas";869.87;103.11;363.0
6269;4;"2023-11-09";"electricity";706.75;57.98;255.49
6270;7;"2022-05-02";"electricity";1997.99;232.19;216.93
6271;2;"2024-05-17";"gas";1814.37;175.05;572.42
6272;7;"2024-05-25";"electricity";1469.44;203.85;677.93
6273;3;"2024-02-12";"coal";1751.68;199.82;286.03
6274;4;"2022-02-09";"electricity";1097.7;155.2;525.53
6275;2;"2023-09-05";"gas";464.56;23.88;232.17
6276;2;"2023-07-05";"gas";970.79;79.0;141.28
6277;5;"2021-06-09";"electricity";512.79;49.34;230.24
6278;10;"2022-05-25";"wind";283.75;6.35;3.63
6279;8;"2023-05-28";"gas";1650.52;94.04;725.53
6280;3;"2023-05-06";"coal";1967.08;209.04;655.75
6281;2;"2021-10-04";"gas";143.07;14.34;58.61
6282;10;"2022-12-24";"wind";262.43;8.67;12.54
6283;6;"2022-07-07";"coal";1005.65;121.93;322.97
6284;6;"2021-07-18";"coal";807.17;45.41;146.22
6285;5;"2023-05-30";"electricity";1056.97;146.27;124.64
6286;10;"2022-07-25";"wind";309.0;11.37;11.42
6287;4;"2023-07-31";"electricity";934.49;64.28;269.68
6288;10;"2023-09-05";"wind";108.93;4.81;5.1
6289;9;"2022-02-24";"wind";267.97;13.28;10.06
6290;8;"2023-11-20";"gas";1618.51;160.44;393.12
6291;2;"2021-08-02";"gas";813.62;56.14;314.29
6292;3;"2022-12-14";"coal";1544.73;122.13;376.57
6293;9;"2024-04-07";"wind";81.63;3.98;3.01
6294;5;"2022-02-14";"electricity";1951.86;117.76;195.2
6295;6;"2023-01-23";"coal";687.37;44.52;214.08
6296;9;"2023-09-05";"wind";41.85;2.0;0.72
6297;3;"2022-12-16";"coal";695.93;35.23;294.01
6298;3;"2024-04-11";"coal";910.12;124.28;115.57
6299;6;"2023-10-10";"coal";1632.7;139.19;373.18
6300;7;"2023-07-12";"electricity";1500.35;116.41;393.99
6301;6;"2022-12-10";"coal";1975.68;131.16;450.02
6302;9;"2022-05-13";"wind";262.31;13.05;5.23
6303;10;"2024-02-07";"wind";161.98;4.41;1.72
6304;5;"2022-11-17";"electricity";347.59;33.59;92.12
6305;6;"2021-11-25";"coal";1791.59;233.33;395.86
6306;6;"2023-09-19";"coal";1109.79;85.45;471.04
6307;5;"2023-04-24";"electricity";544.12;55.79;107.13
6308;3;"2022-12-01";"coal";810.71;107.87;318.2
6309;2;"2021-10-08";"gas";350.35;52.29;174.84
6310;2;"2023-05-25";"gas";819.1;79.57;267.5
6311;2;"2021-08-18";"gas";925.74;54.56;453.04
6312;9;"2023-12-20";"wind";465.25;19.33;21.38
6313;2;"2021-08-20";"gas";463.77;38.4;81.1
6314;5;"2023-07-29";"electricity";1925.3;215.19;849.26
6315;1;"2021-12-23";"electricity";689.83;38.28;196.68
6316;7;"2022-08-05";"electricity";1582.31;182.31;598.69
6317;7;"2022-10-15";"electricity";1498.94;86.94;703.65
6318;6;"2023-08-14";"coal";1887.39;103.1;393.53
6319;4;"2021-08-02";"electricity";796.88;79.67;112.12
6320;1;"2022-11-14";"electricity";356.84;24.18;90.86
6321;1;"2023-09-20";"electricity";851.45;120.5;337.72
6322;4;"2021-08-14";"electricity";156.24;18.75;56.39
6323;3;"2021-06-24";"coal";975.05;59.86;361.59
6324;5;"2023-03-06";"electricity";906.09;109.43;387.03
6325;4;"2022-12-13";"electricity";166.76;21.96;79.52
6326;4;"2022-03-16";"electricity";1413.9;88.4;635.97
6327;8;"2023-09-21";"gas";607.28;68.61;230.73
6328;10;"2022-01-04";"wind";354.04;12.56;16.66
6329;4;"2021-07-12";"electricity";379.81;34.36;75.55
6330;10;"2023-10-03";"wind";344.28;12.12;5.86
6331;5;"2023-05-28";"electricity";982.72;123.89;290.44
6332;7;"2021-10-15";"electricity";713.94;86.29;283.68
6333;1;"2023-01-20";"electricity";1541.2;139.02;416.99
6334;9;"2023-05-03";"wind";45.64;1.67;0.94
6335;3;"2022-11-01";"coal";575.99;65.42;246.81
6336;2;"2023-08-05";"gas";494.61;58.13;241.82
6337;10;"2022-06-09";"wind";306.11;13.64;3.87
6338;8;"2021-10-16";"gas";737.95;37.81;295.99
6339;10;"2021-10-22";"wind";90.88;3.38;2.84
6340;6;"2024-02-10";"coal";1381.95;115.85;680.57
6341;4;"2023-09-02";"electricity";1604.65;97.96;385.8
6342;4;"2021-12-15";"electricity";541.0;76.36;127.15
6343;1;"2022-03-22";"electricity";155.73;14.44;16.86
6344;2;"2021-12-19";"gas";1834.73;167.36;827.73
6345;9;"2021-10-30";"wind";365.77;12.5;7.16
6346;10;"2021-10-24";"wind";316.6;10.72;4.46
6347;4;"2024-05-21";"electricity";922.41;88.71;420.36
6348;6;"2022-07-26";"coal";1567.25;165.02;694.94
6349;5;"2021-11-07";"electricity";316.38;19.98;146.42
6350;8;"2023-08-11";"gas";443.75;55.15;129.28
6351;4;"2022-06-29";"electricity";340.62;35.1;108.44
6352;1;"2021-11-07";"electricity";545.54;42.53;257.89
6353;1;"2021-06-02";"electricity";930.94;85.16;402.62
6354;4;"2022-02-21";"electricity";665.76;70.43;227.45
6355;2;"2022-04-10";"gas";1357.58;84.43;536.5
6356;2;"2022-12-18";"gas";1435.62;146.24;670.52
6357;10;"2022-03-16";"wind";199.66;8.26;8.77
6358;6;"2022-06-26";"coal";626.52;78.63;140.0
6359;10;"2022-08-08";"wind";381.94;13.36;13.2
6360;1;"2024-04-18";"electricity";1767.39;169.93;261.36
6361;3;"2022-10-29";"coal";1985.11;240.56;627.35
6362;10;"2021-10-08";"wind";50.6;1.31;1.32
6363;2;"2023-02-25";"gas";1718.46;236.09;713.91
6364;2;"2023-08-21";"gas";1780.47;229.87;599.08
6365;10;"2022-07-30";"wind";395.81;18.52;17.29
6366;1;"2024-01-13";"electricity";460.63;51.89;54.26
6367;6;"2023-08-21";"coal";1405.14;136.94;636.54
6368;1;"2024-03-24";"electricity";941.25;109.41;221.67
6369;5;"2023-05-11";"electricity";1879.52;131.62;699.93
6370;7;"2024-03-14";"electricity";402.21;29.65;84.36
6371;8;"2024-01-13";"gas";1684.91;214.32;471.99
6372;3;"2023-01-24";"coal";1449.87;118.46;228.54
6373;3;"2022-06-01";"coal";589.55;59.73;65.87
6374;5;"2021-10-26";"electricity";821.88;101.4;179.31
6375;1;"2023-07-20";"electricity";1557.55;210.56;392.05
6376;2;"2022-04-17";"gas";1183.24;175.85;542.32
6377;10;"2023-10-28";"wind";82.24;2.16;2.8
6378;10;"2022-07-15";"wind";440.74;20.67;16.57
6379;4;"2022-01-14";"electricity";1684.1;119.28;678.76
6380;6;"2022-11-06";"coal";747.12;79.16;182.15
6381;5;"2022-09-30";"electricity";307.75;23.96;118.24
6382;1;"2021-08-10";"electricity";450.25;43.34;167.96
6383;7;"2021-11-05";"electricity";806.69;75.5;403.07
6384;6;"2021-08-20";"coal";1225.0;79.27;586.17
6385;8;"2022-08-31";"gas";1321.54;109.88;588.09
6386;5;"2022-12-12";"electricity";1671.82;217.18;487.69
6387;6;"2023-02-26";"coal";501.29;64.81;168.2
6388;7;"2022-07-10";"electricity";1533.86;208.39;291.77
6389;1;"2021-09-17";"electricity";866.03;64.07;91.84
6390;1;"2023-03-18";"electricity";1726.87;124.53;688.67
6391;3;"2023-08-22";"coal";436.89;37.88;213.25
6392;8;"2023-05-02";"gas";1114.85;100.5;460.94
6393;8;"2023-09-16";"gas";339.42;30.94;142.51
6394;2;"2024-05-25";"gas";1127.78;140.8;439.69
6395;6;"2023-11-03";"coal";832.1;64.48;165.83
6396;9;"2021-07-06";"wind";181.22;5.94;7.7
6397;6;"2023-01-29";"coal";1526.79;102.29;635.93
6398;1;"2021-12-10";"electricity";609.83;77.52;256.83
6399;7;"2023-05-08";"electricity";105.91;6.33;38.12
6400;10;"2022-07-10";"wind";11.59;0.3;0.57
6401;10;"2022-06-24";"wind";367.19;17.42;8.05
6402;9;"2024-02-01";"wind";206.27;8.54;9.07
6403;10;"2023-09-13";"wind";422.98;16.03;19.38
6404;5;"2023-04-17";"electricity";367.03;26.03;70.78
6405;4;"2023-08-25";"electricity";1642.63;134.67;723.66
6406;3;"2023-04-08";"coal";1739.7;161.98;275.04
6407;4;"2021-10-13";"electricity";1920.4;204.08;363.53
6408;1;"2023-01-03";"electricity";1570.21;134.11;384.88
6409;10;"2021-12-18";"wind";286.21;9.34;5.48
6410;5;"2022-02-26";"electricity";1206.4;152.6;432.05
6411;7;"2023-10-08";"electricity";1720.38;236.35;377.11
6412;10;"2022-04-30";"wind";466.28;12.59;15.08
6413;7;"2022-04-24";"electricity";496.35;35.84;232.97
6414;2;"2022-11-10";"gas";1483.66;221.31;363.17
6415;8;"2022-05-20";"gas";1774.95;139.12;231.36
6416;3;"2023-01-02";"coal";1134.06;81.2;196.83
6417;1;"2022-01-13";"electricity";808.46;120.67;111.15
6418;1;"2021-07-14";"electricity";593.88;39.19;170.35
6419;2;"2022-08-13";"gas";1256.16;126.61;625.73
6420;4;"2023-01-17";"electricity";1412.28;196.56;625.22
6421;10;"2023-11-04";"wind";88.77;2.49;2.78
6422;10;"2021-09-03";"wind";484.68;11.56;17.73
6423;4;"2021-08-06";"electricity";1938.69;167.51;953.91
6424;10;"2022-08-06";"wind";63.39;1.98;1.48
6425;2;"2024-03-11";"gas";1454.61;212.79;723.72
6426;5;"2023-03-03";"electricity";1029.81;148.15;412.02
6427;8;"2023-06-27";"gas";1601.16;235.62;708.27
6428;6;"2024-02-04";"coal";608.41;68.84;100.07
6429;6;"2022-12-22";"coal";1772.2;149.05;837.76
6430;10;"2021-08-24";"wind";130.35;3.15;2.93
6431;9;"2023-02-17";"wind";264.73;5.64;5.32
6432;2;"2023-12-23";"gas";231.35;15.85;30.84
6433;4;"2023-10-01";"electricity";1486.02;86.68;202.5
6434;4;"2024-03-19";"electricity";323.97;45.85;114.94
6435;7;"2023-03-29";"electricity";417.66;38.56;60.32
6436;5;"2024-03-16";"electricity";1435.39;119.43;380.87
6437;10;"2023-11-04";"wind";263.7;11.33;5.1
6438;2;"2021-06-25";"gas";428.13;25.9;87.04
6439;10;"2022-04-22";"wind";82.3;3.7;2.17
6440;8;"2021-09-23";"gas";1908.05;185.14;511.63
6441;4;"2021-09-21";"electricity";842.51;79.19;346.47
6442;10;"2022-01-15";"wind";241.65;7.94;3.28
6443;10;"2022-08-23";"wind";105.2;4.94;1.06
6444;9;"2022-09-04";"wind";332.56;7.15;13.63
6445;5;"2021-09-26";"electricity";966.0;110.08;97.76
6446;2;"2023-04-08";"gas";1071.17;85.03;414.7
6447;2;"2022-01-16";"gas";928.04;47.08;303.8
6448;7;"2022-05-21";"electricity";1812.58;116.94;251.93
6449;6;"2023-03-21";"coal";808.12;98.06;398.85
6450;7;"2021-08-18";"electricity";1670.84;202.21;794.38
6451;7;"2023-10-24";"electricity";1901.68;111.09;527.61
6452;3;"2023-07-17";"coal";1262.73;186.9;464.39
6453;5;"2022-09-16";"electricity";1297.86;113.75;462.51
6454;10;"2021-07-19";"wind";223.56;6.52;6.86
6455;9;"2022-02-03";"wind";157.15;5.15;5.14
6456;2;"2023-05-10";"gas";174.82;17.71;45.07
6457;9;"2022-07-19";"wind";57.26;2.61;1.37
6458;8;"2021-08-18";"gas";1106.88;114.37;254.71
6459;7;"2022-01-28";"electricity";422.91;61.95;85.1
6460;2;"2021-11-13";"gas";1890.69;135.68;192.47
6461;3;"2022-10-22";"coal";1996.87;108.19;807.83
6462;6;"2022-08-06";"coal";1260.41;101.35;366.42
6463;2;"2021-11-24";"gas";1488.05;102.8;559.88
6464;2;"2021-11-01";"gas";1222.52;82.31;580.65
6465;4;"2021-10-28";"electricity";654.57;74.51;231.97
6466;3;"2023-01-28";"coal";1258.5;105.91;281.7
6467;3;"2023-01-03";"coal";1110.4;132.98;418.19
6468;3;"2022-05-08";"coal";1814.91;202.45;785.14
6469;7;"2021-06-03";"electricity";789.78;75.53;117.94
6470;8;"2021-09-13";"gas";944.6;66.58;438.47
6471;5;"2023-02-13";"electricity";308.16;36.78;116.15
6472;2;"2021-06-29";"gas";1176.12;133.47;208.01
6473;2;"2022-03-23";"gas";1213.21;87.18;519.03
6474;5;"2022-02-08";"electricity";1793.67;167.11;787.72
6475;8;"2022-12-05";"gas";866.42;53.29;407.35
6476;10;"2023-12-15";"wind";411.74;9.75;9.84
6477;7;"2022-08-08";"electricity";459.37;26.68;195.58
6478;6;"2023-08-17";"coal";1300.16;76.85;639.73
6479;2;"2023-01-29";"gas";774.93;106.33;281.05
6480;9;"2022-08-09";"wind";322.7;14.25;3.87
6481;5;"2021-07-07";"electricity";1378.77;95.47;631.97
6482;9;"2023-12-28";"wind";207.15;8.28;8.11
6483;3;"2023-01-13";"coal";1467.82;187.37;460.3
6484;1;"2022-06-17";"electricity";1221.57;111.92;259.63
6485;8;"2021-07-15";"gas";316.8;20.98;155.94
6486;7;"2024-03-05";"electricity";1969.89;187.14;335.47
6487;2;"2021-12-29";"gas";1125.29;94.86;161.88
6488;2;"2023-07-24";"gas";460.91;55.1;90.75
6489;3;"2023-06-05";"coal";173.07;17.61;79.85
6490;4;"2023-01-14";"electricity";1797.39;226.69;579.37
6491;1;"2023-05-25";"electricity";1971.49;276.7;419.37
6492;5;"2024-05-27";"electricity";855.07;107.99;356.47
6493;10;"2023-05-23";"wind";487.47;14.82;21.76
6494;4;"2022-06-23";"electricity";1655.88;85.94;251.2
6495;4;"2022-01-29";"electricity";1037.13;83.0;352.97
6496;4;"2024-02-19";"electricity";706.09;45.93;71.26
6497;6;"2023-05-24";"coal";1650.22;152.67;673.52
6498;7;"2023-03-01";"electricity";327.64;18.12;118.17
6499;3;"2021-09-08";"coal";392.1;46.25;117.23
6500;8;"2023-05-22";"gas";1964.31;288.51;844.65
6501;10;"2024-01-28";"wind";389.07;11.22;5.81
6502;8;"2021-10-27";"gas";1456.61;147.34;163.6
6503;7;"2022-08-14";"electricity";489.63;65.15;102.99
6504;7;"2023-03-26";"electricity";663.06;54.16;185.63
6505;2;"2024-05-22";"gas";1721.01;96.73;211.9
6506;2;"2021-09-29";"gas";375.17;28.03;179.71
6507;3;"2024-02-22";"coal";163.62;10.96;23.46
6508;9;"2024-03-20";"wind";470.98;18.53;8.56
6509;1;"2023-12-22";"electricity";1779.6;203.79;401.24
6510;9;"2023-08-28";"wind";98.73;4.53;4.2
6511;2;"2023-06-30";"gas";1365.61;149.3;219.87
6512;8;"2021-08-07";"gas";1361.76;141.55;410.91
6513;5;"2021-10-17";"electricity";1849.61;218.89;248.13
6514;5;"2024-01-11";"electricity";615.52;72.27;97.41
6515;5;"2022-10-07";"electricity";1596.88;171.68;454.07
6516;1;"2022-08-19";"electricity";1980.31;112.64;545.56
6517;6;"2022-05-01";"coal";765.23;70.77;139.5
6518;8;"2021-12-11";"gas";757.48;103.46;171.78
6519;10;"2022-11-01";"wind";385.84;14.2;18.11
6520;5;"2021-11-19";"electricity";1565.94;92.7;384.08
6521;5;"2023-03-02";"electricity";1296.72;168.07;221.32
6522;7;"2022-05-16";"electricity";1352.52;105.78;217.19
6523;10;"2023-01-27";"wind";16.95;0.49;0.69
6524;9;"2021-07-26";"wind";262.84;13.04;2.88
6525;6;"2022-04-30";"coal";438.66;38.94;108.93
6526;6;"2023-04-18";"coal";187.54;23.77;19.91
6527;4;"2022-05-16";"electricity";1906.73;275.02;473.2
6528;2;"2023-09-22";"gas";626.32;61.68;236.72
6529;10;"2024-04-13";"wind";215.4;10.69;5.04
6530;8;"2022-07-30";"gas";1627.46;140.91;319.78
6531;9;"2023-04-04";"wind";481.87;14.29;7.63
6532;1;"2021-12-21";"electricity";1674.99;155.66;336.93
6533;6;"2023-02-03";"coal";525.44;54.22;225.04
6534;9;"2022-11-07";"wind";128.86;4.71;2.91
6535;6;"2023-04-24";"coal";177.83;25.65;64.3
6536;2;"2022-02-11";"gas";1492.05;156.35;350.53
6537;8;"2022-03-04";"gas";446.36;64.98;45.36
6538;10;"2024-04-13";"wind";418.78;10.77;15.0
6539;10;"2021-09-28";"wind";167.33;7.09;2.16
6540;8;"2022-10-20";"gas";103.67;10.92;48.34
6541;1;"2021-07-06";"electricity";1144.85;69.55;543.34
6542;7;"2022-11-05";"electricity";622.46;55.23;162.22
6543;1;"2023-11-14";"electricity";586.16;55.71;168.69
6544;8;"2023-10-10";"gas";1815.33;233.77;807.6
6545;7;"2021-12-05";"electricity";380.46;55.1;82.92
6546;6;"2023-09-30";"coal";532.8;36.06;170.05
6547;5;"2023-07-05";"electricity";1489.97;219.72;277.53
6548;5;"2024-01-30";"electricity";1870.92;154.24;545.41
6549;10;"2023-09-03";"wind";340.63;12.01;3.56
6550;5;"2022-02-06";"electricity";667.51;58.62;286.13
6551;2;"2021-08-09";"gas";577.8;51.49;129.93
6552;7;"2022-11-01";"electricity";1570.81;133.38;348.66
6553;6;"2023-07-09";"coal";244.94;27.9;54.94
6554;8;"2023-11-30";"gas";1795.45;243.63;574.45
6555;3;"2021-06-19";"coal";1590.56;115.91;620.63
6556;1;"2023-09-23";"electricity";562.41;30.62;248.36
6557;4;"2022-08-12";"electricity";649.0;53.63;294.75
6558;5;"2023-09-15";"electricity";916.36;80.31;376.02
6559;2;"2022-10-08";"gas";1403.41;203.54;400.95
6560;6;"2023-07-13";"coal";427.5;58.29;141.83
6561;4;"2022-04-30";"electricity";1851.23;161.67;491.41
6562;6;"2021-06-25";"coal";615.26;86.65;245.01
6563;10;"2022-12-11";"wind";116.48;4.02;3.59
6564;7;"2024-04-08";"electricity";583.17;38.42;129.01
6565;10;"2022-01-01";"wind";430.56;14.04;14.26
6566;10;"2022-08-20";"wind";171.62;4.36;4.27
6567;6;"2021-07-09";"coal";1122.05;62.96;242.26
6568;5;"2023-10-03";"electricity";1903.75;276.21;599.91
6569;6;"2021-07-26";"coal";266.07;21.47;51.31
6570;8;"2021-12-30";"gas";1695.0;167.17;502.19
6571;6;"2023-05-19";"coal";1307.83;177.94;202.34
6572;6;"2023-01-05";"coal";1765.67;104.53;407.57
6573;5;"2023-05-14";"electricity";1610.68;98.6;794.26
6574;6;"2023-04-04";"coal";1221.97;119.19;609.92
6575;6;"2022-10-04";"coal";1420.33;104.1;337.32
6576;1;"2023-08-23";"electricity";238.55;24.21;49.54
6577;8;"2022-06-01";"gas";1673.13;182.43;807.92
6578;10;"2023-03-30";"wind";218.82;7.01;3.28
6579;3;"2023-05-12";"coal";1222.23;148.93;567.91
6580;1;"2023-02-03";"electricity";1018.69;147.49;340.33
6581;7;"2022-04-15";"electricity";473.27;50.06;140.31
6582;9;"2021-11-06";"wind";185.26;7.57;3.32
6583;3;"2023-05-10";"coal";1465.46;130.12;294.1
6584;2;"2022-03-04";"gas";903.12;108.06;381.54
6585;7;"2022-12-28";"electricity";1333.21;134.82;518.66
6586;7;"2022-07-05";"electricity";1932.98;266.57;913.48
6587;9;"2022-02-04";"wind";215.86;7.59;3.03
6588;5;"2023-10-17";"electricity";1696.22;171.28;199.98
6589;10;"2023-09-21";"wind";383.07;13.1;12.61
6590;7;"2024-03-19";"electricity";1264.7;178.7;487.32
6591;1;"2023-12-31";"electricity";530.9;59.28;132.97
6592;3;"2023-10-09";"coal";1079.9;120.39;353.26
6593;6;"2022-06-28";"coal";889.84;105.33;179.83
6594;10;"2022-01-13";"wind";82.23;2.58;3.52
6595;8;"2023-12-13";"gas";108.92;14.4;31.78
6596;6;"2022-08-05";"coal";137.97;7.43;64.94
6597;9;"2023-10-08";"wind";165.36;4.41;2.45
6598;3;"2023-07-14";"coal";1154.91;162.75;425.18
6599;9;"2021-07-17";"wind";165.1;4.23;2.2
6600;10;"2023-06-05";"wind";66.86;2.46;1.11
6601;3;"2022-01-26";"coal";1148.13;106.93;502.8
6602;4;"2022-02-25";"electricity";884.72;80.49;230.4
6603;9;"2022-01-22";"wind";258.09;12.65;4.17
6604;1;"2022-01-14";"electricity";1735.63;247.01;225.85
6605;10;"2022-08-02";"wind";232.23;6.57;3.08
6606;7;"2021-07-07";"electricity";270.8;27.36;102.15
6607;8;"2021-11-21";"gas";463.22;60.03;179.14
6608;8;"2023-07-03";"gas";1814.25;222.02;460.79
6609;10;"2022-05-29";"wind";286.76;6.66;7.8
6610;9;"2022-04-20";"wind";292.01;11.63;10.85
6611;3;"2023-10-07";"coal";252.21;29.87;105.11
6612;1;"2022-05-24";"electricity";1072.86;65.29;124.24
6613;4;"2023-12-20";"electricity";1042.35;118.34;338.41
6614;1;"2022-05-19";"electricity";1293.79;92.75;325.08
6615;8;"2021-07-20";"gas";1588.13;219.48;391.97
6616;10;"2022-12-08";"wind";417.34;20.72;13.78
6617;3;"2024-02-22";"coal";1663.24;244.79;639.24
6618;6;"2024-05-06";"coal";421.32;48.96;76.57
6619;3;"2024-01-22";"coal";1145.57;170.38;358.94
6620;9;"2022-04-18";"wind";286.99;9.25;7.19
6621;7;"2021-07-30";"electricity";1513.59;103.36;351.59
6622;7;"2021-12-16";"electricity";827.79;74.05;307.87
6623;3;"2021-08-24";"coal";166.73;10.89;59.03
6624;6;"2023-03-10";"coal";731.95;86.4;263.28
6625;8;"2022-05-07";"gas";1976.81;241.81;215.05
6626;5;"2024-05-28";"electricity";642.65;90.99;157.46
6627;3;"2023-09-27";"coal";1365.16;180.51;514.83
6628;7;"2022-08-20";"electricity";540.86;59.94;251.24
6629;10;"2022-06-12";"wind";407.8;15.52;14.97
6630;9;"2023-03-31";"wind";88.4;3.87;3.45
6631;4;"2022-05-07";"electricity";446.23;59.3;129.03
6632;4;"2023-08-02";"electricity";1434.09;79.22;466.08
6633;5;"2023-02-06";"electricity";1307.58;119.12;292.61
6634;2;"2022-12-15";"gas";1739.5;205.66;622.45
6635;9;"2024-05-11";"wind";262.06;5.9;6.95
6636;4;"2023-07-01";"electricity";1592.27;192.93;588.22
6637;2;"2023-12-16";"gas";579.76;43.28;245.92
6638;8;"2022-09-22";"gas";363.22;41.12;91.59
6639;2;"2023-08-08";"gas";928.3;60.37;157.43
6640;5;"2023-12-15";"electricity";975.59;133.19;199.87
6641;3;"2022-09-18";"coal";1925.44;128.62;377.37
6642;7;"2023-01-12";"electricity";1041.77;143.06;291.61
6643;9;"2023-01-08";"wind";201.24;5.02;9.76
6644;9;"2024-05-26";"wind";493.29;17.45;5.87
6645;10;"2022-07-29";"wind";277.23;6.41;3.97
6646;1;"2023-08-16";"electricity";1195.21;130.01;591.36
6647;3;"2023-02-07";"coal";487.89;40.98;126.12
6648;3;"2021-10-05";"coal";268.88;21.61;87.82
6649;3;"2021-07-14";"coal";1330.31;155.28;549.67
6650;2;"2023-07-30";"gas";1459.51;211.37;398.49
6651;6;"2023-01-15";"coal";853.77;63.11;89.29
6652;9;"2023-01-09";"wind";144.29;3.44;4.32
6653;4;"2021-06-09";"electricity";594.14;65.56;69.52
6654;2;"2022-05-31";"gas";371.72;31.75;113.84
6655;6;"2023-04-11";"coal";1712.09;254.67;447.21
6656;8;"2023-12-25";"gas";518.2;43.39;186.84
6657;4;"2023-03-07";"electricity";1816.56;96.32;767.31
6658;8;"2023-05-17";"gas";1941.45;110.41;720.01
6659;10;"2023-10-19";"wind";265.23;8.31;6.91
6660;10;"2023-10-31";"wind";372.56;13.15;4.4
6661;1;"2023-02-21";"electricity";1171.59;106.76;472.03
6662;2;"2022-04-19";"gas";1180.24;92.33;393.76
6663;7;"2021-10-02";"electricity";1025.18;114.86;423.24
6664;8;"2022-05-04";"gas";1510.0;170.68;532.12
6665;6;"2024-01-18";"coal";1780.8;235.48;280.64
6666;4;"2023-08-26";"electricity";1141.3;74.1;450.14
6667;4;"2022-03-15";"electricity";531.7;71.53;218.93
6668;9;"2022-09-17";"wind";370.59;17.56;6.93
6669;4;"2021-10-15";"electricity";125.33;12.14;46.25
6670;8;"2023-11-28";"gas";1298.94;114.51;147.75
6671;1;"2022-10-30";"electricity";1764.31;154.76;584.54
6672;9;"2023-06-13";"wind";218.99;4.7;4.73
6673;8;"2024-03-12";"gas";1199.36;81.3;278.17
6674;10;"2023-10-14";"wind";297.03;10.57;11.52
6675;4;"2021-09-16";"electricity";1133.91;96.62;277.45
6676;9;"2024-02-13";"wind";39.75;0.81;1.84
6677;4;"2023-05-27";"electricity";814.36;106.93;255.87
6678;7;"2022-01-08";"electricity";1593.45;90.51;165.18
6679;8;"2023-09-26";"gas";1010.03;102.4;181.74
6680;6;"2021-12-06";"coal";871.71;75.79;326.44
6681;8;"2021-09-28";"gas";1561.89;166.49;603.99
6682;10;"2022-10-08";"wind";459.76;16.29;22.8
6683;1;"2022-05-15";"electricity";372.44;48.27;174.49
6684;10;"2021-09-26";"wind";491.81;21.0;20.9
6685;6;"2023-10-15";"coal";1886.24;197.07;731.97
6686;10;"2022-08-27";"wind";37.71;1.4;1.35
6687;8;"2022-11-02";"gas";721.25;96.29;125.74
6688;6;"2023-09-02";"coal";1926.34;210.39;374.54
6689;2;"2024-04-23";"gas";174.07;25.97;25.0
6690;2;"2023-08-28";"gas";241.57;15.98;115.33
6691;2;"2022-10-20";"gas";1801.73;154.19;743.82
6692;5;"2024-02-10";"electricity";1023.85;78.07;124.66
6693;8;"2021-11-04";"gas";677.78;46.4;330.0
6694;2;"2021-11-15";"gas";1932.65;161.47;738.72
6695;9;"2022-04-14";"wind";263.45;10.32;5.48
6696;5;"2023-04-18";"electricity";303.65;23.8;125.5
6697;4;"2023-10-06";"electricity";904.86;74.17;295.27
6698;2;"2022-02-22";"gas";1870.27;214.26;625.38
6699;8;"2023-07-18";"gas";110.44;15.59;36.28
6700;2;"2023-02-09";"gas";662.25;53.22;176.13
6701;7;"2023-06-02";"electricity";1263.65;72.65;393.46
6702;3;"2021-09-04";"coal";620.0;31.26;287.78
6703;9;"2022-08-06";"wind";89.91;2.93;1.69
6704;9;"2022-12-24";"wind";436.95;17.5;11.19
6705;2;"2022-05-17";"gas";1743.0;98.51;770.44
6706;7;"2023-05-14";"electricity";105.01;10.73;51.0
6707;6;"2022-05-16";"coal";1404.74;76.25;668.47
6708;4;"2022-10-31";"electricity";200.31;25.34;44.55
6709;8;"2024-04-17";"gas";924.78;81.42;228.67
6710;3;"2022-06-08";"coal";1126.08;147.35;173.81
6711;3;"2022-04-01";"coal";968.39;80.2;125.89
6712;3;"2023-02-02";"coal";1260.49;128.16;233.88
6713;10;"2023-08-01";"wind";244.54;6.97;11.51
6714;2;"2023-12-12";"gas";369.72;45.19;162.22
6715;2;"2022-08-14";"gas";878.52;119.24;355.31
6716;10;"2022-01-25";"wind";171.52;7.32;1.96
6717;9;"2023-08-02";"wind";228.25;10.21;4.55
6718;3;"2022-03-09";"coal";1628.22;110.27;581.68
6719;10;"2023-01-15";"wind";484.03;18.48;17.03
6720;2;"2023-11-18";"gas";1704.24;146.24;532.98
6721;9;"2022-03-29";"wind";336.69;13.46;4.19
6722;4;"2021-11-20";"electricity";351.97;30.87;57.73
6723;10;"2022-07-16";"wind";370.81;8.48;15.24
6724;3;"2022-09-06";"coal";169.58;19.15;55.82
6725;6;"2024-03-15";"coal";1157.24;84.48;516.17
6726;6;"2022-04-22";"coal";1580.76;193.66;167.6
6727;8;"2021-11-13";"gas";1327.65;103.22;322.39
6728;8;"2022-12-08";"gas";150.67;21.5;40.61
6729;10;"2024-03-31";"wind";138.12;5.05;5.49
6730;4;"2023-11-11";"electricity";112.33;14.81;14.18
6731;4;"2021-06-05";"electricity";1496.48;103.71;732.62
6732;2;"2021-07-17";"gas";1648.33;165.87;407.29
6733;1;"2022-05-26";"electricity";1322.54;187.45;325.58
6734;10;"2023-08-23";"wind";228.28;8.62;3.76
6735;6;"2021-06-08";"coal";1677.21;173.15;275.05
6736;10;"2022-05-18";"wind";245.49;7.2;10.6
6737;4;"2022-08-13";"electricity";1144.68;73.68;559.05
6738;6;"2024-01-07";"coal";773.29;111.57;329.25
6739;2;"2022-09-06";"gas";223.64;23.32;77.94
6740;6;"2023-03-02";"coal";571.25;56.85;257.15
6741;1;"2023-06-13";"electricity";473.36;66.46;132.94
6742;5;"2022-05-07";"electricity";1971.6;125.51;327.71
6743;3;"2023-05-26";"coal";1463.13;171.62;543.7
6744;1;"2021-06-24";"electricity";1827.73;160.84;294.64
6745;1;"2021-11-03";"electricity";1592.41;153.75;360.74
6746;10;"2022-07-08";"wind";202.47;5.28;5.88
6747;9;"2022-09-04";"wind";256.02;7.27;3.57
6748;1;"2023-05-10";"electricity";737.79;46.49;102.86
6749;5;"2023-11-27";"electricity";1173.58;112.0;329.24
6750;8;"2023-09-08";"gas";1125.52;67.7;169.58
6751;3;"2023-11-12";"coal";1502.1;147.49;227.68
6752;1;"2022-06-05";"electricity";1179.64;75.82;394.72
6753;6;"2023-01-14";"coal";1716.16;107.0;854.83
6754;1;"2022-10-03";"electricity";211.07;16.14;52.77
6755;8;"2024-02-14";"gas";1867.55;238.76;572.34
6756;1;"2021-10-10";"electricity";722.66;42.23;292.82
6757;2;"2021-07-06";"gas";1813.25;105.92;214.76
6758;7;"2023-12-04";"electricity";1308.08;118.2;651.83
6759;5;"2023-07-23";"electricity";512.27;38.0;154.22
6760;6;"2022-08-11";"coal";258.18;30.15;64.95
6761;2;"2022-09-10";"gas";1471.43;181.66;310.62
6762;6;"2021-11-11";"coal";474.81;43.1;196.77
6763;4;"2024-03-03";"electricity";767.65;70.43;350.99
6764;6;"2023-11-06";"coal";962.46;140.95;473.03
6765;8;"2023-11-13";"gas";225.06;32.71;42.1
6766;4;"2023-01-17";"electricity";1760.15;96.96;287.23
6767;4;"2023-02-23";"electricity";1816.33;192.97;477.05
6768;10;"2023-08-25";"wind";192.52;6.51;8.68
6769;5;"2024-05-01";"electricity";855.25;110.78;389.7
6770;4;"2022-06-09";"electricity";106.01;6.19;31.53
6771;2;"2022-10-25";"gas";1502.74;213.3;363.44
6772;8;"2021-09-06";"gas";1418.94;202.77;171.46
6773;3;"2022-04-04";"coal";1867.35;267.38;392.21
6774;6;"2024-02-29";"coal";346.75;48.91;97.87
6775;8;"2022-05-09";"gas";1390.63;76.78;160.92
6776;7;"2023-05-18";"electricity";624.67;69.33;127.01
6777;7;"2023-04-11";"electricity";325.26;22.08;32.87
6778;1;"2022-04-11";"electricity";293.09;37.86;117.3
6779;9;"2023-06-08";"wind";453.08;16.73;11.14
6780;2;"2023-04-13";"gas";316.14;45.57;122.58
6781;3;"2023-03-06";"coal";927.15;76.59;100.43
6782;9;"2023-08-26";"wind";445.33;15.99;12.2
6783;10;"2021-10-26";"wind";331.54;10.03;16.27
6784;9;"2024-02-06";"wind";209.67;9.45;3.78
6785;4;"2023-02-03";"electricity";1237.73;93.49;377.3
6786;6;"2021-08-21";"coal";164.15;9.71;51.14
6787;7;"2022-06-02";"electricity";1803.75;253.75;810.97
6788;3;"2024-03-24";"coal";993.03;97.86;354.88
6789;1;"2021-07-20";"electricity";1286.14;64.42;324.38
6790;2;"2023-11-18";"gas";1539.95;223.85;558.65
6791;6;"2022-09-25";"coal";1689.24;201.3;475.83
6792;9;"2021-11-10";"wind";452.77;19.59;11.18
6793;6;"2022-08-15";"coal";924.68;79.65;226.23
6794;4;"2022-05-20";"electricity";510.34;59.67;140.93
6795;10;"2023-05-29";"wind";43.92;1.02;0.58
6796;5;"2022-07-17";"electricity";1664.05;189.49;718.27
6797;6;"2023-11-08";"coal";1876.12;212.2;879.97
6798;6;"2022-11-20";"coal";647.02;40.52;75.34
6799;8;"2021-12-27";"gas";1210.6;71.15;429.35
6800;3;"2022-10-23";"coal";562.53;83.81;240.58
6801;5;"2021-09-13";"electricity";1548.04;114.06;708.9
6802;1;"2024-01-05";"electricity";514.73;69.52;80.07
6803;6;"2022-07-20";"coal";858.23;120.02;275.33
6804;7;"2022-02-27";"electricity";204.33;26.81;21.47
6805;6;"2021-11-11";"coal";1418.98;191.04;532.6
6806;2;"2023-06-12";"gas";184.27;21.33;66.54
6807;1;"2023-07-20";"electricity";427.39;46.37;98.09
6808;8;"2022-11-15";"gas";1236.92;126.29;510.42
6809;7;"2023-08-24";"electricity";1163.4;119.29;299.51
6810;5;"2024-03-13";"electricity";768.32;72.34;140.34
6811;6;"2022-08-23";"coal";1700.66;156.87;317.05
6812;8;"2021-12-01";"gas";1419.76;162.86;495.58
6813;8;"2023-07-28";"gas";802.79;120.1;369.02
6814;1;"2023-09-27";"electricity";225.41;29.38;46.81
6815;10;"2022-05-29";"wind";97.01;2.94;2.16
6816;1;"2021-11-27";"electricity";966.35;107.71;114.53
6817;2;"2024-01-30";"gas";1624.14;134.63;567.71
6818;8;"2023-07-23";"gas";328.96;45.7;60.33
6819;2;"2022-02-25";"gas";1436.5;117.58;337.41
6820;1;"2023-06-29";"electricity";429.68;29.82;150.64
6821;6;"2021-07-07";"coal";912.3;85.98;211.02
6822;1;"2022-01-18";"electricity";1517.93;200.59;635.9
6823;7;"2022-11-30";"electricity";380.54;24.57;79.28
6824;1;"2021-10-06";"electricity";1353.31;133.39;647.49
6825;3;"2022-08-22";"coal";1761.36;213.23;491.71
6826;1;"2023-09-01";"electricity";472.39;66.34;206.62
6827;1;"2022-02-23";"electricity";485.66;47.74;134.24
6828;1;"2024-04-02";"electricity";823.91;69.02;186.73
6829;1;"2021-06-03";"electricity";410.07;37.27;195.49
6830;7;"2023-08-01";"electricity";183.43;17.43;63.63
6831;7;"2023-09-23";"electricity";668.49;42.13;160.4
6832;8;"2021-06-20";"gas";1781.88;119.7;349.06
6833;4;"2022-09-24";"electricity";1962.32;109.08;884.0
6834;2;"2022-05-27";"gas";999.23;141.68;407.6
6835;10;"2024-04-22";"wind";337.82;12.0;15.51
6836;2;"2023-09-06";"gas";1561.37;215.9;378.2
6837;7;"2023-09-15";"electricity";1282.15;133.94;283.86
6838;6;"2022-12-02";"coal";1848.81;115.54;385.98
6839;4;"2021-09-26";"electricity";511.83;41.05;138.28
6840;2;"2023-11-23";"gas";1281.29;165.24;613.86
6841;7;"2021-08-10";"electricity";984.08;92.6;298.89
6842;9;"2023-01-26";"wind";204.81;5.92;4.41
6843;4;"2022-01-04";"electricity";1392.73;123.43;390.72
6844;10;"2021-10-25";"wind";447.72;19.81;8.97
6845;5;"2023-05-22";"electricity";530.9;71.99;214.81
6846;3;"2022-11-09";"coal";683.14;91.88;79.35
6847;3;"2022-03-14";"coal";278.36;30.21;97.87
6848;7;"2021-12-14";"electricity";1210.36;173.58;412.34
6849;7;"2023-03-20";"electricity";1165.56;128.15;259.0
6850;5;"2022-08-02";"electricity";1223.67;140.74;310.3
6851;4;"2022-07-16";"electricity";1932.44;267.77;219.87
6852;8;"2024-05-21";"gas";1180.13;142.08;267.17
6853;5;"2024-05-26";"electricity";173.99;13.0;36.82
6854;4;"2021-10-30";"electricity";584.05;51.5;128.86
6855;1;"2023-01-15";"electricity";1295.56;102.7;371.82
6856;10;"2022-10-20";"wind";150.52;5.27;6.14
6857;2;"2022-02-07";"gas";139.25;15.87;44.31
6858;5;"2021-06-27";"electricity";1215.11;109.48;481.48
6859;2;"2023-10-17";"gas";137.89;17.35;35.04
6860;8;"2024-02-19";"gas";1978.03;131.72;881.75
6861;10;"2023-03-06";"wind";10.15;0.44;0.26
6862;4;"2024-01-12";"electricity";1023.0;95.36;349.21
6863;1;"2023-06-07";"electricity";1357.64;102.71;201.41
6864;3;"2023-05-09";"coal";1755.82;261.43;453.73
6865;3;"2021-12-08";"coal";397.34;36.25;173.83
6866;6;"2022-05-03";"coal";600.76;69.61;278.09
6867;10;"2023-07-06";"wind";245.9;8.58;4.81
6868;2;"2021-12-28";"gas";855.24;91.25;283.33
6869;7;"2021-07-06";"electricity";240.66;22.02;79.78
6870;6;"2023-11-04";"coal";1823.54;116.08;875.86
6871;3;"2022-05-16";"coal";379.44;35.08;48.53
6872;5;"2022-07-10";"electricity";1002.46;114.12;363.12
6873;4;"2024-02-02";"electricity";650.85;55.13;125.43
6874;6;"2022-04-17";"coal";1316.0;185.87;150.24
6875;2;"2023-08-04";"gas";1614.5;214.19;696.51
6876;6;"2021-10-10";"coal";1096.8;115.58;125.74
6877;6;"2023-02-21";"coal";1651.81;183.87;281.15
6878;9;"2023-11-26";"wind";193.35;6.26;7.07
6879;8;"2023-02-26";"gas";291.57;25.27;30.09
6880;8;"2023-11-19";"gas";992.35;106.89;299.05
6881;6;"2024-04-21";"coal";1155.21;154.83;329.7
6882;7;"2021-09-07";"electricity";808.49;90.09;360.23
6883;6;"2021-09-11";"coal";1599.44;208.86;215.54
6884;10;"2024-03-25";"wind";108.09;2.69;3.58
6885;5;"2022-02-10";"electricity";642.06;56.38;194.46
6886;5;"2022-02-25";"electricity";728.72;78.72;98.92
6887;2;"2022-05-13";"gas";1897.75;196.86;209.85
6888;3;"2022-01-23";"coal";1304.22;159.57;184.45
6889;6;"2022-06-09";"coal";1605.61;108.73;417.77
6890;6;"2022-09-19";"coal";1682.69;227.61;368.16
6891;7;"2023-06-08";"electricity";1494.26;85.15;597.32
6892;7;"2021-11-05";"electricity";1779.08;170.3;407.17
6893;3;"2022-06-27";"coal";851.24;87.4;260.76
6894;9;"2021-10-11";"wind";405.86;16.51;18.01
6895;1;"2021-08-17";"electricity";1269.89;171.48;537.79
6896;9;"2022-06-13";"wind";100.39;2.3;1.64
6897;5;"2023-04-10";"electricity";1971.56;168.59;384.26
6898;3;"2023-02-17";"coal";559.13;36.71;238.37
6899;8;"2022-02-09";"gas";479.86;30.75;169.95
6900;2;"2022-07-12";"gas";1783.95;220.41;826.05
6901;2;"2022-03-12";"gas";1401.37;177.62;631.82
6902;2;"2023-11-27";"gas";284.77;22.82;95.25
6903;6;"2023-06-26";"coal";1164.32;65.86;477.03
6904;10;"2021-07-11";"wind";488.12;21.54;11.29
6905;10;"2021-09-15";"wind";498.31;18.35;17.69
6906;8;"2022-03-24";"gas";1559.69;229.41;236.7
6907;8;"2022-08-15";"gas";585.96;53.31;222.74
6908;4;"2022-10-21";"electricity";762.77;52.6;93.61
6909;10;"2021-12-22";"wind";71.27;2.16;2.66
6910;6;"2022-05-20";"coal";291.68;25.58;104.77
6911;2;"2022-01-19";"gas";151.51;11.48;43.98
6912;3;"2023-01-01";"coal";1833.55;236.46;640.01
6913;1;"2023-12-29";"electricity";1657.97;215.43;495.96
6914;7;"2022-06-19";"electricity";155.76;21.77;24.36
6915;7;"2022-03-06";"electricity";758.44;95.41;365.62
6916;4;"2022-07-19";"electricity";251.43;29.59;32.38
6917;6;"2023-04-05";"coal";153.62;17.12;17.77
6918;3;"2024-01-28";"coal";1522.54;219.76;350.69
6919;9;"2023-04-26";"wind";174.99;5.51;3.15
6920;3;"2024-05-03";"coal";1010.84;124.93;142.69
6921;5;"2023-09-10";"electricity";1601.54;236.75;262.87
6922;1;"2021-09-23";"electricity";1344.93;113.98;619.98
6923;6;"2023-02-01";"coal";1490.82;214.22;455.76
6924;2;"2022-11-10";"gas";254.7;33.57;51.23
6925;2;"2022-01-16";"gas";1347.22;72.04;149.18
6926;8;"2023-08-30";"gas";936.73;116.7;285.08
6927;2;"2022-06-11";"gas";1278.76;79.49;186.69
6928;1;"2021-12-02";"electricity";1300.15;177.75;372.32
6929;5;"2022-08-05";"electricity";364.06;20.85;55.9
6930;5;"2023-08-08";"electricity";999.28;76.99;478.93
6931;4;"2023-05-14";"electricity";118.03;15.9;40.97
6932;9;"2022-03-29";"wind";22.33;0.77;1.01
6933;7;"2023-11-05";"electricity";1293.93;93.98;601.81
6934;6;"2022-04-01";"coal";871.68;129.97;147.58
6935;3;"2022-05-02";"coal";986.34;60.65;208.69
6936;8;"2022-11-19";"gas";1457.51;104.63;691.83
6937;5;"2023-10-31";"electricity";810.78;75.39;380.85
6938;4;"2023-12-13";"electricity";1876.56;156.09;485.05
6939;5;"2021-06-27";"electricity";105.57;13.25;41.63
6940;9;"2023-04-24";"wind";492.14;10.77;11.03
6941;10;"2021-12-29";"wind";93.24;3.29;4.33
6942;6;"2022-03-17";"coal";1209.62;63.56;294.51
6943;6;"2021-09-12";"coal";660.72;92.29;308.33
6944;2;"2022-08-10";"gas";892.31;59.92;238.63
6945;7;"2021-08-03";"electricity";1732.15;250.31;439.28
6946;3;"2023-06-08";"coal";1629.14;108.38;224.9
6947;6;"2021-12-26";"coal";1630.88;125.61;302.8
6948;2;"2022-07-12";"gas";917.94;112.5;253.27
6949;3;"2023-01-21";"coal";1486.0;217.96;594.04
6950;10;"2021-07-20";"wind";444.52;9.2;7.56
6951;4;"2021-12-07";"electricity";225.1;32.79;59.76
6952;4;"2022-05-03";"electricity";294.07;18.77;50.24
6953;6;"2023-01-25";"coal";400.92;54.22;179.28
6954;8;"2024-04-21";"gas";446.99;61.32;159.96
6955;9;"2022-01-13";"wind";391.1;18.67;14.1
6956;5;"2024-05-08";"electricity";1151.96;71.66;344.19
6957;9;"2023-03-08";"wind";408.78;12.2;6.53
6958;7;"2023-12-20";"electricity";1287.34;83.89;141.59
6959;9;"2023-05-16";"wind";204.84;9.01;4.09
6960;5;"2021-10-28";"electricity";472.76;61.9;172.64
6961;1;"2023-11-16";"electricity";648.53;57.36;314.36
6962;1;"2022-04-03";"electricity";822.78;111.64;155.79
6963;9;"2021-09-12";"wind";467.8;18.73;22.08
6964;2;"2023-03-09";"gas";1154.36;155.29;379.69
6965;9;"2022-08-19";"wind";148.68;6.45;6.47
6966;8;"2024-03-10";"gas";755.28;67.11;341.95
6967;1;"2024-03-06";"electricity";1848.91;190.74;442.23
6968;7;"2023-03-20";"electricity";1176.47;86.47;283.55
6969;9;"2023-12-13";"wind";131.92;4.84;1.71
6970;4;"2022-07-04";"electricity";895.38;122.39;438.08
6971;9;"2022-02-06";"wind";266.01;8.48;5.12
6972;7;"2023-02-10";"electricity";809.92;40.7;299.99
6973;7;"2023-03-27";"electricity";564.7;68.12;105.86
6974;7;"2023-04-22";"electricity";1704.57;193.32;300.22
6975;3;"2022-02-04";"coal";118.78;12.6;42.4
6976;2;"2023-02-23";"gas";1238.91;142.01;410.23
6977;7;"2023-05-24";"electricity";284.0;17.21;51.88
6978;8;"2024-01-11";"gas";136.72;12.84;65.03
6979;1;"2023-06-16";"electricity";1772.08;204.98;213.93
6980;3;"2024-05-23";"coal";136.22;11.32;40.83
6981;4;"2024-01-01";"electricity";989.72;66.57;204.0
6982;10;"2022-11-22";"wind";11.54;0.41;0.54
6983;6;"2023-04-17";"coal";896.46;51.09;95.85
6984;5;"2022-05-31";"electricity";1596.8;179.2;682.07
6985;8;"2024-05-06";"gas";1264.13;185.29;450.47
6986;3;"2021-12-15";"coal";1347.73;94.27;228.78
6987;6;"2023-12-08";"coal";673.9;67.3;334.32
6988;9;"2024-05-18";"wind";395.0;12.57;12.1
6989;1;"2021-06-15";"electricity";1525.1;115.23;568.01
6990;4;"2024-05-06";"electricity";1200.58;67.15;307.5
6991;10;"2021-12-26";"wind";349.48;10.95;7.01
6992;3;"2022-06-12";"coal";1088.69;126.85;409.57
6993;2;"2023-07-07";"gas";1310.58;152.73;392.9
6994;8;"2021-10-20";"gas";807.33;109.45;300.91
6995;8;"2022-03-14";"gas";1561.45;194.49;734.01
6996;1;"2023-08-11";"electricity";1598.13;162.68;258.79
6997;8;"2023-03-01";"gas";154.63;17.76;32.77
6998;1;"2022-09-03";"electricity";1724.35;200.61;266.72
6999;6;"2021-08-14";"coal";1830.52;117.91;403.2
7000;3;"2022-03-26";"coal";278.72;28.24;97.08
7001;3;"2023-08-15";"coal";1849.35;267.25;732.33
7002;4;"2022-10-08";"electricity";387.56;20.13;162.71
7003;3;"2024-02-24";"coal";308.72;39.89;84.26
7004;4;"2021-09-03";"electricity";457.53;63.36;174.16
7005;7;"2023-12-20";"electricity";1726.8;147.42;329.84
7006;4;"2022-01-30";"electricity";939.74;75.72;111.72
7007;7;"2023-07-13";"electricity";873.63;109.62;237.83
7008;1;"2023-03-13";"electricity";1951.1;274.72;749.34
7009;2;"2023-07-07";"gas";314.49;31.36;64.84
7010;5;"2024-05-21";"electricity";335.76;16.8;128.8
7011;2;"2024-01-23";"gas";476.22;41.24;47.73
7012;10;"2023-12-04";"wind";64.16;2.04;1.38
7013;2;"2024-01-25";"gas";1037.07;108.85;150.73
7014;1;"2022-11-21";"electricity";1057.63;55.63;514.41
7015;10;"2023-12-01";"wind";33.19;0.71;1.48
7016;8;"2022-10-27";"gas";693.7;86.24;343.13
7017;6;"2022-12-20";"coal";237.19;22.67;59.91
7018;8;"2022-02-09";"gas";642.15;48.15;113.08
7019;5;"2021-07-15";"electricity";662.67;86.41;127.64
7020;8;"2021-10-27";"gas";1067.45;94.86;269.48
7021;9;"2023-09-06";"wind";208.87;9.04;3.38
7022;10;"2023-12-28";"wind";232.57;10.2;9.0
7023;1;"2022-05-03";"electricity";621.46;47.46;228.62
7024;7;"2023-05-29";"electricity";1496.16;78.55;441.15
7025;6;"2021-06-24";"coal";805.95;60.32;184.47
7026;3;"2021-12-18";"coal";885.16;67.24;223.51
7027;8;"2022-12-09";"gas";677.72;43.71;185.58
7028;5;"2022-12-18";"electricity";219.59;11.43;80.98
7029;9;"2021-09-15";"wind";455.95;21.59;22.44
7030;10;"2023-08-22";"wind";196.43;4.24;7.78
7031;10;"2022-09-07";"wind";17.61;0.41;0.37
7032;6;"2022-10-02";"coal";657.01;52.06;203.19
7033;5;"2023-03-15";"electricity";1302.45;106.32;161.27
7034;3;"2022-03-03";"coal";1377.52;169.9;285.16
7035;7;"2023-06-05";"electricity";264.58;32.54;71.53
7036;3;"2021-07-22";"coal";694.72;72.63;233.56
7037;2;"2022-09-29";"gas";478.43;35.45;134.1
7038;8;"2021-07-02";"gas";891.83;59.31;371.93
7039;7;"2021-06-20";"electricity";1628.52;156.42;615.53
7040;6;"2024-03-24";"coal";528.41;30.78;99.89
7041;9;"2023-04-27";"wind";304.42;11.01;14.23
7042;10;"2021-07-18";"wind";79.79;3.97;0.88
7043;3;"2023-11-30";"coal";1172.89;83.13;414.83
7044;2;"2024-03-29";"gas";699.99;75.91;143.84
7045;7;"2022-01-08";"electricity";193.81;16.83;62.24
7046;5;"2022-07-31";"electricity";1700.5;236.66;514.65
7047;3;"2022-03-03";"coal";1172.84;77.48;446.85
7048;1;"2024-03-13";"electricity";626.33;91.14;305.52
7049;7;"2022-01-09";"electricity";784.33;60.36;315.34
7050;8;"2021-11-20";"gas";411.28;39.34;203.8
7051;1;"2024-03-18";"electricity";188.73;27.12;75.24
7052;8;"2022-05-05";"gas";1891.05;268.26;505.22
7053;6;"2024-03-31";"coal";1701.67;195.91;411.72
7054;6;"2021-08-28";"coal";241.62;18.69;66.24
7055;6;"2021-11-07";"coal";1678.76;136.66;827.66
7056;8;"2023-10-28";"gas";290.52;27.5;68.25
7057;3;"2022-08-12";"coal";1798.5;139.89;283.21
7058;6;"2024-02-24";"coal";590.25;31.79;150.07
7059;4;"2021-12-13";"electricity";192.99;11.43;60.04
7060;4;"2023-10-28";"electricity";1413.75;192.37;563.37
7061;7;"2023-03-13";"electricity";330.85;23.8;89.12
7062;7;"2022-07-07";"electricity";118.33;15.4;32.69
7063;2;"2023-02-19";"gas";174.11;22.01;83.49
7064;7;"2022-09-02";"electricity";962.95;115.17;139.8
7065;5;"2023-10-07";"electricity";322.65;35.49;37.54
7066;4;"2024-04-02";"electricity";1588.08;219.33;666.3
7067;6;"2024-05-13";"coal";1336.91;116.78;607.88
7068;5;"2021-11-08";"electricity";1757.65;253.95;846.35
7069;1;"2022-04-05";"electricity";447.73;55.91;209.55
7070;9;"2023-08-09";"wind";239.66;4.95;5.51
7071;4;"2022-10-26";"electricity";1883.43;178.19;359.76
7072;8;"2023-09-20";"gas";1545.12;87.14;725.41
7073;7;"2021-08-23";"electricity";875.98;121.15;409.05
7074;4;"2022-02-10";"electricity";241.66;28.69;112.47
7075;3;"2022-04-22";"coal";1042.42;111.73;191.19
7076;9;"2022-04-14";"wind";264.5;8.38;12.94
7077;1;"2021-10-08";"electricity";127.29;18.71;25.84
7078;1;"2022-08-04";"electricity";652.64;89.82;124.05
7079;3;"2024-03-09";"coal";438.12;54.59;165.15
7080;5;"2024-05-01";"electricity";1100.8;138.73;467.53
7081;2;"2023-11-21";"gas";1290.96;124.48;545.76
7082;2;"2024-04-29";"gas";665.73;68.88;213.24
7083;1;"2023-01-31";"electricity";1791.65;215.19;761.46
7084;8;"2023-03-24";"gas";333.95;21.71;57.61
7085;4;"2021-10-16";"electricity";414.35;56.27;172.97
7086;5;"2023-01-06";"electricity";616.67;63.27;153.02
7087;4;"2021-06-13";"electricity";1644.41;196.01;249.11
7088;2;"2023-01-31";"gas";1571.42;190.75;673.61
7089;3;"2023-02-02";"coal";1813.59;112.2;377.91
7090;4;"2023-10-02";"electricity";738.43;62.05;346.1
7091;4;"2022-10-12";"electricity";1243.89;107.92;574.94
7092;8;"2024-03-15";"gas";897.68;77.64;366.21
7093;1;"2024-01-09";"electricity";792.74;80.03;319.98
7094;10;"2023-06-17";"wind";406.94;8.85;18.05
7095;10;"2022-08-19";"wind";285.24;10.58;5.61
7096;10;"2022-08-21";"wind";318.73;15.59;15.35
7097;2;"2021-12-17";"gas";343.0;19.64;73.38
7098;3;"2021-06-14";"coal";585.83;70.83;87.68
7099;5;"2023-05-13";"electricity";1831.82;257.41;825.15
7100;9;"2021-09-25";"wind";223.12;5.84;7.36
7101;2;"2023-07-23";"gas";262.75;17.07;116.4
7102;8;"2022-06-27";"gas";1843.27;255.14;324.88
7103;7;"2023-08-03";"electricity";700.11;55.17;193.71
7104;8;"2024-04-09";"gas";398.45;29.23;99.47
7105;5;"2021-09-27";"electricity";245.8;13.95;92.24
7106;4;"2023-08-22";"electricity";1382.57;189.97;551.35
7107;2;"2023-05-17";"gas";1882.35;146.86;374.06
7108;1;"2021-10-30";"electricity";1094.68;70.29;212.25
7109;6;"2022-07-16";"coal";1345.14;91.45;667.25
7110;6;"2023-02-21";"coal";1628.88;161.89;306.46
7111;6;"2022-07-12";"coal";1023.02;131.29;455.87
7112;6;"2023-09-12";"coal";642.85;40.02;320.6
7113;3;"2023-11-19";"coal";1137.83;148.95;361.44
7114;6;"2024-02-24";"coal";1767.29;214.88;560.27
7115;2;"2022-04-27";"gas";452.0;28.09;100.45
7116;4;"2023-11-01";"electricity";683.21;83.47;335.59
7117;1;"2021-09-19";"electricity";952.64;49.65;252.14
7118;4;"2022-07-07";"electricity";450.03;32.71;162.46
7119;10;"2024-03-14";"wind";41.03;1.95;1.81
7120;1;"2023-08-02";"electricity";130.94;11.83;50.62
7121;8;"2024-05-12";"gas";1522.28;171.01;532.65
7122;7;"2023-09-28";"electricity";1925.07;141.44;792.56
7123;8;"2023-03-12";"gas";1421.72;177.44;283.19
7124;2;"2023-02-20";"gas";1665.96;248.44;775.55
7125;3;"2021-08-06";"coal";436.64;49.14;174.81
7126;2;"2021-08-30";"gas";1954.96;230.96;218.1
7127;7;"2023-08-25";"electricity";1878.87;253.39;775.53
7128;6;"2022-07-04";"coal";1855.52;108.6;426.61
7129;1;"2024-04-12";"electricity";347.6;36.65;40.93
7130;1;"2021-05-30";"electricity";662.42;67.25;163.49
7131;1;"2023-10-26";"electricity";1443.08;165.7;170.51
7132;3;"2021-12-27";"coal";1367.95;129.91;535.19
7133;2;"2022-03-25";"gas";1096.39;125.96;510.24
7134;1;"2023-08-31";"electricity";1549.7;206.45;769.07
7135;3;"2023-01-09";"coal";1939.45;222.38;662.48
7136;10;"2023-10-05";"wind";332.88;9.67;7.69
7137;3;"2021-07-22";"coal";645.27;39.33;258.91
7138;1;"2021-06-12";"electricity";208.68;11.47;79.47
7139;9;"2024-05-05";"wind";295.21;11.44;5.39
7140;2;"2022-09-01";"gas";273.78;22.95;77.09
7141;4;"2023-05-11";"electricity";586.37;34.29;192.64
7142;4;"2023-05-23";"electricity";1030.98;85.66;381.59
7143;1;"2023-03-12";"electricity";909.9;86.44;224.93
7144;6;"2022-10-24";"coal";1455.67;116.6;348.38
7145;8;"2021-06-27";"gas";1825.98;157.07;771.66
7146;6;"2021-06-29";"coal";136.37;8.37;29.58
7147;7;"2021-08-30";"electricity";1313.78;95.81;547.84
7148;1;"2024-03-02";"electricity";1314.98;162.94;533.25
7149;2;"2022-03-16";"gas";1073.4;145.65;222.14
7150;6;"2021-10-26";"coal";1835.4;172.61;798.14
7151;8;"2022-11-04";"gas";720.95;76.24;331.5
7152;4;"2023-04-20";"electricity";1977.04;211.04;646.92
7153;6;"2022-03-07";"coal";831.56;73.47;165.27
7154;8;"2021-12-10";"gas";1406.03;133.58;157.72
7155;4;"2024-05-06";"electricity";410.53;35.1;88.1
7156;7;"2024-02-24";"electricity";605.81;57.25;106.64
7157;9;"2021-10-24";"wind";155.74;6.0;6.45
7158;8;"2023-01-29";"gas";909.24;121.22;374.31
7159;8;"2023-09-03";"gas";816.42;61.87;262.84
7160;4;"2024-01-25";"electricity";1652.02;99.11;286.05
7161;3;"2023-09-02";"coal";998.33;69.24;228.53
7162;6;"2023-08-28";"coal";1928.85;182.43;354.13
7163;2;"2023-05-03";"gas";1085.51;129.69;396.94
7164;10;"2021-11-06";"wind";390.98;19.54;15.94
7165;6;"2022-03-11";"coal";1881.35;278.3;276.73
7166;6;"2024-02-12";"coal";1513.7;200.41;719.23
7167;5;"2021-07-10";"electricity";1768.54;161.03;201.5
7168;6;"2021-12-11";"coal";1205.57;179.65;379.66
7169;5;"2021-08-28";"electricity";1006.38;121.84;273.79
7170;6;"2021-11-26";"coal";551.33;58.25;129.54
7171;8;"2024-05-28";"gas";1436.41;154.0;335.32
7172;7;"2023-01-04";"electricity";431.09;47.41;157.7
7173;5;"2023-03-07";"electricity";1966.63;195.06;282.45
7174;5;"2022-09-20";"electricity";305.23;16.98;36.09
7175;1;"2024-04-26";"electricity";359.4;24.88;95.38
7176;5;"2023-04-12";"electricity";749.66;57.44;141.19
7177;3;"2023-11-24";"coal";1169.81;157.81;160.38
7178;4;"2022-01-02";"electricity";893.67;66.37;386.84
7179;10;"2021-10-13";"wind";83.28;2.16;3.59
7180;3;"2021-11-02";"coal";996.64;68.64;215.82
7181;1;"2022-10-26";"electricity";1138.67;104.51;345.64
7182;3;"2023-09-07";"coal";1843.21;106.86;793.29
7183;1;"2022-12-09";"electricity";788.94;76.41;347.99
7184;4;"2023-04-04";"electricity";1131.09;109.12;187.22
7185;5;"2021-12-26";"electricity";1455.14;139.54;192.19
7186;3;"2024-04-23";"coal";1392.76;199.65;338.73
7187;6;"2022-03-28";"coal";1161.01;83.48;435.05
7188;10;"2022-07-13";"wind";71.55;2.86;1.64
7189;5;"2021-08-25";"electricity";1633.66;158.21;358.02
7190;4;"2022-08-07";"electricity";1264.0;83.27;195.37
7191;7;"2022-08-13";"electricity";1796.95;139.33;479.96
7192;9;"2022-09-08";"wind";342.23;13.48;16.9
7193;9;"2023-11-24";"wind";311.81;8.08;13.45
7194;1;"2021-06-10";"electricity";1864.76;263.45;741.99
7195;2;"2022-06-04";"gas";979.01;70.84;378.84
7196;1;"2023-03-12";"electricity";1858.22;153.28;821.27
7197;4;"2023-06-24";"electricity";1238.83;113.07;216.11
7198;3;"2023-12-22";"coal";1576.37;183.17;355.83
7199;3;"2021-11-12";"coal";1274.49;166.41;628.05
7200;7;"2022-07-23";"electricity";1386.62;176.37;618.84
7201;10;"2024-03-10";"wind";28.29;1.25;0.32
7202;10;"2024-04-17";"wind";146.25;3.03;3.98
7203;3;"2023-04-17";"coal";1699.69;231.22;569.1
7204;10;"2023-04-16";"wind";435.93;12.1;13.83
7205;2;"2023-11-28";"gas";1043.44;101.48;131.08
7206;1;"2021-07-05";"electricity";686.32;67.96;191.33
7207;9;"2022-01-25";"wind";18.07;0.76;0.45
7208;5;"2023-01-31";"electricity";345.04;39.27;58.24
7209;10;"2023-11-17";"wind";26.99;0.69;0.69
7210;10;"2023-10-10";"wind";163.3;4.99;6.7
7211;3;"2024-03-19";"coal";1350.74;102.66;200.05
7212;3;"2021-11-06";"coal";1386.73;72.82;141.81
7213;7;"2023-03-04";"electricity";175.94;21.0;21.93
7214;10;"2024-01-16";"wind";189.79;8.46;3.26
7215;8;"2024-01-05";"gas";180.68;17.83;26.69
7216;6;"2022-09-20";"coal";1797.77;195.77;437.62
7217;6;"2022-05-23";"coal";430.76;57.57;71.68
7218;4;"2024-03-05";"electricity";1596.36;83.35;237.25
7219;8;"2022-02-07";"gas";307.95;19.91;31.55
7220;2;"2022-06-12";"gas";124.28;10.43;37.22
7221;2;"2022-06-15";"gas";533.14;60.06;110.98
7222;10;"2023-02-20";"wind";142.81;5.36;2.95
7223;8;"2022-09-08";"gas";994.74;73.14;230.69
7224;4;"2023-08-09";"electricity";366.9;43.35;154.94
7225;5;"2022-11-24";"electricity";164.78;12.55;33.58
7226;9;"2022-09-23";"wind";445.02;19.8;14.11
7227;3;"2023-12-25";"coal";292.93;18.7;134.81
7228;5;"2023-11-05";"electricity";631.27;48.1;66.78
7229;3;"2023-04-17";"coal";299.2;38.27;130.0
7230;5;"2022-03-27";"electricity";635.83;54.58;257.78
7231;2;"2024-02-03";"gas";1759.21;96.2;469.22
7232;10;"2022-06-13";"wind";271.18;11.52;6.88
7233;1;"2023-02-20";"electricity";1814.83;194.58;554.34
7234;8;"2023-09-01";"gas";922.7;78.7;418.46
7235;8;"2022-08-23";"gas";662.19;69.31;195.43
7236;7;"2022-01-14";"electricity";298.66;28.58;47.14
7237;7;"2022-09-23";"electricity";857.82;108.82;399.48
7238;4;"2023-04-27";"electricity";776.74;96.66;305.63
7239;5;"2022-03-28";"electricity";1693.55;210.19;442.96
7240;3;"2021-07-18";"coal";1878.78;281.59;930.83
7241;2;"2023-07-15";"gas";456.58;51.26;98.2
7242;6;"2023-05-01";"coal";370.56;31.77;71.44
7243;8;"2023-07-10";"gas";570.78;29.81;204.96
7244;6;"2022-08-05";"coal";915.41;129.88;316.41
7245;3;"2023-10-27";"coal";1495.74;215.77;646.05
7246;2;"2022-01-12";"gas";449.25;32.31;191.39
7247;8;"2023-07-16";"gas";558.85;81.63;73.71
7248;1;"2022-05-25";"electricity";903.27;134.99;362.2
7249;8;"2024-01-02";"gas";197.05;20.04;86.38
7250;6;"2022-09-01";"coal";979.36;57.12;259.17
7251;1;"2023-07-01";"electricity";155.83;10.76;73.52
7252;3;"2021-06-06";"coal";221.67;27.05;75.86
7253;2;"2024-01-04";"gas";460.78;56.64;174.14
7254;1;"2023-02-11";"electricity";980.85;111.12;476.66
7255;1;"2024-02-06";"electricity";904.13;131.27;265.71
7256;2;"2024-01-27";"gas";1176.99;134.15;155.98
7257;3;"2022-09-28";"coal";1773.44;156.38;799.25
7258;8;"2023-09-10";"gas";565.65;74.37;161.53
7259;1;"2021-12-20";"electricity";773.92;85.98;223.93
7260;8;"2022-11-02";"gas";632.25;74.57;283.69
7261;2;"2022-08-20";"gas";374.56;19.79;170.23
7262;1;"2022-07-17";"electricity";1358.01;76.56;224.38
7263;5;"2023-08-27";"electricity";822.11;112.03;218.28
7264;6;"2022-01-14";"coal";1464.19;190.78;580.62
7265;8;"2023-11-20";"gas";1505.13;77.36;237.36
7266;6;"2021-11-03";"coal";169.44;14.61;63.81
7267;6;"2022-11-08";"coal";789.55;40.73;334.42
7268;6;"2023-08-24";"coal";1940.89;123.9;587.17
7269;3;"2023-10-21";"coal";358.27;28.91;91.51
7270;2;"2021-11-07";"gas";1300.76;131.24;448.95
7271;4;"2023-06-30";"electricity";956.59;86.58;415.83
7272;1;"2022-10-10";"electricity";1978.19;291.17;650.11
7273;10;"2023-12-21";"wind";136.21;2.78;5.31
7274;6;"2022-11-11";"coal";222.47;28.3;82.91
7275;1;"2023-06-09";"electricity";1933.66;200.53;490.24
7276;2;"2022-08-15";"gas";1475.5;119.89;401.78
7277;1;"2023-02-02";"electricity";1624.06;159.87;506.22
7278;5;"2022-05-24";"electricity";170.53;19.08;82.02
7279;8;"2021-12-18";"gas";1396.68;142.45;548.97
7280;6;"2023-05-20";"coal";1920.18;204.87;465.4
7281;5;"2022-07-25";"electricity";1225.2;111.72;555.24
7282;1;"2021-12-29";"electricity";1073.61;105.99;438.88
7283;5;"2023-02-05";"electricity";691.21;97.62;296.78
7284;4;"2023-03-18";"electricity";1862.5;202.01;797.2
7285;4;"2023-01-25";"electricity";1235.51;123.7;489.6
7286;2;"2021-06-13";"gas";824.16;47.6;248.55
7287;9;"2022-02-05";"wind";144.56;6.71;5.03
7288;5;"2024-03-28";"electricity";1009.49;135.0;429.98
7289;3;"2022-10-29";"coal";1976.24;194.62;466.0
7290;5;"2021-10-10";"electricity";1521.66;212.64;682.1
7291;1;"2021-12-22";"electricity";526.15;50.61;159.79
7292;2;"2022-07-26";"gas";1210.8;176.7;352.08
7293;5;"2022-03-27";"electricity";1970.36;114.16;837.5
7294;1;"2023-12-15";"electricity";1722.15;162.09;750.61
7295;5;"2021-07-21";"electricity";272.06;34.66;102.48
7296;2;"2023-04-08";"gas";1919.67;104.18;302.41
7297;10;"2022-01-12";"wind";138.85;3.07;2.47
7298;9;"2021-09-25";"wind";245.18;5.96;5.37
7299;4;"2023-07-17";"electricity";761.18;57.49;145.7
7300;6;"2021-11-18";"coal";992.76;130.54;282.51
7301;8;"2022-01-18";"gas";1424.42;142.48;498.81
7302;7;"2022-12-10";"electricity";137.2;15.25;17.3
7303;4;"2021-06-03";"electricity";513.23;37.21;251.25
7304;5;"2023-11-11";"electricity";423.81;41.79;140.86
7305;3;"2023-08-08";"coal";1457.44;76.78;372.1
7306;5;"2021-08-10";"electricity";1806.35;254.3;573.7
7307;4;"2022-08-30";"electricity";669.14;57.95;156.63
7308;6;"2022-10-22";"coal";792.47;59.76;305.8
7309;1;"2024-05-18";"electricity";1400.29;122.29;691.95
7310;1;"2022-09-30";"electricity";733.01;64.36;122.19
7311;7;"2024-03-18";"electricity";1349.61;132.16;333.7
7312;4;"2022-04-06";"electricity";935.94;131.16;368.15
7313;8;"2022-01-15";"gas";1857.35;177.9;576.19
7314;3;"2022-09-28";"coal";1545.17;145.55;646.21
7315;7;"2022-01-18";"electricity";1343.35;144.22;629.46
7316;8;"2021-12-06";"gas";214.27;23.03;37.76
7317;8;"2023-12-29";"gas";1561.85;110.76;383.2
7318;6;"2021-09-23";"coal";775.37;47.94;94.73
7319;8;"2022-04-07";"gas";1979.18;104.08;956.04
7320;4;"2022-06-01";"electricity";803.38;67.97;112.54
7321;8;"2023-11-02";"gas";1068.87;72.18;513.05
7322;7;"2022-05-01";"electricity";1149.52;92.22;542.65
7323;1;"2022-08-25";"electricity";153.26;10.22;76.2
7324;10;"2022-09-09";"wind";340.22;6.99;9.22
7325;6;"2022-11-24";"coal";1116.22;115.89;544.53
7326;7;"2023-07-29";"electricity";623.74;85.57;249.25
7327;7;"2023-08-30";"electricity";1992.18;198.14;448.46
7328;8;"2023-12-30";"gas";434.34;32.61;155.01
7329;10;"2024-02-15";"wind";184.76;5.72;3.93
7330;9;"2023-01-07";"wind";408.37;15.98;10.66
7331;4;"2021-11-25";"electricity";1785.7;146.74;459.02
7332;9;"2022-03-26";"wind";231.7;5.18;11.45
7333;9;"2023-06-15";"wind";424.21;15.73;8.8
7334;5;"2022-09-02";"electricity";1013.07;84.66;306.67
7335;6;"2023-03-16";"coal";642.37;66.55;310.38
7336;1;"2022-08-03";"electricity";111.54;13.32;34.15
7337;6;"2023-05-31";"coal";1191.58;151.92;571.58
7338;8;"2021-07-27";"gas";1568.17;117.45;343.27
7339;5;"2021-11-08";"electricity";403.5;33.08;196.94
7340;10;"2023-12-21";"wind";228.13;5.5;4.98
7341;10;"2021-06-18";"wind";384.6;13.77;8.34
7342;2;"2022-06-21";"gas";293.09;17.68;95.45
7343;4;"2024-05-13";"electricity";481.57;66.78;136.41
7344;8;"2024-02-17";"gas";809.14;77.95;119.14
7345;5;"2021-10-17";"electricity";201.03;25.07;76.01
7346;3;"2024-03-19";"coal";787.69;91.9;271.49
7347;8;"2021-05-31";"gas";1952.09;173.44;761.35
7348;8;"2021-12-27";"gas";1292.18;116.14;632.92
7349;10;"2023-03-19";"wind";443.62;20.46;10.89
7350;9;"2021-10-08";"wind";189.7;5.92;2.17
7351;5;"2021-09-17";"electricity";1516.11;111.39;282.07
7352;7;"2022-09-05";"electricity";1558.03;134.02;280.25
7353;6;"2022-12-05";"coal";553.62;82.35;217.92
7354;7;"2022-07-03";"electricity";769.11;98.11;140.4
7355;10;"2022-08-25";"wind";454.88;16.92;19.02
7356;6;"2022-03-31";"coal";1681.97;221.43;360.91
7357;9;"2022-10-06";"wind";96.81;2.8;4.19
7358;3;"2022-02-24";"coal";487.84;56.08;152.76
7359;8;"2021-12-26";"gas";349.76;41.94;112.86
7360;10;"2022-01-11";"wind";178.7;4.91;8.29
7361;9;"2021-07-22";"wind";461.44;21.22;18.41
7362;6;"2022-07-02";"coal";220.94;15.42;66.66
7363;3;"2022-02-20";"coal";931.25;123.14;213.29
7364;5;"2022-06-16";"electricity";1264.17;74.88;429.25
7365;7;"2023-06-01";"electricity";362.62;19.87;103.58
7366;7;"2022-08-01";"electricity";1921.35;207.31;940.38
7367;4;"2022-04-25";"electricity";797.11;71.88;298.35
7368;10;"2023-03-17";"wind";432.42;14.84;11.73
7369;7;"2022-08-25";"electricity";1930.95;233.21;560.04
7370;8;"2022-10-17";"gas";1519.46;172.78;600.48
7371;7;"2023-01-02";"electricity";1188.45;161.76;557.03
7372;7;"2022-01-31";"electricity";1012.17;139.63;116.57
7373;4;"2022-02-12";"electricity";1308.85;87.37;631.11
7374;6;"2022-05-22";"coal";355.45;36.61;73.87
7375;2;"2023-09-04";"gas";533.64;58.62;170.21
7376;2;"2021-08-06";"gas";673.14;61.44;289.57
7377;6;"2022-06-12";"coal";968.69;78.11;269.64
7378;1;"2022-01-30";"electricity";699.95;50.92;337.76
7379;7;"2023-04-30";"electricity";1740.0;192.71;264.35
7380;10;"2023-08-07";"wind";152.97;3.11;6.77
7381;4;"2022-10-01";"electricity";481.09;70.83;202.05
7382;4;"2021-07-06";"electricity";261.71;18.24;56.65
7383;1;"2023-07-03";"electricity";945.96;104.92;210.94
7384;8;"2021-06-28";"gas";792.32;110.81;300.84
7385;10;"2023-11-26";"wind";180.52;6.85;4.84
7386;7;"2023-04-21";"electricity";1322.07;67.62;186.52
7387;2;"2021-08-20";"gas";600.33;64.6;183.57
7388;7;"2022-03-18";"electricity";477.1;68.55;136.77
7389;5;"2022-12-11";"electricity";1245.37;113.61;343.06
7390;5;"2023-04-05";"electricity";1876.51;239.25;782.97
7391;5;"2022-03-24";"electricity";1584.91;221.83;567.68
7392;9;"2022-08-07";"wind";284.08;12.6;11.01
7393;8;"2024-05-14";"gas";141.13;7.48;46.79
7394;4;"2022-11-30";"electricity";1527.9;176.03;224.75
7395;6;"2022-06-09";"coal";1837.95;252.92;236.87
7396;7;"2021-12-17";"electricity";346.32;39.5;130.72
7397;3;"2022-06-21";"coal";1089.69;85.95;191.34
7398;9;"2022-07-02";"wind";81.3;2.68;1.04
7399;5;"2023-12-30";"electricity";1115.98;86.59;374.5
7400;9;"2023-05-24";"wind";362.31;9.86;9.61
7401;4;"2021-07-27";"electricity";1763.49;249.38;291.09
7402;6;"2021-07-29";"coal";810.27;80.5;379.56
7403;6;"2023-10-18";"coal";1711.29;160.03;173.17
7404;6;"2023-05-15";"coal";1383.29;199.23;138.81
7405;8;"2023-10-18";"gas";802.93;75.6;188.93
7406;10;"2022-06-14";"wind";444.35;10.59;5.14
7407;7;"2024-05-27";"electricity";1384.84;124.78;585.97
7408;7;"2023-07-25";"electricity";1209.24;94.75;138.44
7409;8;"2024-03-22";"gas";1891.62;271.61;339.79
7410;5;"2022-04-18";"electricity";857.56;46.88;117.48
7411;6;"2024-04-09";"coal";1300.93;132.03;630.94
7412;3;"2023-11-05";"coal";1231.74;68.63;339.47
7413;8;"2022-05-22";"gas";859.31;62.04;290.38
7414;4;"2022-09-22";"electricity";1729.45;210.6;808.29
7415;10;"2024-01-02";"wind";39.89;1.09;1.39
7416;9;"2023-02-09";"wind";62.08;2.03;1.0
7417;6;"2022-06-24";"coal";997.93;117.12;460.0
7418;8;"2022-01-13";"gas";874.31;52.68;403.3
7419;4;"2023-02-08";"electricity";1995.93;225.77;475.02
7420;2;"2022-08-21";"gas";717.59;78.57;244.68
7421;3;"2023-11-03";"coal";932.48;76.13;112.61
7422;1;"2021-08-29";"electricity";311.72;36.61;64.06
7423;10;"2021-08-28";"wind";276.08;10.94;10.69
7424;2;"2021-11-02";"gas";1282.87;147.65;355.32
7425;4;"2024-03-29";"electricity";1257.3;122.36;182.18
7426;4;"2024-02-12";"electricity";1054.29;111.62;195.81
7427;10;"2022-10-15";"wind";153.97;3.99;2.05
7428;9;"2022-10-12";"wind";346.17;11.05;16.45
7429;10;"2021-11-24";"wind";162.79;6.05;5.2
7430;6;"2022-11-02";"coal";559.86;71.67;180.03
7431;6;"2022-03-01";"coal";1342.33;186.18;162.79
7432;5;"2022-06-04";"electricity";380.55;42.94;115.44
7433;8;"2023-01-10";"gas";743.66;70.11;312.48
7434;2;"2023-05-07";"gas";1037.18;111.02;515.13
7435;6;"2022-07-13";"coal";930.95;110.9;455.78
7436;7;"2024-01-16";"electricity";1735.46;149.79;392.19
7437;1;"2024-04-26";"electricity";1889.69;202.51;250.44
7438;3;"2022-06-22";"coal";1891.58;275.68;903.24
7439;8;"2022-10-01";"gas";727.55;84.63;204.29
7440;5;"2021-08-11";"electricity";1038.49;86.63;150.74
7441;9;"2023-04-10";"wind";386.76;9.99;15.53
7442;6;"2022-01-13";"coal";199.11;22.02;25.28
7443;9;"2023-09-04";"wind";300.73;14.52;5.67
7444;3;"2021-11-07";"coal";334.43;27.19;164.51
7445;3;"2022-07-31";"coal";808.24;102.22;138.83
7446;1;"2022-02-18";"electricity";1389.86;179.21;527.26
7447;10;"2024-01-25";"wind";156.69;3.8;7.78
7448;7;"2022-12-31";"electricity";1588.33;135.35;285.16
7449;4;"2022-03-02";"electricity";596.35;36.2;70.72
7450;1;"2023-11-24";"electricity";521.0;76.03;136.42
7451;4;"2022-01-31";"electricity";1702.2;238.41;215.87
7452;9;"2023-03-05";"wind";31.55;1.43;0.99
7453;5;"2023-05-09";"electricity";838.98;114.52;390.8
7454;2;"2022-06-11";"gas";1454.26;187.0;512.15
7455;4;"2024-02-13";"electricity";1996.75;265.43;270.39
7456;3;"2021-08-11";"coal";775.61;81.93;254.37
7457;8;"2022-09-11";"gas";448.4;23.77;79.17
7458;2;"2023-03-23";"gas";447.21;40.7;217.82
7459;2;"2023-03-22";"gas";1488.87;179.8;183.73
7460;5;"2022-03-06";"electricity";1309.79;97.56;324.65
7461;2;"2022-02-02";"gas";1205.03;107.21;281.07
7462;9;"2022-07-10";"wind";451.15;10.07;13.39
7463;2;"2023-05-23";"gas";296.72;26.15;145.58
7464;6;"2022-02-18";"coal";1685.52;160.26;630.62
7465;10;"2022-01-06";"wind";479.36;19.22;10.48
7466;1;"2022-11-04";"electricity";882.38;56.84;180.45
7467;3;"2021-10-01";"coal";450.21;53.02;57.25
7468;5;"2023-03-04";"electricity";1865.94;226.62;670.93
7469;3;"2022-10-03";"coal";942.96;139.39;134.1
7470;2;"2022-12-19";"gas";1027.4;139.91;422.33
7471;5;"2022-01-28";"electricity";1961.18;243.97;493.38
7472;10;"2021-10-02";"wind";365.26;10.38;12.77
7473;7;"2023-12-07";"electricity";579.89;46.47;136.17
7474;5;"2024-03-27";"electricity";1266.21;133.19;509.92
7475;7;"2022-01-30";"electricity";545.66;30.84;59.33
7476;9;"2021-12-24";"wind";484.67;18.02;20.62
7477;4;"2023-09-13";"electricity";1411.47;169.03;424.7
7478;7;"2022-06-27";"electricity";1172.15;108.52;324.99
7479;5;"2021-06-18";"electricity";1714.64;212.17;625.4
7480;2;"2024-03-01";"gas";1387.11;172.61;412.05
7481;8;"2023-10-02";"gas";768.62;48.89;134.54
7482;3;"2023-11-28";"coal";371.64;47.44;145.62
7483;5;"2022-09-21";"electricity";416.05;22.79;55.83
7484;3;"2022-12-13";"coal";1240.47;114.63;481.27
7485;8;"2021-09-20";"gas";1904.54;134.8;827.38
7486;7;"2021-11-19";"electricity";1463.88;135.91;169.58
7487;3;"2023-04-29";"coal";1042.63;147.76;349.54
7488;7;"2023-11-08";"electricity";1159.33;111.45;373.48
7489;8;"2022-05-30";"gas";1740.19;87.17;725.05
7490;10;"2022-12-14";"wind";471.62;20.33;17.62
7491;8;"2023-08-12";"gas";1715.24;218.52;678.53
7492;8;"2023-07-07";"gas";456.8;68.19;214.4
7493;8;"2022-01-20";"gas";1067.24;75.22;337.53
7494;8;"2024-01-11";"gas";768.52;52.02;198.44
7495;10;"2022-05-30";"wind";81.94;3.15;3.76
7496;7;"2023-11-18";"electricity";492.93;53.5;214.65
7497;9;"2022-05-19";"wind";65.0;1.83;3.11
7498;3;"2022-07-20";"coal";740.42;87.14;201.2
7499;7;"2021-12-14";"electricity";204.29;22.35;28.9
7500;6;"2021-10-05";"coal";1017.8;146.79;398.45
7501;10;"2023-07-10";"wind";363.8;17.12;6.94
7502;3;"2024-01-13";"coal";1640.22;142.02;427.91
7503;7;"2023-08-18";"electricity";1837.36;191.9;247.73
7504;1;"2022-05-29";"electricity";361.1;20.28;82.51
7505;1;"2022-08-16";"electricity";1944.81;163.94;517.81
7506;1;"2021-07-05";"electricity";1361.02;158.48;601.28
7507;3;"2022-03-06";"coal";1714.14;100.59;320.05
7508;8;"2024-05-26";"gas";1364.63;203.5;388.2
7509;9;"2022-05-15";"wind";367.76;13.81;9.51
7510;8;"2022-05-26";"gas";489.86;24.5;94.21
7511;10;"2022-02-17";"wind";281.2;8.91;13.19
7512;3;"2022-02-17";"coal";1923.02;144.45;653.3
7513;8;"2023-10-08";"gas";1577.86;124.38;170.21
7514;6;"2023-05-16";"coal";590.77;58.67;106.69
7515;10;"2021-08-19";"wind";193.95;8.98;5.22
7516;3;"2023-10-14";"coal";1288.19;87.17;278.54
7517;1;"2024-01-13";"electricity";495.56;62.28;175.04
7518;9;"2022-11-22";"wind";441.9;15.72;8.1
7519;3;"2021-09-24";"coal";628.17;91.41;186.79
7520;2;"2022-11-18";"gas";1540.71;91.15;655.4
7521;1;"2022-10-19";"electricity";1366.18;145.87;451.6
7522;9;"2022-05-17";"wind";416.01;16.38;15.16
7523;10;"2023-04-23";"wind";262.66;8.02;7.88
7524;2;"2023-04-29";"gas";896.08;72.41;399.82
7525;9;"2023-03-18";"wind";401.01;8.89;15.55
7526;7;"2023-10-31";"electricity";1637.42;89.87;668.95
7527;6;"2022-03-01";"coal";835.42;88.29;277.34
7528;10;"2021-08-28";"wind";349.95;13.52;8.33
7529;9;"2022-08-20";"wind";221.33;7.52;7.24
7530;10;"2022-12-21";"wind";213.65;4.75;4.81
7531;5;"2024-03-15";"electricity";466.57;65.1;149.51
7532;2;"2023-01-05";"gas";1395.16;80.03;361.27
7533;10;"2022-10-22";"wind";456.15;21.23;15.09
7534;10;"2023-10-30";"wind";120.76;3.73;1.42
7535;6;"2021-11-20";"coal";1072.26;61.66;489.87
7536;5;"2023-05-20";"electricity";637.16;52.57;252.71
7537;4;"2021-07-10";"electricity";769.95;65.89;94.4
7538;2;"2022-12-27";"gas";1283.42;187.75;481.76
7539;5;"2023-09-02";"electricity";1992.17;294.45;297.6
7540;1;"2023-06-05";"electricity";1075.25;132.27;174.19
7541;4;"2021-12-26";"electricity";1882.0;273.68;578.27
7542;6;"2022-12-26";"coal";1102.31;133.95;152.32
7543;6;"2024-01-17";"coal";1763.85;94.24;842.96
7544;6;"2023-03-17";"coal";639.19;62.81;249.34
7545;10;"2021-07-02";"wind";208.92;7.6;3.76
7546;4;"2021-10-10";"electricity";1605.88;189.36;166.64
7547;2;"2023-05-25";"gas";289.4;19.91;56.59
7548;5;"2021-06-16";"electricity";813.55;107.75;247.63
7549;4;"2022-03-08";"electricity";1874.18;217.9;711.25
7550;1;"2022-12-26";"electricity";133.98;11.73;41.83
7551;7;"2023-03-01";"electricity";1820.98;134.53;607.16
7552;4;"2021-09-05";"electricity";697.23;65.8;137.02
7553;2;"2022-03-07";"gas";104.03;11.38;28.82
7554;3;"2022-04-08";"coal";1997.59;135.44;246.67
7555;8;"2022-10-12";"gas";1157.7;170.51;447.61
7556;2;"2023-02-23";"gas";1902.73;184.8;283.46
7557;3;"2021-08-15";"coal";514.3;47.1;158.52
7558;6;"2023-02-15";"coal";1161.09;73.3;319.27
7559;1;"2023-11-10";"electricity";1666.58;118.44;584.02
7560;5;"2024-05-23";"electricity";1358.2;125.34;245.74
7561;7;"2024-02-28";"electricity";1893.43;204.92;247.38
7562;5;"2022-09-07";"electricity";541.27;43.51;76.9
7563;3;"2022-06-15";"coal";1314.3;87.19;575.71
7564;1;"2021-12-07";"electricity";1412.44;110.8;629.97
7565;8;"2023-01-25";"gas";1510.82;113.58;735.13
7566;10;"2023-09-01";"wind";12.4;0.49;0.46
7567;4;"2023-02-06";"electricity";158.47;23.37;45.1
7568;4;"2022-09-25";"electricity";1391.38;139.49;173.43
7569;8;"2022-01-31";"gas";106.5;6.45;51.08
7570;2;"2022-09-13";"gas";165.42;23.7;75.95
7571;2;"2023-12-25";"gas";560.97;45.14;157.05
7572;8;"2021-12-05";"gas";935.79;108.92;188.38
7573;9;"2023-02-21";"wind";405.57;16.58;19.76
7574;2;"2021-06-09";"gas";1744.21;203.61;272.14
7575;4;"2022-06-12";"electricity";1514.15;124.12;374.11
7576;10;"2022-04-11";"wind";485.96;16.1;10.98
7577;5;"2023-11-14";"electricity";1900.14;225.18;861.01
7578;1;"2022-12-14";"electricity";400.62;26.49;117.88
7579;3;"2022-01-30";"coal";1466.61;150.48;494.49
7580;3;"2023-10-21";"coal";186.24;19.03;21.57
7581;10;"2023-12-26";"wind";203.83;9.33;9.65
7582;10;"2024-03-06";"wind";407.22;16.41;15.07
7583;6;"2023-01-05";"coal";1090.89;136.89;288.56
7584;5;"2023-03-15";"electricity";954.38;82.81;174.93
7585;8;"2022-12-04";"gas";385.67;39.07;100.22
7586;10;"2023-06-21";"wind";325.1;7.38;15.07
7587;1;"2021-12-07";"electricity";1440.56;103.42;201.8
7588;1;"2022-02-18";"electricity";958.66;89.65;171.34
7589;4;"2024-03-15";"electricity";1116.75;106.76;413.44
7590;1;"2022-03-02";"electricity";1248.08;175.02;492.01
7591;1;"2022-09-16";"electricity";1957.0;286.21;481.67
7592;7;"2024-03-08";"electricity";1557.13;114.49;299.64
7593;9;"2023-05-02";"wind";449.79;16.74;12.51
7594;6;"2022-07-30";"coal";189.91;20.97;72.5
7595;2;"2023-12-11";"gas";895.64;70.68;195.88
7596;6;"2023-06-15";"coal";928.34;120.13;255.82
7597;7;"2022-03-28";"electricity";1722.07;177.08;411.71
7598;5;"2021-12-31";"electricity";756.12;81.63;174.79
7599;1;"2023-04-17";"electricity";1791.92;122.7;608.82
7600;4;"2023-04-17";"electricity";487.43;34.37;171.56
7601;10;"2023-09-15";"wind";113.64;3.55;4.41
7602;1;"2022-04-12";"electricity";1881.8;132.85;674.98
7603;2;"2021-06-03";"gas";1910.4;99.13;781.83
7604;8;"2021-10-22";"gas";1337.19;197.5;151.21
7605;9;"2022-02-27";"wind";294.98;6.67;6.87
7606;9;"2024-02-07";"wind";304.87;13.06;9.81
7607;3;"2022-07-08";"coal";803.48;90.34;346.79
7608;4;"2023-06-25";"electricity";410.29;26.23;100.79
7609;8;"2023-03-20";"gas";1355.69;92.03;646.63
7610;8;"2024-05-19";"gas";648.3;41.66;113.99
7611;8;"2021-07-07";"gas";148.13;21.53;42.78
7612;4;"2022-07-04";"electricity";358.66;32.85;160.08
7613;1;"2023-11-27";"electricity";524.73;51.32;73.69
7614;7;"2021-06-03";"electricity";1197.89;146.83;434.97
7615;3;"2023-12-24";"coal";540.4;42.1;255.31
7616;10;"2023-09-10";"wind";334.27;16.65;4.54
7617;5;"2022-07-08";"electricity";1632.67;232.37;588.64
7618;8;"2021-09-08";"gas";1499.85;223.52;444.88
7619;8;"2022-11-05";"gas";163.89;19.53;28.0
7620;9;"2021-06-19";"wind";165.91;3.67;7.65
7621;10;"2022-02-24";"wind";477.52;15.58;11.54
7622;3;"2023-11-10";"coal";242.82;33.58;87.03
7623;8;"2024-03-09";"gas";226.04;32.9;48.47
7624;6;"2023-05-26";"coal";122.25;7.7;24.96
7625;7;"2023-12-28";"electricity";829.15;84.29;226.58
7626;9;"2024-04-30";"wind";64.11;2.94;1.82
7627;5;"2024-03-08";"electricity";942.67;81.08;144.94
7628;3;"2022-08-11";"coal";664.86;81.89;80.22
7629;10;"2021-12-01";"wind";369.77;17.14;12.56
7630;4;"2022-05-11";"electricity";420.51;32.3;105.33
7631;3;"2021-07-21";"coal";355.43;25.03;114.5
7632;7;"2022-02-12";"electricity";1091.74;56.04;323.65
7633;3;"2022-03-04";"coal";1992.1;199.56;979.45
7634;2;"2021-06-24";"gas";1178.65;104.09;208.73
7635;4;"2021-07-11";"electricity";1416.4;193.46;231.96
7636;2;"2021-09-19";"gas";1535.19;205.46;269.04
7637;7;"2023-01-18";"electricity";1930.19;103.0;668.72
7638;10;"2022-12-11";"wind";343.85;7.46;16.08
7639;3;"2022-03-04";"coal";254.3;17.31;77.3
7640;8;"2021-08-06";"gas";1001.59;104.6;469.37
7641;7;"2023-09-28";"electricity";1281.93;75.5;373.49
7642;8;"2024-04-05";"gas";1200.94;139.54;213.38
7643;4;"2021-08-18";"electricity";206.76;27.35;48.72
7644;10;"2024-05-19";"wind";308.09;15.33;13.52
7645;5;"2021-12-14";"electricity";1187.68;137.41;194.26
7646;8;"2021-07-23";"gas";1673.23;174.76;798.3
7647;7;"2022-08-06";"electricity";1352.1;165.17;450.51
7648;2;"2021-08-27";"gas";1181.61;173.39;489.74
7649;1;"2023-04-12";"electricity";1962.94;119.27;878.2
7650;8;"2024-01-01";"gas";1010.05;57.91;298.04
7651;5;"2022-04-11";"electricity";1250.66;86.17;210.01
7652;1;"2021-08-27";"electricity";1138.69;115.58;551.7
7653;2;"2024-02-21";"gas";803.27;77.8;330.92
7654;10;"2022-11-17";"wind";286.92;7.81;3.98
7655;1;"2022-08-14";"electricity";1925.87;263.42;793.26
7656;5;"2022-12-02";"electricity";400.29;28.01;148.88
7657;4;"2022-04-19";"electricity";1855.14;120.52;279.35
7658;8;"2023-09-29";"gas";1665.49;122.95;345.18
7659;10;"2021-07-10";"wind";122.31;3.11;5.17
7660;3;"2023-03-04";"coal";1166.47;62.04;194.94
7661;4;"2021-08-10";"electricity";1923.94;208.33;738.93
7662;8;"2022-09-19";"gas";926.69;130.4;119.83
7663;1;"2022-12-12";"electricity";264.32;20.65;59.58
7664;8;"2023-01-25";"gas";449.85;47.53;166.19
7665;10;"2023-06-10";"wind";373.51;13.24;4.35
7666;2;"2022-08-21";"gas";1377.89;156.62;289.83
7667;9;"2021-10-31";"wind";420.02;8.91;13.26
7668;2;"2022-08-06";"gas";1181.59;164.17;557.2
7669;2;"2021-12-11";"gas";442.05;50.71;97.17
7670;3;"2024-02-06";"coal";439.93;30.1;127.97
7671;2;"2022-07-10";"gas";773.89;50.75;92.26
7672;5;"2024-03-07";"electricity";1384.25;199.24;637.95
7673;9;"2021-11-16";"wind";490.23;10.24;10.63
7674;6;"2023-05-26";"coal";629.5;75.15;281.01
7675;5;"2021-12-12";"electricity";665.63;52.17;308.66
7676;9;"2022-12-13";"wind";308.0;6.72;7.73
7677;10;"2022-04-12";"wind";356.55;11.51;7.98
7678;5;"2022-10-02";"electricity";1143.46;106.42;564.26
7679;8;"2022-06-23";"gas";1301.21;69.51;422.32
7680;9;"2022-06-10";"wind";21.96;0.51;1.07
7681;5;"2023-04-09";"electricity";1980.19;253.25;245.23
7682;10;"2021-10-13";"wind";300.64;14.06;14.86
7683;10;"2022-06-05";"wind";73.3;3.09;1.66
7684;1;"2024-04-17";"electricity";1850.85;174.26;498.43
7685;6;"2023-05-16";"coal";1618.05;106.1;439.9
7686;6;"2023-05-03";"coal";1452.47;209.66;328.67
7687;4;"2022-06-20";"electricity";1560.32;224.05;409.36
7688;1;"2023-03-09";"electricity";520.0;42.0;54.81
7689;2;"2023-04-16";"gas";1078.68;118.1;177.21
7690;10;"2022-04-19";"wind";180.21;7.52;6.75
7691;9;"2022-12-04";"wind";94.08;4.49;1.85
7692;9;"2024-01-05";"wind";452.48;11.33;14.93
7693;10;"2023-05-26";"wind";57.8;2.35;1.71
7694;1;"2021-09-04";"electricity";1650.57;207.28;306.37
7695;2;"2023-12-29";"gas";387.98;44.06;75.54
7696;6;"2021-08-31";"coal";339.96;50.38;45.18
7697;7;"2023-06-03";"electricity";1863.74;249.92;221.94
7698;5;"2022-04-26";"electricity";1920.46;130.06;798.02
7699;6;"2023-09-12";"coal";1904.63;195.46;492.49
7700;7;"2023-12-16";"electricity";1856.23;254.3;671.04
7701;3;"2024-01-14";"coal";663.14;89.46;93.18
7702;1;"2023-04-30";"electricity";448.5;61.59;52.18
7703;1;"2022-06-29";"electricity";515.01;40.95;113.83
7704;10;"2023-06-10";"wind";184.14;8.26;3.72
7705;3;"2023-04-21";"coal";1686.85;148.3;212.88
7706;3;"2022-05-23";"coal";1709.38;149.71;527.81
7707;4;"2022-06-13";"electricity";524.23;33.89;212.6
7708;3;"2023-09-06";"coal";1223.83;156.63;473.66
7709;6;"2023-12-06";"coal";1387.15;128.96;550.39
7710;6;"2021-06-09";"coal";1366.41;136.81;386.23
7711;10;"2024-05-06";"wind";21.22;0.91;0.98
7712;6;"2021-07-24";"coal";1712.13;98.5;566.87
7713;6;"2023-09-19";"coal";464.89;45.96;198.02
7714;9;"2022-06-08";"wind";424.49;14.01;14.62
7715;8;"2023-05-23";"gas";350.14;32.09;94.24
7716;8;"2023-05-13";"gas";210.59;21.47;94.6
7717;2;"2024-05-23";"gas";1646.15;100.17;266.66
7718;6;"2022-06-02";"coal";1743.75;218.34;208.21
7719;5;"2021-07-04";"electricity";534.59;33.98;253.73
7720;2;"2022-05-01";"gas";386.54;49.3;54.27
7721;2;"2022-01-29";"gas";120.64;7.47;22.88
7722;7;"2021-12-11";"electricity";1996.06;197.69;632.9
7723;2;"2022-10-27";"gas";1701.9;246.19;474.18
7724;5;"2021-09-28";"electricity";1493.76;197.21;637.37
7725;6;"2024-01-29";"coal";1548.64;95.46;765.11
7726;9;"2022-02-13";"wind";45.94;2.28;0.8
7727;3;"2024-03-25";"coal";801.22;109.9;289.45
7728;9;"2022-12-06";"wind";432.94;14.56;4.77
7729;1;"2024-01-22";"electricity";1002.78;53.28;101.62
7730;2;"2021-10-06";"gas";1095.83;87.54;256.98
7731;10;"2022-07-02";"wind";192.42;9.08;7.79
7732;1;"2021-10-02";"electricity";837.82;64.36;313.42
7733;6;"2021-06-08";"coal";1667.62;165.57;352.48
7734;1;"2021-07-09";"electricity";774.3;113.83;235.34
7735;8;"2024-01-01";"gas";1540.66;162.3;595.27
7736;3;"2023-09-06";"coal";642.69;74.56;150.06
7737;7;"2024-01-29";"electricity";1234.29;185.09;362.34
7738;4;"2022-08-06";"electricity";1112.11;93.71;474.46
7739;7;"2023-12-03";"electricity";1225.51;68.09;206.63
7740;2;"2023-10-27";"gas";296.65;19.75;74.27
7741;9;"2022-06-17";"wind";37.44;1.72;0.7
7742;3;"2023-09-10";"coal";804.7;49.46;312.9
7743;7;"2023-03-24";"electricity";260.78;15.65;93.63
7744;10;"2022-01-13";"wind";461.65;13.67;6.08
7745;9;"2021-09-01";"wind";286.9;11.1;5.13
7746;3;"2023-07-28";"coal";453.6;38.63;115.13
7747;10;"2023-04-21";"wind";466.97;13.71;13.9
7748;2;"2022-06-05";"gas";1385.66;88.29;602.96
7749;4;"2023-10-03";"electricity";834.31;72.45;239.53
7750;9;"2024-05-06";"wind";379.66;16.86;8.38
7751;10;"2022-04-20";"wind";282.29;6.55;8.85
7752;10;"2023-12-22";"wind";145.3;6.0;5.87
7753;9;"2021-06-15";"wind";348.56;11.66;7.86
7754;9;"2024-01-23";"wind";162.16;6.98;4.85
7755;5;"2023-04-14";"electricity";1076.46;88.14;203.02
7756;8;"2021-10-02";"gas";1835.31;246.78;535.07
7757;3;"2022-03-30";"coal";1597.52;95.8;368.56
7758;6;"2021-10-03";"coal";637.9;72.1;256.55
7759;1;"2023-02-26";"electricity";412.79;36.1;136.46
7760;8;"2021-11-01";"gas";1279.2;184.05;208.64
7761;3;"2022-11-06";"coal";367.61;27.97;133.86
7762;2;"2021-06-10";"gas";1921.53;244.38;318.12
7763;3;"2022-09-30";"coal";291.36;37.94;135.58
7764;7;"2023-10-31";"electricity";250.28;35.78;66.58
7765;8;"2023-09-15";"gas";110.78;9.26;40.39
7766;10;"2022-11-18";"wind";175.8;6.27;5.2
7767;10;"2021-10-09";"wind";303.5;8.86;13.77
7768;1;"2023-02-05";"electricity";119.37;8.03;36.91
7769;8;"2021-06-17";"gas";424.94;23.75;169.35
7770;6;"2022-01-07";"coal";680.69;79.0;128.52
7771;3;"2022-04-08";"coal";845.41;49.62;291.88
7772;6;"2022-11-19";"coal";845.0;79.91;146.84
7773;10;"2022-09-12";"wind";486.08;15.86;7.99
7774;6;"2023-04-25";"coal";534.93;28.5;239.22
7775;7;"2022-08-30";"electricity";1159.32;148.16;495.4
7776;8;"2023-07-08";"gas";563.08;53.15;149.18
7777;9;"2022-10-05";"wind";140.23;4.88;2.98
7778;5;"2023-08-26";"electricity";534.12;63.78;224.16
7779;3;"2022-01-11";"coal";199.2;20.79;42.07
7780;10;"2023-01-17";"wind";464.61;14.14;5.55
7781;4;"2023-12-27";"electricity";1607.44;194.26;757.14
7782;7;"2023-01-13";"electricity";216.58;18.64;22.85
7783;5;"2023-08-13";"electricity";1879.72;248.22;584.63
7784;6;"2022-12-16";"coal";1116.62;110.22;334.94
7785;10;"2024-01-02";"wind";477.95;20.89;20.63
7786;3;"2021-07-29";"coal";1209.5;134.29;586.23
7787;5;"2021-05-29";"electricity";1389.98;160.31;522.86
7788;2;"2024-02-15";"gas";964.38;54.05;195.86
7789;4;"2021-12-16";"electricity";248.74;34.57;88.17
7790;7;"2023-03-26";"electricity";1333.1;89.46;303.5
7791;4;"2023-11-15";"electricity";1300.97;189.74;157.99
7792;5;"2022-03-13";"electricity";719.99;94.19;322.03
7793;5;"2022-12-04";"electricity";470.21;53.98;71.65
7794;5;"2023-07-30";"electricity";1062.2;92.34;206.95
7795;8;"2023-01-25";"gas";377.42;41.1;186.26
7796;2;"2024-04-20";"gas";1577.99;117.9;374.96
7797;2;"2023-05-06";"gas";850.6;90.26;232.96
7798;1;"2024-01-29";"electricity";350.53;23.1;57.93
7799;3;"2022-09-18";"coal";1901.72;219.7;597.98
7800;3;"2022-02-02";"coal";1972.65;147.72;773.33
7801;3;"2022-12-04";"coal";1021.28;78.76;507.62
7802;10;"2023-08-28";"wind";478.9;14.67;13.4
7803;8;"2024-05-03";"gas";214.39;29.62;31.09
7804;8;"2023-12-06";"gas";934.82;123.17;317.65
7805;1;"2023-04-12";"electricity";1451.21;213.31;516.53
7806;9;"2023-07-16";"wind";259.31;10.25;4.37
7807;8;"2023-01-23";"gas";1324.05;181.82;349.35
7808;3;"2023-05-04";"coal";1066.6;91.78;186.61
7809;3;"2023-12-17";"coal";1348.22;67.52;296.72
7810;7;"2023-09-21";"electricity";693.56;67.82;254.02
7811;6;"2022-03-22";"coal";1259.59;129.54;400.23
7812;10;"2022-08-06";"wind";323.42;10.2;8.31
7813;9;"2023-05-10";"wind";398.71;11.03;5.81
7814;8;"2024-01-08";"gas";1149.27;87.7;461.61
7815;7;"2023-06-22";"electricity";1442.72;139.86;629.99
7816;6;"2022-11-27";"coal";1597.75;217.86;730.72
7817;5;"2022-11-02";"electricity";727.95;96.13;283.49
7818;2;"2022-04-02";"gas";664.39;88.64;140.08
7819;5;"2024-01-29";"electricity";1352.4;117.66;586.43
7820;1;"2023-06-22";"electricity";1384.6;77.49;493.68
7821;6;"2024-04-15";"coal";1969.74;100.46;855.59
7822;3;"2023-10-04";"coal";1870.94;158.25;884.82
7823;5;"2022-10-15";"electricity";1756.48;167.15;838.36
7824;3;"2021-10-04";"coal";1079.21;110.28;349.34
7825;1;"2021-09-15";"electricity";559.36;38.54;162.99
7826;8;"2021-08-19";"gas";573.73;50.89;146.52
7827;9;"2023-02-11";"wind";470.64;10.99;18.36
7828;9;"2023-09-11";"wind";10.1;0.44;0.19
7829;2;"2023-08-26";"gas";579.54;49.6;73.91
7830;9;"2023-07-10";"wind";348.73;10.35;13.99
7831;9;"2023-02-14";"wind";315.91;14.72;6.65
7832;6;"2022-05-11";"coal";482.47;69.4;112.03
7833;1;"2022-02-14";"electricity";1357.99;140.26;371.19
7834;6;"2023-01-08";"coal";1301.23;118.07;627.59
7835;1;"2021-10-29";"electricity";1029.08;126.08;406.77
7836;4;"2022-09-27";"electricity";1543.26;203.85;722.17
7837;4;"2023-03-01";"electricity";1959.71;236.78;364.86
7838;5;"2023-11-06";"electricity";1795.15;91.26;579.67
7839;1;"2022-01-03";"electricity";900.48;116.57;315.84
7840;5;"2022-01-30";"electricity";874.96;61.87;153.92
7841;8;"2023-06-08";"gas";1831.04;114.85;224.34
7842;7;"2021-12-05";"electricity";426.21;56.91;202.31
7843;5;"2022-11-28";"electricity";1455.64;179.39;409.28
7844;5;"2022-01-26";"electricity";1979.83;190.25;985.39
7845;2;"2023-11-02";"gas";1264.06;141.07;301.32
7846;10;"2021-06-13";"wind";184.58;4.71;9.12
7847;10;"2023-05-22";"wind";120.98;5.24;5.64
7848;2;"2021-11-09";"gas";1968.9;107.49;683.34
7849;2;"2021-06-15";"gas";850.76;95.74;89.95
7850;1;"2022-04-13";"electricity";392.45;46.27;56.52
7851;2;"2022-12-14";"gas";1504.37;188.19;220.11
7852;7;"2023-08-04";"electricity";544.82;32.44;80.29
7853;7;"2023-05-05";"electricity";1270.55;117.49;500.09
7854;4;"2023-07-03";"electricity";319.59;24.77;78.65
7855;5;"2021-06-19";"electricity";1249.8;146.5;536.72
7856;8;"2023-11-03";"gas";903.96;118.03;145.58
7857;10;"2022-01-01";"wind";213.55;9.16;7.83
7858;4;"2022-06-28";"electricity";1314.62;195.95;566.71
7859;5;"2022-07-10";"electricity";133.15;7.73;17.15
7860;2;"2023-06-06";"gas";444.97;50.18;56.41
7861;7;"2024-05-04";"electricity";322.34;27.93;135.45
7862;6;"2023-10-13";"coal";346.75;37.9;121.67
7863;6;"2023-02-07";"coal";1715.92;123.36;245.23
7864;3;"2022-12-05";"coal";951.91;84.93;126.78
7865;5;"2023-05-02";"electricity";280.1;28.04;57.71
7866;10;"2021-07-31";"wind";113.29;2.27;4.83
7867;8;"2023-12-05";"gas";681.57;58.96;268.86
7868;3;"2022-06-13";"coal";948.15;68.82;306.19
7869;10;"2021-08-23";"wind";291.18;12.31;14.44
7870;6;"2021-09-10";"coal";621.32;41.6;236.25
7871;10;"2023-05-11";"wind";37.59;0.82;0.65
7872;2;"2023-11-05";"gas";1613.15;208.25;407.91
7873;8;"2023-12-15";"gas";1376.21;144.31;678.96
7874;9;"2022-03-10";"wind";93.37;2.56;3.17
7875;8;"2021-08-28";"gas";938.28;134.14;387.3
7876;7;"2021-10-08";"electricity";197.22;11.68;87.49
7877;5;"2022-08-01";"electricity";229.18;28.87;34.91
7878;2;"2022-11-21";"gas";681.71;36.13;195.06
7879;3;"2021-09-11";"coal";1865.48;183.51;367.49
7880;6;"2024-05-26";"coal";1071.85;117.33;170.08
7881;6;"2022-04-05";"coal";1528.04;204.89;372.09
7882;6;"2022-06-20";"coal";1831.19;200.95;199.36
7883;4;"2024-04-18";"electricity";780.8;69.9;263.94
7884;1;"2021-06-18";"electricity";1049.13;76.45;141.26
7885;7;"2021-06-09";"electricity";1548.74;173.1;586.36
7886;4;"2023-08-25";"electricity";347.1;34.48;131.51
7887;10;"2022-01-16";"wind";135.57;3.06;5.55
7888;2;"2024-01-03";"gas";605.46;38.04;261.58
7889;6;"2023-07-27";"coal";1422.67;105.67;570.01
7890;5;"2023-03-14";"electricity";577.07;37.22;95.68
7891;3;"2022-04-04";"coal";1493.48;190.38;529.72
7892;7;"2023-08-02";"electricity";322.81;47.85;77.24
7893;7;"2022-08-17";"electricity";1264.75;94.47;381.65
7894;4;"2021-05-31";"electricity";1419.65;187.08;622.83
7895;8;"2022-01-18";"gas";901.89;130.51;417.1
7896;8;"2022-06-04";"gas";1473.92;140.21;356.41
7897;2;"2023-02-03";"gas";614.13;69.54;217.03
7898;5;"2023-01-08";"electricity";1977.75;131.45;852.18
7899;1;"2022-08-08";"electricity";482.04;58.52;56.84
7900;6;"2022-12-20";"coal";501.16;32.51;162.09
7901;8;"2021-08-26";"gas";1120.65;127.19;379.89
7902;8;"2021-07-17";"gas";1224.67;165.92;263.65
7903;10;"2021-09-26";"wind";359.89;7.95;6.91
7904;10;"2023-06-24";"wind";266.43;6.86;3.0
7905;7;"2021-11-09";"electricity";1192.39;64.09;505.56
7906;8;"2021-10-22";"gas";1864.59;137.67;546.06
7907;6;"2022-07-31";"coal";156.55;23.2;38.19
7908;6;"2023-02-05";"coal";614.89;45.4;118.93
7909;5;"2022-09-29";"electricity";238.1;18.58;110.89
7910;6;"2022-07-19";"coal";296.75;16.28;127.06
7911;4;"2022-01-07";"electricity";629.27;55.56;251.3
7912;5;"2022-03-25";"electricity";733.71;84.99;317.49
7913;6;"2023-09-10";"coal";630.14;76.77;105.09
7914;5;"2022-03-12";"electricity";1779.78;128.03;465.6
7915;5;"2022-05-28";"electricity";1174.26;146.55;258.25
7916;9;"2023-03-28";"wind";489.73;14.4;13.51
7917;10;"2022-01-10";"wind";215.27;10.34;2.6
7918;8;"2023-08-21";"gas";1301.96;80.83;531.58
7919;8;"2021-07-22";"gas";1093.5;133.51;453.17
7920;9;"2023-01-22";"wind";351.0;11.73;8.05
7921;5;"2022-10-02";"electricity";1445.15;200.93;217.75
7922;4;"2022-12-01";"electricity";1883.8;260.27;684.18
7923;3;"2021-11-15";"coal";1053.69;58.0;173.74
7924;5;"2021-11-07";"electricity";1014.8;143.78;274.78
7925;9;"2024-02-24";"wind";168.68;3.7;6.1
7926;8;"2022-07-18";"gas";1460.63;189.6;153.22
7927;4;"2024-02-08";"electricity";653.79;69.1;249.47
7928;4;"2021-10-03";"electricity";1665.62;132.33;502.34
7929;6;"2023-05-07";"coal";1055.82;123.84;375.34
7930;5;"2021-12-21";"electricity";391.45;40.26;137.68
7931;3;"2021-07-23";"coal";1200.55;80.42;122.73
7932;3;"2023-12-14";"coal";1457.74;124.57;631.96
7933;1;"2022-10-31";"electricity";964.87;49.66;262.24
7934;7;"2023-08-12";"electricity";1110.47;107.93;525.65
7935;7;"2021-10-12";"electricity";1876.36;138.29;744.44
7936;10;"2024-05-22";"wind";93.22;1.95;1.57
7937;9;"2023-09-30";"wind";143.79;4.17;5.95
7938;4;"2023-07-29";"electricity";1136.96;104.15;195.55
7939;9;"2021-08-15";"wind";81.71;1.98;2.63
7940;1;"2021-08-04";"electricity";117.65;17.14;58.62
7941;3;"2021-11-29";"coal";283.4;27.87;91.62
7942;6;"2022-03-21";"coal";774.74;114.43;296.04
7943;1;"2021-07-16";"electricity";1417.47;204.47;375.44
7944;4;"2023-04-22";"electricity";1062.89;74.09;419.16
7945;8;"2022-11-27";"gas";253.44;27.72;103.56
7946;6;"2023-04-22";"coal";1993.44;197.27;294.3
7947;3;"2022-07-22";"coal";1401.99;160.64;604.95
7948;10;"2022-04-25";"wind";92.55;2.94;2.17
7949;2;"2022-07-16";"gas";247.12;35.5;49.87
7950;3;"2021-11-06";"coal";1780.57;246.27;570.55
7951;2;"2021-08-15";"gas";1377.37;123.3;490.29
7952;4;"2023-12-16";"electricity";745.57;62.25;87.36
7953;5;"2022-09-24";"electricity";957.73;105.65;395.46
7954;8;"2024-02-28";"gas";316.2;27.54;116.18
7955;9;"2023-02-28";"wind";228.49;7.62;7.76
7956;8;"2022-09-29";"gas";369.33;41.41;144.39
7957;7;"2021-07-20";"electricity";1258.01;144.38;547.22
7958;5;"2022-04-23";"electricity";290.81;21.4;130.2
7959;10;"2022-08-15";"wind";497.32;12.85;6.74
7960;7;"2024-03-17";"electricity";1903.82;283.6;401.54
7961;3;"2021-11-20";"coal";1815.62;252.24;221.34
7962;5;"2022-10-23";"electricity";161.26;17.2;76.09
7963;8;"2023-04-13";"gas";105.9;15.31;51.8
7964;10;"2021-09-02";"wind";413.44;11.6;18.24
7965;7;"2021-10-13";"electricity";276.7;21.51;63.17
7966;2;"2021-10-19";"gas";604.68;51.28;203.39
7967;7;"2021-08-03";"electricity";381.81;30.57;168.33
7968;6;"2021-11-01";"coal";1639.5;183.1;747.34
7969;5;"2023-06-11";"electricity";1962.8;269.05;335.54
7970;3;"2022-04-01";"coal";1528.25;159.65;406.08
7971;5;"2022-06-16";"electricity";265.19;15.66;129.81
7972;7;"2021-09-27";"electricity";1320.04;151.42;477.01
7973;10;"2023-02-23";"wind";19.73;0.72;0.54
7974;1;"2023-02-07";"electricity";919.98;74.45;234.02
7975;1;"2021-07-16";"electricity";239.99;35.01;63.35
7976;1;"2023-08-27";"electricity";284.25;34.42;78.2
7977;2;"2021-10-29";"gas";1130.07;121.71;332.5
7978;2;"2023-11-22";"gas";156.03;15.32;68.46
7979;3;"2021-10-31";"coal";1177.54;143.05;418.8
7980;6;"2022-01-20";"coal";693.92;42.23;335.86
7981;5;"2023-03-07";"electricity";573.26;41.06;243.12
7982;4;"2021-12-11";"electricity";1582.58;117.02;553.84
7983;2;"2023-03-06";"gas";184.15;15.99;65.26
7984;3;"2022-01-22";"coal";1504.7;182.98;678.45
7985;1;"2021-06-12";"electricity";1713.65;229.23;548.79
7986;7;"2023-11-15";"electricity";1108.3;65.96;475.93
7987;2;"2022-10-01";"gas";133.61;18.44;26.77
7988;5;"2022-02-08";"electricity";1048.95;74.3;427.68
7989;8;"2024-05-06";"gas";1602.69;153.45;755.99
7990;1;"2022-01-18";"electricity";1921.63;152.45;851.56
7991;4;"2023-12-13";"electricity";530.82;38.54;125.91
7992;4;"2023-01-24";"electricity";1015.29;55.74;287.7
7993;4;"2024-05-05";"electricity";742.71;61.35;112.44
7994;5;"2021-10-17";"electricity";986.38;116.42;439.34
7995;8;"2023-05-31";"gas";1024.94;126.73;400.89
7996;2;"2023-08-06";"gas";1574.54;118.06;387.31
7997;6;"2022-11-21";"coal";343.47;29.04;35.78
7998;7;"2022-06-05";"electricity";1377.75;142.88;547.6
7999;7;"2022-01-24";"electricity";1612.65;93.95;538.59
8000;8;"2022-01-18";"gas";235.92;32.25;104.2
8001;5;"2023-05-14";"electricity";1100.65;81.01;162.38
8002;8;"2021-09-22";"gas";256.18;14.02;68.96
8003;8;"2023-01-02";"gas";1649.89;87.01;179.99
8004;1;"2024-02-09";"electricity";727.21;99.39;208.05
8005;4;"2023-09-04";"electricity";951.65;136.95;434.81
8006;1;"2023-10-06";"electricity";1915.09;207.75;824.45
8007;1;"2022-03-19";"electricity";1231.63;84.52;335.76
8008;3;"2023-06-22";"coal";453.2;23.92;121.71
8009;1;"2021-08-08";"electricity";1469.59;91.54;167.55
8010;8;"2024-04-29";"gas";1809.03;167.76;712.36
8011;3;"2023-05-09";"coal";758.17;46.68;174.57
8012;1;"2022-01-19";"electricity";709.06;88.09;195.23
8013;10;"2022-09-10";"wind";98.28;3.46;1.53
8014;1;"2023-10-18";"electricity";167.9;11.58;52.33
8015;4;"2023-06-21";"electricity";1076.39;65.19;219.37
8016;10;"2021-10-05";"wind";29.08;0.86;0.33
8017;3;"2022-01-24";"coal";1653.26;195.96;533.64
8018;1;"2022-01-09";"electricity";1168.07;127.96;537.09
8019;8;"2022-06-08";"gas";596.34;58.34;59.98
8020;3;"2023-11-23";"coal";368.84;42.91;47.72
8021;9;"2022-06-22";"wind";402.38;13.82;8.56
8022;4;"2023-11-12";"electricity";498.58;26.29;196.34
8023;1;"2023-03-23";"electricity";1065.2;95.47;120.18
8024;9;"2022-11-11";"wind";148.49;3.84;2.23
8025;6;"2023-02-01";"coal";511.2;29.89;185.26
8026;10;"2023-05-02";"wind";370.83;15.73;9.75
8027;10;"2024-01-28";"wind";207.07;7.4;4.13
8028;8;"2022-02-01";"gas";1694.92;186.63;791.6
8029;7;"2023-02-05";"electricity";136.29;16.51;43.38
8030;9;"2021-06-17";"wind";242.98;6.62;3.34
8031;1;"2022-06-15";"electricity";1356.17;180.8;212.33
8032;6;"2023-11-12";"coal";900.75;124.83;104.36
8033;4;"2021-10-13";"electricity";308.14;44.17;83.13
8034;6;"2023-06-16";"coal";1516.66;210.33;317.31
8035;3;"2023-08-02";"coal";144.4;7.46;29.22
8036;9;"2023-07-21";"wind";359.03;12.28;7.09
8037;8;"2023-12-25";"gas";952.11;86.03;173.79
8038;9;"2022-10-22";"wind";201.8;6.77;3.4
8039;6;"2021-07-01";"coal";358.86;52.55;154.7
8040;9;"2023-09-17";"wind";346.34;7.4;16.99
8041;4;"2023-06-19";"electricity";239.58;25.94;66.74
8042;9;"2021-10-01";"wind";280.79;12.26;11.24
8043;3;"2023-09-10";"coal";306.0;41.9;133.29
8044;6;"2023-04-28";"coal";184.4;22.44;70.02
8045;5;"2023-02-11";"electricity";1940.61;281.74;725.71
8046;7;"2024-04-27";"electricity";1856.46;198.25;286.85
8047;7;"2022-03-27";"electricity";926.16;96.55;429.3
8048;8;"2021-06-01";"gas";1178.67;80.68;271.32
8049;4;"2022-06-25";"electricity";1832.24;221.34;788.82
8050;1;"2024-02-01";"electricity";840.9;120.67;106.99
8051;6;"2021-11-06";"coal";897.62;120.24;269.3
8052;2;"2021-06-30";"gas";130.35;9.29;40.46
8053;6;"2023-09-24";"coal";1090.05;89.37;203.66
8054;7;"2023-10-25";"electricity";455.53;56.05;76.32
8055;10;"2022-11-12";"wind";239.11;4.96;8.41
8056;6;"2024-03-08";"coal";1528.87;109.04;734.45
8057;4;"2023-02-05";"electricity";1503.88;202.24;252.99
8058;10;"2023-10-07";"wind";345.98;13.44;16.0
8059;8;"2023-04-04";"gas";358.56;52.35;55.09
8060;8;"2021-09-19";"gas";1547.17;124.75;728.48
8061;6;"2023-04-19";"coal";341.74;37.79;54.67
8062;4;"2022-10-12";"electricity";478.55;54.26;219.33
8063;6;"2023-07-13";"coal";1432.23;92.88;431.8
8064;7;"2021-08-03";"electricity";435.52;65.27;113.7
8065;8;"2022-04-20";"gas";1958.65;128.4;207.31
8066;8;"2023-11-01";"gas";116.8;11.9;19.04
8067;2;"2022-12-19";"gas";1109.93;126.14;450.77
8068;1;"2022-08-29";"electricity";1681.56;202.94;544.33
8069;5;"2022-08-04";"electricity";272.14;33.44;111.14
8070;4;"2024-01-12";"electricity";1502.39;166.22;276.76
8071;4;"2023-11-23";"electricity";1083.31;92.91;307.91
8072;9;"2022-03-03";"wind";489.41;14.9;11.56
8073;2;"2023-05-06";"gas";869.93;117.12;138.82
8074;8;"2022-05-01";"gas";322.94;32.6;59.75
8075;10;"2023-01-04";"wind";144.0;5.93;3.77
8076;7;"2021-11-17";"electricity";207.14;24.7;73.76
8077;2;"2023-07-04";"gas";403.5;35.79;154.27
8078;8;"2023-09-19";"gas";1950.86;121.89;461.77
8079;7;"2021-09-24";"electricity";1310.4;141.57;232.41
8080;9;"2022-04-11";"wind";347.69;9.45;14.03
8081;1;"2024-01-31";"electricity";1556.56;227.83;559.07
8082;1;"2022-10-29";"electricity";1121.31;64.02;551.77
8083;6;"2022-08-28";"coal";610.3;45.48;143.7
8084;3;"2023-06-02";"coal";1377.34;182.23;323.65
8085;7;"2022-02-02";"electricity";1966.88;161.47;431.07
8086;10;"2021-09-02";"wind";181.8;5.78;5.0
8087;2;"2023-12-03";"gas";1317.2;85.95;533.02
8088;10;"2021-12-22";"wind";430.19;13.22;4.57
8089;3;"2021-07-27";"coal";488.65;46.85;102.49
8090;3;"2022-02-23";"coal";1972.8;192.53;419.99
8091;6;"2021-12-10";"coal";159.63;19.22;28.14
8092;2;"2023-08-28";"gas";1041.53;102.69;292.87
8093;1;"2021-09-04";"electricity";1105.88;75.72;440.24
8094;7;"2022-01-24";"electricity";448.89;59.76;189.39
8095;6;"2024-05-02";"coal";1841.91;92.6;352.98
8096;10;"2022-01-05";"wind";340.21;7.4;10.68
8097;10;"2021-06-08";"wind";175.68;3.96;7.45
8098;1;"2022-07-23";"electricity";1864.02;104.31;245.73
8099;3;"2024-01-27";"coal";328.78;49.11;155.97
8100;5;"2023-01-05";"electricity";969.85;101.75;293.24
8101;6;"2024-01-17";"coal";680.85;44.09;291.39
8102;10;"2022-03-29";"wind";324.79;12.27;7.52
8103;8;"2022-06-19";"gas";1603.21;101.53;250.93
8104;5;"2023-12-27";"electricity";349.0;25.95;120.38
8105;2;"2024-01-25";"gas";329.52;17.93;164.15
8106;2;"2023-07-04";"gas";1681.05;88.08;181.68
8107;4;"2022-12-09";"electricity";1832.41;263.4;797.17
8108;8;"2023-09-24";"gas";706.53;95.61;264.58
8109;6;"2024-02-28";"coal";1672.61;237.05;542.74
8110;1;"2022-07-27";"electricity";1960.58;219.82;708.45
8111;10;"2022-08-08";"wind";350.33;11.14;8.97
8112;3;"2023-12-15";"coal";1007.82;103.19;407.12
8113;1;"2024-05-22";"electricity";1874.84;155.58;402.2
8114;5;"2024-01-31";"electricity";225.18;23.62;111.56
8115;10;"2021-08-24";"wind";78.03;2.38;3.64
8116;9;"2024-03-16";"wind";121.9;5.06;2.47
8117;2;"2024-01-15";"gas";1320.84;115.37;284.18
8118;4;"2023-01-23";"electricity";949.09;119.98;267.36
8119;8;"2022-12-29";"gas";1567.93;216.3;628.75
8120;2;"2022-06-09";"gas";1042.65;58.67;344.43
8121;9;"2023-03-22";"wind";180.24;5.63;4.12
8122;1;"2021-09-02";"electricity";501.46;74.63;190.48
8123;1;"2023-05-05";"electricity";1451.1;89.84;553.1
8124;4;"2024-03-05";"electricity";1298.77;80.68;185.19
8125;5;"2023-01-13";"electricity";149.06;9.7;64.0
8126;6;"2021-12-03";"coal";1760.1;177.5;349.77
8127;2;"2022-03-04";"gas";1428.84;171.65;543.67
8128;10;"2022-05-31";"wind";153.28;3.55;3.91
8129;3;"2023-02-01";"coal";116.66;16.28;48.43
8130;4;"2021-09-17";"electricity";258.61;28.97;104.31
8131;7;"2021-08-01";"electricity";269.3;36.47;114.3
8132;5;"2023-03-07";"electricity";1014.04;111.57;431.08
8133;10;"2022-04-25";"wind";20.45;0.97;0.22
8134;8;"2023-01-25";"gas";1282.02;144.94;434.88
8135;3;"2021-07-05";"coal";322.37;17.26;81.43
8136;1;"2024-05-23";"electricity";750.93;62.71;305.66
8137;8;"2023-03-06";"gas";828.54;122.63;196.03
8138;9;"2022-10-03";"wind";251.39;9.17;12.24
8139;6;"2022-10-17";"coal";1751.83;254.21;864.1
8140;5;"2022-05-03";"electricity";1891.6;211.17;308.81
8141;3;"2023-12-24";"coal";1855.28;272.04;734.57
8142;8;"2023-04-13";"gas";1759.47;120.98;808.55
8143;7;"2023-04-24";"electricity";1569.07;126.2;484.55
8144;6;"2023-03-18";"coal";459.94;31.83;146.88
8145;9;"2024-01-12";"wind";149.19;4.4;7.12
8146;9;"2023-02-23";"wind";324.21;6.91;14.16
8147;1;"2023-11-19";"electricity";240.67;27.53;96.33
8148;6;"2022-06-03";"coal";1130.5;136.32;273.98
8149;8;"2024-03-31";"gas";828.85;121.07;143.04
8150;10;"2023-03-30";"wind";238.77;9.4;2.85
8151;8;"2021-09-24";"gas";1535.17;148.62;443.16
8152;1;"2021-06-12";"electricity";1424.49;206.59;401.76
8153;8;"2022-05-16";"gas";968.03;90.71;228.68
8154;2;"2024-05-17";"gas";885.41;102.56;199.63
8155;2;"2024-03-20";"gas";1225.05;74.16;533.71
8156;2;"2021-09-27";"gas";708.83;46.11;141.88
8157;8;"2022-03-11";"gas";713.9;91.88;345.0
8158;3;"2021-12-05";"coal";1206.87;78.32;325.99
8159;8;"2022-02-17";"gas";202.68;20.43;74.02
8160;1;"2022-01-12";"electricity";471.79;61.58;163.86
8161;8;"2021-09-04";"gas";853.47;88.85;91.35
8162;2;"2023-10-13";"gas";1802.79;250.18;267.56
8163;7;"2022-08-18";"electricity";459.95;53.17;210.56
8164;8;"2024-05-22";"gas";411.84;30.13;86.94
8165;6;"2023-01-17";"coal";653.43;36.31;218.14
8166;5;"2022-01-07";"electricity";1025.95;129.34;291.18
8167;9;"2021-07-12";"wind";345.74;7.75;15.58
8168;10;"2024-01-02";"wind";382.56;18.48;14.16
8169;10;"2022-08-22";"wind";52.64;1.41;2.51
8170;8;"2022-04-30";"gas";1884.21;218.81;842.46
8171;2;"2023-09-10";"gas";1938.94;118.46;496.71
8172;8;"2021-08-01";"gas";693.23;103.92;190.94
8173;10;"2024-03-24";"wind";451.49;13.37;7.47
8174;1;"2024-02-16";"electricity";316.15;32.34;74.86
8175;4;"2023-11-10";"electricity";1687.11;228.81;447.21
8176;5;"2023-03-02";"electricity";617.92;85.53;114.72
8177;7;"2021-06-21";"electricity";290.34;20.78;111.77
8178;1;"2023-12-15";"electricity";955.24;128.04;263.62
8179;1;"2022-12-08";"electricity";827.25;68.02;343.02
8180;1;"2023-12-03";"electricity";477.01;31.16;233.7
8181;6;"2021-07-06";"coal";671.98;42.92;224.33
8182;9;"2022-07-08";"wind";266.55;10.69;13.07
8183;7;"2023-08-19";"electricity";877.09;126.39;245.68
8184;1;"2023-06-10";"electricity";995.71;107.11;196.54
8185;2;"2022-10-15";"gas";270.22;28.11;85.17
8186;4;"2023-03-02";"electricity";432.94;51.84;67.18
8187;5;"2023-10-01";"electricity";788.52;70.65;236.24
8188;3;"2023-11-10";"coal";1909.4;101.59;504.33
8189;8;"2022-10-12";"gas";1540.52;169.55;264.03
8190;3;"2023-10-29";"coal";1166.83;121.75;378.28
8191;1;"2021-12-03";"electricity";614.71;57.66;215.82
8192;3;"2024-01-20";"coal";1827.88;92.34;479.69
8193;3;"2023-08-01";"coal";568.99;37.7;276.58
8194;9;"2023-10-02";"wind";203.05;7.8;7.26
8195;4;"2022-10-11";"electricity";1333.39;142.29;466.16
8196;1;"2023-01-15";"electricity";1185.18;114.51;204.82
8197;7;"2023-04-01";"electricity";598.34;76.41;136.85
8198;6;"2023-08-06";"coal";281.9;31.9;87.52
8199;9;"2023-10-12";"wind";28.75;0.7;1.05
8200;2;"2022-07-05";"gas";814.81;109.63;110.85
8201;9;"2022-08-11";"wind";168.79;3.64;7.27
8202;2;"2023-08-12";"gas";885.79;44.4;103.63
8203;10;"2022-01-11";"wind";387.31;13.48;5.51
8204;4;"2022-10-17";"electricity";1537.32;99.86;590.73
8205;2;"2023-05-19";"gas";1153.26;153.16;219.02
8206;4;"2022-08-17";"electricity";735.81;65.67;95.36
8207;6;"2023-04-18";"coal";1059.66;121.96;266.89
8208;7;"2021-12-03";"electricity";654.84;75.63;244.88
8209;1;"2023-09-06";"electricity";653.63;93.62;122.73
8210;4;"2021-12-03";"electricity";250.2;12.92;59.08
8211;6;"2024-01-05";"coal";1638.68;155.57;742.04
8212;8;"2024-05-15";"gas";1188.61;133.81;395.11
8213;3;"2021-09-01";"coal";1722.17;219.77;320.95
8214;10;"2024-01-09";"wind";248.77;5.66;7.86
8215;4;"2021-05-30";"electricity";1115.07;159.24;532.76
8216;6;"2023-04-28";"coal";821.4;116.89;369.24
8217;4;"2022-09-26";"electricity";400.72;36.51;66.18
8218;10;"2023-06-21";"wind";12.25;0.46;0.26
8219;9;"2022-06-06";"wind";274.62;7.2;5.53
8220;6;"2021-08-30";"coal";263.87;23.48;55.83
8221;6;"2022-01-12";"coal";1311.63;116.09;548.89
8222;7;"2024-01-19";"electricity";272.46;16.61;71.55
8223;8;"2023-06-21";"gas";1782.75;231.38;204.34
8224;1;"2022-03-15";"electricity";140.36;17.13;20.69
8225;1;"2023-08-06";"electricity";1121.14;131.85;351.47
8226;6;"2023-07-02";"coal";269.8;36.13;78.41
8227;2;"2023-06-14";"gas";1852.11;121.75;385.71
8228;7;"2024-02-29";"electricity";821.82;48.76;114.67
8229;7;"2023-12-09";"electricity";198.46;11.62;78.73
8230;9;"2022-07-08";"wind";188.38;8.82;3.99
8231;2;"2022-11-28";"gas";422.16;27.33;136.57
8232;2;"2021-12-13";"gas";1877.91;191.22;620.34
8233;6;"2022-07-12";"coal";255.19;15.26;86.02
8234;3;"2022-01-31";"coal";1879.87;94.19;736.11
8235;1;"2023-03-21";"electricity";1773.41;164.84;747.72
8236;5;"2023-08-21";"electricity";1265.98;121.05;515.8
8237;3;"2021-11-27";"coal";1949.1;168.07;885.01
8238;7;"2024-03-19";"electricity";430.34;50.18;118.92
8239;7;"2022-10-30";"electricity";691.82;67.26;213.41
8240;5;"2021-12-04";"electricity";1697.73;151.11;282.56
8241;7;"2022-01-11";"electricity";464.15;26.44;186.27
8242;2;"2022-05-13";"gas";1895.18;130.69;869.71
8243;8;"2022-10-10";"gas";602.26;81.64;245.26
8244;4;"2021-08-02";"electricity";621.78;47.04;182.07
8245;6;"2023-06-05";"coal";1561.81;100.49;180.06
8246;3;"2022-09-21";"coal";1069.05;145.9;318.2
8247;6;"2024-01-24";"coal";1284.12;181.07;280.32
8248;10;"2022-05-19";"wind";123.32;5.77;5.74
8249;2;"2022-06-01";"gas";1262.63;108.26;287.63
8250;7;"2022-11-17";"electricity";1279.9;110.15;364.28
8251;1;"2023-01-26";"electricity";1655.82;140.25;237.05
8252;6;"2024-03-23";"coal";1732.63;208.2;850.51
8253;7;"2022-11-21";"electricity";460.49;56.68;80.55
8254;9;"2021-11-04";"wind";126.3;2.71;2.42
8255;2;"2023-09-13";"gas";1452.36;115.55;346.89
8256;1;"2022-04-04";"electricity";1375.04;199.58;189.7
8257;6;"2023-09-07";"coal";1115.67;106.23;513.36
8258;2;"2024-04-19";"gas";1509.42;212.95;690.06
8259;2;"2023-02-26";"gas";1481.94;131.81;551.2
8260;5;"2022-04-22";"electricity";192.64;18.91;65.58
8261;6;"2024-04-20";"coal";1232.29;92.42;609.57
8262;3;"2023-03-03";"coal";1578.57;150.29;393.59
8263;2;"2022-01-31";"gas";1716.6;243.21;293.53
8264;2;"2024-03-01";"gas";551.22;66.45;226.0
8265;2;"2022-04-26";"gas";1814.31;220.57;223.68
8266;7;"2024-01-26";"electricity";795.17;99.67;313.86
8267;4;"2021-08-21";"electricity";1534.17;174.01;505.74
8268;8;"2024-03-25";"gas";552.82;52.03;66.15
8269;6;"2022-11-12";"coal";848.74;75.1;119.08
8270;8;"2022-04-22";"gas";1185.03;124.1;313.91
8271;6;"2022-04-02";"coal";1605.5;114.12;344.66
8272;5;"2024-03-04";"electricity";363.81;19.11;163.2
8273;8;"2023-01-20";"gas";1327.81;106.6;431.03
8274;1;"2022-10-26";"electricity";1688.67;116.72;650.68
8275;6;"2024-02-19";"coal";329.58;45.22;36.01
8276;4;"2021-12-16";"electricity";738.18;38.02;153.11
8277;10;"2023-09-01";"wind";63.02;1.64;1.07
8278;9;"2022-12-08";"wind";462.66;18.06;11.62
8279;2;"2023-04-25";"gas";408.83;21.15;95.3
8280;8;"2022-01-15";"gas";805.87;44.76;197.91
8281;1;"2022-02-06";"electricity";813.79;72.94;118.67
8282;10;"2022-01-08";"wind";182.18;7.86;3.8
8283;4;"2022-02-12";"electricity";750.83;38.02;351.39
8284;10;"2023-03-14";"wind";273.16;11.31;4.27
8285;3;"2021-10-11";"coal";138.2;20.01;17.92
8286;9;"2023-03-08";"wind";181.5;4.83;1.83
8287;10;"2023-10-07";"wind";395.47;11.7;9.46
8288;3;"2024-02-19";"coal";1759.2;197.79;371.28
8289;9;"2021-07-23";"wind";12.13;0.34;0.58
8290;8;"2021-08-08";"gas";294.08;37.63;68.32
8291;1;"2023-03-22";"electricity";657.48;50.83;234.4
8292;3;"2021-12-02";"coal";1653.88;141.02;669.24
8293;8;"2021-12-13";"gas";1344.61;151.23;153.77
8294;8;"2024-04-17";"gas";1155.35;166.55;269.19
8295;1;"2023-06-23";"electricity";956.66;80.97;200.98
8296;6;"2024-05-11";"coal";1705.85;125.43;196.71
8297;8;"2023-04-06";"gas";1712.07;122.06;280.79
8298;5;"2022-02-24";"electricity";1987.82;288.5;884.2
8299;2;"2023-01-12";"gas";1856.82;184.23;722.74
8300;7;"2022-01-05";"electricity";1327.3;142.19;317.34
8301;4;"2024-04-29";"electricity";1402.81;198.72;638.34
8302;5;"2021-11-25";"electricity";1481.79;78.52;650.6
8303;5;"2022-03-12";"electricity";1725.26;137.06;625.86
8304;2;"2022-10-19";"gas";1118.74;112.52;465.42
8305;2;"2021-11-20";"gas";1036.55;81.96;157.78
8306;2;"2022-06-08";"gas";1078.25;85.23;191.37
8307;5;"2022-02-04";"electricity";136.67;6.94;32.79
8308;2;"2024-03-21";"gas";1926.02;186.04;827.41
8309;6;"2022-01-06";"coal";988.26;123.95;205.2
8310;2;"2022-04-03";"gas";913.52;103.47;179.51
8311;2;"2022-09-16";"gas";1919.84;287.61;727.03
8312;5;"2023-08-01";"electricity";797.49;45.78;312.73
8313;7;"2022-08-02";"electricity";1195.5;108.84;243.69
8314;3;"2023-03-13";"coal";1842.59;227.66;342.08
8315;7;"2024-05-11";"electricity";824.31;49.62;96.68
8316;2;"2024-01-22";"gas";739.36;84.51;81.87
8317;7;"2021-09-03";"electricity";1354.15;100.28;316.37
8318;7;"2022-12-22";"electricity";1771.7;193.94;389.77
8319;3;"2021-12-09";"coal";1439.09;137.4;565.54
8320;10;"2022-11-20";"wind";251.72;8.0;9.35
8321;7;"2024-05-25";"electricity";1743.06;119.18;849.64
8322;10;"2024-02-04";"wind";335.24;13.81;9.5
8323;7;"2021-08-20";"electricity";570.43;58.65;80.1
8324;6;"2024-04-15";"coal";1460.32;117.53;499.68
8325;3;"2022-03-05";"coal";1695.95;166.81;529.36
8326;7;"2022-02-20";"electricity";1228.78;173.98;587.27
8327;3;"2022-03-09";"coal";105.17;14.94;35.75
8328;5;"2024-01-31";"electricity";938.39;67.81;123.31
8329;8;"2022-12-31";"gas";1259.17;101.72;586.53
8330;3;"2022-03-24";"coal";1989.38;116.41;571.87
8331;6;"2024-03-03";"coal";1264.6;137.86;190.23
8332;8;"2022-09-15";"gas";1577.4;182.93;454.52
8333;2;"2021-06-23";"gas";1286.37;79.21;404.24
8334;8;"2022-04-02";"gas";279.48;19.28;135.69
8335;1;"2022-12-05";"electricity";1962.54;271.33;774.99
8336;5;"2023-07-26";"electricity";484.97;35.76;143.25
8337;5;"2021-11-27";"electricity";1286.07;83.83;436.4
8338;4;"2021-06-05";"electricity";1661.91;178.82;799.53
8339;1;"2023-07-24";"electricity";1549.24;77.47;182.11
8340;1;"2023-09-04";"electricity";419.64;47.09;49.45
8341;7;"2021-12-23";"electricity";328.06;34.04;118.05
8342;6;"2023-07-28";"coal";1119.46;103.18;217.37
8343;6;"2022-03-19";"coal";101.24;11.12;14.25
8344;2;"2023-08-26";"gas";1021.17;56.91;462.21
8345;2;"2022-02-09";"gas";1731.18;230.17;824.0
8346;2;"2023-09-19";"gas";695.04;68.12;212.2
8347;5;"2021-11-06";"electricity";1951.49;245.02;949.99
8348;2;"2022-12-30";"gas";1094.79;112.27;208.35
8349;7;"2022-01-06";"electricity";561.48;42.96;239.28
8350;3;"2021-08-20";"coal";762.35;95.27;344.88
8351;8;"2022-11-16";"gas";254.68;19.79;45.95
8352;7;"2023-11-04";"electricity";369.04;29.53;87.37
8353;7;"2022-05-21";"electricity";1003.39;105.23;109.66
8354;6;"2023-12-31";"coal";1154.75;153.13;181.52
8355;9;"2021-09-21";"wind";464.93;11.6;18.52
8356;10;"2021-11-12";"wind";487.86;13.79;7.84
8357;9;"2022-01-29";"wind";321.07;12.6;12.17
8358;7;"2023-09-30";"electricity";1109.46;86.28;165.73
8359;9;"2022-07-14";"wind";294.09;13.5;7.89
8360;6;"2022-10-18";"coal";758.97;61.73;309.34
8361;4;"2024-05-12";"electricity";1063.05;153.41;297.13
8362;1;"2023-07-13";"electricity";1678.54;135.01;367.75
8363;1;"2023-08-03";"electricity";1920.95;154.29;614.36
8364;5;"2021-10-03";"electricity";1149.96;126.69;542.97
8365;3;"2021-08-24";"coal";115.23;16.33;41.4
8366;10;"2021-12-16";"wind";152.07;6.63;7.44
8367;9;"2024-04-28";"wind";415.92;10.21;19.4
8368;10;"2023-06-05";"wind";417.9;12.28;20.03
8369;1;"2021-10-30";"electricity";1920.52;222.71;573.21
8370;7;"2022-04-18";"electricity";276.44;16.5;45.05
8371;5;"2024-05-24";"electricity";1480.8;163.5;644.97
8372;1;"2022-11-20";"electricity";981.45;99.5;136.52
8373;6;"2021-10-30";"coal";1926.86;130.61;274.25
8374;4;"2022-05-19";"electricity";1619.55;142.36;401.2
8375;10;"2021-09-07";"wind";231.91;9.93;3.14
8376;10;"2021-10-15";"wind";60.08;2.92;2.52
8377;6;"2022-02-05";"coal";1309.76;147.37;405.03
8378;5;"2022-08-06";"electricity";470.75;27.64;96.04
8379;3;"2024-05-14";"coal";1901.26;158.28;691.55
8380;6;"2021-10-12";"coal";1827.4;156.47;656.36
8381;10;"2024-02-13";"wind";83.98;1.94;3.91
8382;9;"2022-03-11";"wind";429.01;18.5;20.78
8383;5;"2022-11-14";"electricity";1377.83;196.58;219.1
8384;10;"2023-08-24";"wind";314.75;14.47;4.39
8385;5;"2023-10-14";"electricity";1301.61;75.5;563.64
8386;4;"2023-11-25";"electricity";467.2;65.76;109.5
8387;4;"2023-07-31";"electricity";797.84;52.5;298.92
8388;5;"2024-04-25";"electricity";1697.79;247.43;477.31
8389;8;"2022-10-30";"gas";1115.17;96.29;544.55
8390;9;"2022-12-30";"wind";61.89;1.67;2.27
8391;9;"2023-05-17";"wind";349.47;15.68;11.42
8392;2;"2022-04-13";"gas";202.89;27.34;36.34
8393;1;"2023-07-16";"electricity";851.54;55.94;294.09
8394;1;"2024-05-16";"electricity";1134.77;73.26;349.33
8395;10;"2022-03-29";"wind";270.3;12.5;12.64
8396;4;"2023-12-14";"electricity";519.57;51.24;228.43
8397;10;"2022-10-19";"wind";196.84;7.36;6.75
8398;2;"2021-08-07";"gas";105.21;8.52;36.42
8399;5;"2023-05-19";"electricity";718.99;91.69;156.76
8400;9;"2023-01-19";"wind";412.44;9.94;15.94
8401;6;"2022-10-21";"coal";1604.87;179.84;726.34
8402;7;"2021-10-28";"electricity";1611.51;96.23;607.11
8403;4;"2023-06-17";"electricity";1214.78;104.07;247.21
8404;1;"2021-06-04";"electricity";1747.96;102.56;470.35
8405;7;"2022-02-08";"electricity";1369.96;121.4;492.98
8406;10;"2023-06-16";"wind";370.97;14.7;18.25
8407;1;"2023-03-01";"electricity";1858.89;130.59;417.97
8408;1;"2022-05-17";"electricity";1407.02;188.79;357.44
8409;1;"2022-05-30";"electricity";1423.04;120.16;569.8
8410;10;"2024-01-24";"wind";10.03;0.26;0.39
8411;9;"2024-02-16";"wind";89.08;2.36;1.92
8412;5;"2023-09-01";"electricity";1001.35;102.38;487.26
8413;3;"2021-10-05";"coal";979.17;78.75;259.48
8414;3;"2022-03-26";"coal";891.64;124.13;210.34
8415;6;"2023-10-03";"coal";1638.81;240.94;272.82
8416;4;"2022-08-05";"electricity";445.77;29.98;200.89
8417;1;"2023-10-20";"electricity";1473.42;128.6;445.32
8418;10;"2021-08-21";"wind";15.33;0.49;0.27
8419;3;"2021-12-21";"coal";687.95;86.02;207.79
8420;8;"2023-08-26";"gas";708.31;91.09;253.64
8421;5;"2023-04-21";"electricity";280.98;17.82;104.79
8422;2;"2022-02-03";"gas";415.84;43.02;132.49
8423;2;"2022-03-23";"gas";1258.37;154.79;178.38
8424;5;"2022-11-13";"electricity";1405.77;146.3;438.72
8425;8;"2021-07-07";"gas";1955.69;104.74;310.08
8426;2;"2022-09-03";"gas";354.66;34.15;123.35
8427;8;"2022-03-15";"gas";1659.08;87.67;358.69
8428;2;"2023-09-11";"gas";413.33;40.04;87.86
8429;7;"2023-05-18";"electricity";199.5;17.02;21.85
8430;8;"2024-03-18";"gas";1465.99;93.65;362.46
8431;6;"2023-12-12";"coal";1950.43;125.29;769.32
8432;8;"2022-10-08";"gas";1201.84;68.42;147.52
8433;6;"2021-07-15";"coal";985.55;139.98;417.32
8434;4;"2023-01-20";"electricity";1388.02;135.95;144.27
8435;3;"2021-12-02";"coal";741.67;70.02;171.53
8436;4;"2021-10-09";"electricity";1376.31;149.88;321.37
8437;7;"2022-04-24";"electricity";309.68;19.79;80.05
8438;2;"2023-01-25";"gas";1524.31;134.79;648.94
8439;5;"2022-03-18";"electricity";397.63;52.33;102.45
8440;5;"2022-02-26";"electricity";1995.23;113.45;631.57
8441;2;"2021-06-12";"gas";1655.64;122.33;503.08
8442;10;"2023-12-06";"wind";345.52;16.31;13.89
8443;2;"2023-04-21";"gas";128.63;10.49;60.51
8444;2;"2021-06-23";"gas";1679.67;190.46;704.83
8445;10;"2021-11-22";"wind";265.18;6.38;12.51
8446;2;"2022-06-01";"gas";777.12;73.78;377.03
8447;3;"2022-12-08";"coal";1343.48;92.42;330.2
8448;5;"2022-03-17";"electricity";290.84;35.75;58.43
8449;9;"2022-03-27";"wind";339.21;16.95;10.86
8450;8;"2022-02-21";"gas";338.95;41.69;75.53
8451;6;"2023-03-24";"coal";1900.2;132.45;421.71
8452;4;"2024-05-19";"electricity";843.73;103.97;372.07
8453;1;"2023-10-17";"electricity";1367.85;123.39;323.46
8454;3;"2023-07-14";"coal";1619.9;81.01;254.95
8455;9;"2022-05-13";"wind";370.23;11.67;7.16
8456;10;"2024-04-21";"wind";91.3;4.25;4.55
8457;7;"2021-10-29";"electricity";1435.6;196.06;267.48
8458;9;"2022-04-17";"wind";441.09;9.58;13.62
8459;2;"2022-04-21";"gas";1053.87;80.51;183.81
8460;4;"2023-03-02";"electricity";1495.69;183.82;486.94
8461;3;"2022-09-19";"coal";922.18;89.73;313.22
8462;5;"2021-09-06";"electricity";450.79;34.52;59.52
8463;5;"2023-06-12";"electricity";503.96;38.59;123.55
8464;9;"2024-01-01";"wind";214.38;7.99;4.68
8465;4;"2021-08-28";"electricity";459.06;27.38;183.72
8466;10;"2023-10-16";"wind";307.14;12.49;5.68
8467;3;"2022-02-13";"coal";619.7;92.67;235.6
8468;6;"2022-03-16";"coal";1326.23;79.17;636.68
8469;4;"2021-10-05";"electricity";843.0;106.27;241.17
8470;6;"2023-07-20";"coal";1767.63;200.5;826.04
8471;4;"2023-05-02";"electricity";405.46;31.23;89.07
8472;4;"2023-08-30";"electricity";317.01;28.72;94.96
8473;3;"2022-10-15";"coal";1149.87;65.24;339.89
8474;3;"2022-11-19";"coal";938.87;133.82;331.56
8475;1;"2022-06-27";"electricity";643.42;75.28;109.91
8476;9;"2023-08-05";"wind";271.12;13.23;3.73
8477;10;"2021-12-30";"wind";219.12;4.83;6.51
8478;2;"2023-05-04";"gas";518.48;52.88;165.64
8479;4;"2022-06-29";"electricity";581.99;84.21;92.85
8480;8;"2021-06-08";"gas";467.82;34.42;47.6
8481;7;"2021-06-29";"electricity";133.94;9.83;27.56
8482;10;"2021-06-02";"wind";327.31;6.73;8.99
8483;5;"2023-11-12";"electricity";712.56;86.38;206.94
8484;5;"2021-12-25";"electricity";291.51;25.82;86.42
8485;5;"2022-04-18";"electricity";1676.79;224.06;548.37
8486;6;"2021-07-20";"coal";1432.36;122.29;524.43
8487;1;"2022-07-15";"electricity";1148.62;147.04;418.1
8488;3;"2023-04-27";"coal";1705.75;99.55;798.57
8489;1;"2023-11-07";"electricity";1510.58;88.71;472.54
8490;4;"2022-03-11";"electricity";1587.31;199.91;416.62
8491;6;"2024-04-16";"coal";1579.69;213.59;519.44
8492;4;"2023-04-21";"electricity";521.11;74.08;200.16
8493;2;"2022-04-18";"gas";1278.85;92.13;638.79
8494;1;"2023-10-05";"electricity";1540.33;170.7;395.39
8495;3;"2023-10-12";"coal";1217.43;79.59;218.74
8496;10;"2022-09-03";"wind";216.5;8.42;4.47
8497;1;"2021-09-06";"electricity";1274.76;159.58;351.8
8498;9;"2022-12-03";"wind";103.25;4.98;2.9
8499;4;"2022-02-25";"electricity";416.87;29.33;42.21
8500;8;"2023-01-17";"gas";772.46;57.3;267.64
8501;1;"2023-02-05";"electricity";1786.9;168.43;745.05
8502;9;"2022-02-27";"wind";160.44;6.19;2.46
8503;2;"2022-09-21";"gas";1914.81;251.18;451.08
8504;9;"2022-12-31";"wind";17.19;0.45;0.21
8505;2;"2021-06-24";"gas";600.38;31.36;154.08
8506;8;"2024-03-31";"gas";465.56;45.61;82.66
8507;7;"2021-12-28";"electricity";245.01;17.7;48.92
8508;8;"2022-01-05";"gas";1207.92;63.75;352.45
8509;2;"2024-02-18";"gas";1472.64;156.17;595.74
8510;3;"2023-07-26";"coal";127.22;13.5;46.21
8511;1;"2021-06-07";"electricity";486.46;32.39;93.53
8512;2;"2022-02-21";"gas";246.66;27.82;62.76
8513;4;"2023-01-11";"electricity";582.93;31.31;97.34
8514;4;"2023-03-15";"electricity";176.36;23.74;62.6
8515;9;"2022-08-28";"wind";297.37;7.07;13.36
8516;4;"2023-07-16";"electricity";348.68;44.47;106.54
8517;7;"2022-06-17";"electricity";1103.71;131.41;314.26
8518;10;"2022-08-28";"wind";149.85;3.97;1.58
8519;3;"2022-11-09";"coal";478.26;29.07;106.54
8520;8;"2024-03-23";"gas";1988.24;225.34;258.95
8521;7;"2022-06-28";"electricity";1726.45;87.24;567.23
8522;10;"2022-01-08";"wind";450.5;15.11;7.65
8523;2;"2021-07-16";"gas";157.33;13.58;18.88
8524;3;"2022-06-02";"coal";1795.98;262.69;293.39
8525;9;"2022-07-20";"wind";56.67;2.3;0.83
8526;3;"2023-09-21";"coal";1964.93;269.7;671.03
8527;10;"2021-10-23";"wind";394.69;11.27;12.45
8528;9;"2023-05-01";"wind";85.02;3.73;1.41
8529;1;"2024-01-14";"electricity";1300.84;150.2;454.16
8530;3;"2023-04-02";"coal";1961.11;106.11;820.0
8531;2;"2022-01-02";"gas";1455.57;88.68;603.47
8532;3;"2022-11-27";"coal";357.46;36.63;77.69
8533;3;"2022-02-07";"coal";149.66;21.03;38.26
8534;4;"2021-08-28";"electricity";1705.24;217.23;631.54
8535;10;"2021-11-18";"wind";197.25;6.84;6.0
8536;7;"2022-08-19";"electricity";556.18;48.25;224.17
8537;7;"2022-11-28";"electricity";1334.57;100.21;319.12
8538;10;"2023-06-01";"wind";229.16;9.39;2.38
8539;1;"2023-06-21";"electricity";1000.27;124.44;456.6
8540;2;"2023-08-23";"gas";331.37;31.33;137.41
8541;7;"2023-02-28";"electricity";567.53;65.6;78.5
8542;8;"2023-10-13";"gas";279.11;31.36;45.1
8543;10;"2023-01-29";"wind";65.0;2.45;2.8
8544;9;"2022-05-11";"wind";163.28;5.35;4.23
8545;8;"2024-04-01";"gas";883.85;66.52;107.75
8546;5;"2024-02-24";"electricity";1058.74;108.78;146.31
8547;3;"2021-11-30";"coal";1856.88;235.5;301.16
8548;3;"2022-05-25";"coal";1762.83;150.35;369.09
8549;2;"2023-08-23";"gas";733.49;79.47;124.43
8550;4;"2024-05-17";"electricity";1929.62;270.43;907.83
8551;1;"2022-10-05";"electricity";340.21;47.39;132.28
8552;5;"2022-10-02";"electricity";1046.53;75.17;394.95
8553;2;"2022-04-03";"gas";135.33;16.4;63.74
8554;3;"2022-08-18";"coal";1285.21;190.95;560.3
8555;4;"2023-06-14";"electricity";977.55;106.38;162.54
8556;7;"2021-09-09";"electricity";1813.18;216.9;309.65
8557;6;"2023-03-05";"coal";384.3;51.88;77.77
8558;9;"2023-08-03";"wind";453.35;10.8;22.17
8559;8;"2022-03-03";"gas";1571.87;120.65;750.48
8560;7;"2022-06-06";"electricity";459.73;45.66;121.86
8561;6;"2021-08-03";"coal";1924.09;135.38;737.92
8562;10;"2023-10-08";"wind";172.83;7.63;7.61
8563;10;"2022-03-30";"wind";285.5;14.17;3.62
8564;7;"2022-11-27";"electricity";1589.4;230.47;183.05
8565;8;"2023-04-04";"gas";984.03;142.11;232.43
8566;2;"2023-03-02";"gas";1449.76;168.24;544.12
8567;1;"2023-11-29";"electricity";724.43;63.9;80.61
8568;2;"2024-02-19";"gas";505.99;51.38;149.29
8569;3;"2021-06-09";"coal";1253.09;95.1;474.18
8570;6;"2021-10-25";"coal";1613.74;238.72;489.35
8571;2;"2023-06-22";"gas";1611.83;208.4;541.46
8572;7;"2022-09-02";"electricity";1463.65;198.71;639.06
8573;7;"2022-02-19";"electricity";1418.4;180.54;225.5
8574;10;"2021-12-25";"wind";347.94;13.79;11.35
8575;2;"2022-10-01";"gas";168.05;9.79;37.03
8576;8;"2023-05-15";"gas";1059.03;127.57;429.26
8577;4;"2023-08-08";"electricity";1972.06;110.62;708.42
8578;9;"2023-07-07";"wind";464.76;11.75;5.14
8579;9;"2022-03-31";"wind";462.08;19.36;14.24
8580;7;"2023-12-13";"electricity";1032.52;110.53;510.5
8581;7;"2023-11-17";"electricity";120.5;13.28;47.84
8582;1;"2024-05-09";"electricity";1314.68;177.47;538.43
8583;5;"2022-11-25";"electricity";929.28;80.69;117.67
8584;1;"2023-05-30";"electricity";1937.66;134.19;558.48
8585;1;"2021-07-22";"electricity";1816.82;158.53;569.9
8586;6;"2024-03-16";"coal";849.86;93.85;216.48
8587;10;"2021-10-21";"wind";226.88;5.23;5.27
8588;9;"2024-03-08";"wind";120.02;2.82;4.17
8589;9;"2023-12-06";"wind";486.11;13.36;23.62
8590;4;"2021-11-06";"electricity";1686.61;167.34;310.27
8591;9;"2021-07-20";"wind";296.05;6.61;13.83
8592;10;"2023-06-12";"wind";210.56;8.75;4.72
8593;10;"2022-04-30";"wind";372.44;11.59;13.4
8594;4;"2022-12-16";"electricity";1856.21;236.57;492.74
8595;10;"2022-10-29";"wind";268.67;9.07;7.26
8596;10;"2021-08-12";"wind";58.96;2.48;1.05
8597;10;"2022-07-24";"wind";327.88;7.55;16.13
8598;5;"2023-10-24";"electricity";1460.99;184.92;613.12
8599;1;"2023-04-12";"electricity";1437.01;199.8;266.02
8600;1;"2022-03-11";"electricity";1242.6;184.49;229.94
8601;1;"2022-05-09";"electricity";1736.45;187.03;491.5
8602;7;"2023-09-08";"electricity";1389.39;146.46;546.6
8603;10;"2024-01-30";"wind";435.28;11.23;11.3
8604;1;"2023-08-02";"electricity";1429.52;125.88;471.64
8605;6;"2021-12-22";"coal";543.15;40.52;151.4
8606;10;"2022-11-16";"wind";374.12;13.22;9.99
8607;1;"2022-10-15";"electricity";959.34;140.35;394.94
8608;4;"2021-11-15";"electricity";507.24;28.52;124.84
8609;1;"2023-12-24";"electricity";342.01;31.97;72.35
8610;7;"2022-05-13";"electricity";120.52;17.16;52.83
8611;6;"2024-04-26";"coal";122.26;9.68;38.96
8612;10;"2024-02-05";"wind";307.7;6.6;7.04
8613;2;"2023-01-07";"gas";1777.82;103.74;577.3
8614;7;"2024-05-05";"electricity";1310.37;97.45;272.94
8615;4;"2022-02-02";"electricity";665.84;67.56;266.32
8616;2;"2023-08-03";"gas";1842.17;264.4;196.66
8617;2;"2024-04-05";"gas";897.96;95.77;212.0
8618;5;"2022-10-18";"electricity";1763.17;158.95;654.91
8619;5;"2023-11-10";"electricity";1021.09;80.27;221.41
8620;7;"2023-04-05";"electricity";1240.9;126.46;450.41
8621;3;"2022-03-25";"coal";714.33;49.71;345.95
8622;8;"2023-11-29";"gas";943.38;108.92;262.76
8623;8;"2022-04-25";"gas";1761.5;191.93;314.22
8624;9;"2023-09-10";"wind";147.54;5.81;3.86
8625;1;"2022-12-26";"electricity";264.93;31.27;33.94
8626;3;"2022-02-04";"coal";764.12;77.43;208.06
8627;10;"2023-06-13";"wind";18.0;0.41;0.52
8628;4;"2023-03-18";"electricity";1041.83;121.55;174.89
8629;10;"2023-06-24";"wind";259.19;8.72;8.73
8630;3;"2023-04-14";"coal";1681.23;176.19;446.69
8631;6;"2023-02-11";"coal";166.93;13.51;41.58
8632;7;"2023-08-18";"electricity";874.89;51.82;164.29
8633;5;"2023-09-19";"electricity";751.78;40.06;216.04
8634;4;"2023-07-27";"electricity";1609.53;219.47;325.47
8635;1;"2024-03-24";"electricity";547.53;37.77;54.96
8636;5;"2022-12-18";"electricity";986.59;52.9;350.37
8637;3;"2022-11-15";"coal";386.74;26.65;176.57
8638;1;"2022-06-15";"electricity";353.2;23.09;125.85
8639;4;"2022-12-27";"electricity";997.45;111.08;121.21
8640;4;"2023-05-21";"electricity";1022.74;138.96;124.6
8641;7;"2023-11-06";"electricity";372.49;45.97;130.86
8642;1;"2022-06-29";"electricity";1899.77;101.36;412.05
8643;3;"2022-01-23";"coal";107.63;8.03;42.75
8644;6;"2021-08-09";"coal";1529.05;124.11;728.49
8645;8;"2024-02-21";"gas";1255.73;108.71;296.45
8646;6;"2023-06-22";"coal";888.58;81.59;377.32
8647;7;"2024-03-04";"electricity";927.84;96.58;290.09
8648;2;"2022-06-10";"gas";1895.05;233.38;927.64
8649;1;"2021-09-02";"electricity";1608.5;152.99;254.44
8650;5;"2023-06-15";"electricity";359.25;25.85;116.54
8651;9;"2023-02-14";"wind";83.71;3.44;3.51
8652;10;"2024-05-02";"wind";437.97;11.81;4.86
8653;3;"2022-11-28";"coal";1121.65;72.9;132.34
8654;4;"2023-11-21";"electricity";1571.55;106.56;165.54
8655;6;"2021-09-29";"coal";1514.62;128.46;163.27
8656;4;"2021-09-04";"electricity";573.06;32.85;166.31
8657;7;"2023-01-04";"electricity";1505.3;81.41;619.27
8658;5;"2022-04-11";"electricity";1669.19;190.52;721.73
8659;2;"2022-01-09";"gas";1980.87;235.88;345.71
8660;4;"2023-04-16";"electricity";365.17;34.18;155.68
8661;7;"2023-02-12";"electricity";1267.46;116.25;489.32
8662;8;"2022-05-26";"gas";1311.14;110.5;401.57
8663;6;"2023-03-25";"coal";580.77;49.78;114.51
8664;4;"2023-05-18";"electricity";751.99;73.27;207.07
8665;7;"2023-02-11";"electricity";1079.9;115.69;326.62
8666;3;"2023-03-31";"coal";538.38;33.43;68.91
8667;2;"2021-06-09";"gas";1888.44;136.57;775.99
8668;8;"2023-12-13";"gas";1399.97;121.03;232.7
8669;1;"2023-09-01";"electricity";168.06;17.05;51.94
8670;5;"2021-07-10";"electricity";1793.08;244.5;627.64
8671;8;"2022-07-12";"gas";704.29;61.53;205.44
8672;6;"2023-02-28";"coal";589.36;85.19;212.43
8673;9;"2023-07-17";"wind";269.04;7.83;3.37
8674;9;"2024-05-04";"wind";25.94;0.54;0.67
8675;2;"2021-12-19";"gas";1078.71;90.03;336.03
8676;1;"2023-10-16";"electricity";1607.66;171.63;358.41
8677;8;"2021-12-17";"gas";799.07;64.72;381.64
8678;1;"2022-02-14";"electricity";1842.86;257.33;438.03
8679;1;"2023-09-23";"electricity";1349.56;122.6;464.06
8680;2;"2022-01-11";"gas";1981.0;176.78;767.99
8681;5;"2023-07-29";"electricity";436.46;42.58;50.65
8682;6;"2022-04-02";"coal";1698.87;223.81;571.9
8683;8;"2021-10-21";"gas";267.67;24.36;81.59
8684;8;"2023-01-13";"gas";1654.71;123.22;736.31
8685;1;"2023-06-21";"electricity";1225.17;93.87;421.19
8686;3;"2024-05-14";"coal";849.7;80.46;188.08
8687;2;"2022-10-22";"gas";1079.68;60.43;494.26
8688;1;"2023-04-03";"electricity";955.39;65.42;167.16
8689;2;"2023-09-11";"gas";1216.08;177.14;548.88
8690;4;"2022-11-25";"electricity";1619.13;140.73;807.31
8691;6;"2024-03-14";"coal";1069.15;85.01;485.84
8692;8;"2021-07-07";"gas";213.38;22.73;48.13
8693;3;"2023-02-14";"coal";1086.43;140.31;165.23
8694;6;"2022-07-20";"coal";965.92;122.35;395.64
8695;3;"2023-10-24";"coal";1272.08;117.29;515.89
8696;2;"2024-02-03";"gas";502.16;59.86;221.62
8697;5;"2023-11-06";"electricity";1077.3;155.7;288.29
8698;10;"2022-12-17";"wind";77.54;3.17;1.34
8699;2;"2023-05-22";"gas";113.28;9.85;19.1
8700;9;"2021-11-29";"wind";241.99;8.1;3.67
8701;5;"2023-02-02";"electricity";519.53;33.49;253.56
8702;7;"2021-10-02";"electricity";1793.01;205.77;709.95
8703;3;"2023-06-28";"coal";458.25;63.76;131.06
8704;1;"2022-07-20";"electricity";432.48;43.75;79.56
8705;1;"2023-05-22";"electricity";1523.14;89.5;489.97
8706;6;"2022-10-05";"coal";690.1;56.05;123.19
8707;2;"2021-09-24";"gas";294.88;16.95;137.49
8708;6;"2024-01-01";"coal";1520.08;89.0;222.07
8709;8;"2022-06-03";"gas";1355.25;139.9;648.01
8710;4;"2023-02-06";"electricity";1601.44;155.08;710.38
8711;9;"2024-04-20";"wind";426.6;17.77;19.63
8712;8;"2021-11-22";"gas";375.05;46.6;107.97
8713;9;"2024-03-18";"wind";153.69;4.08;1.82
8714;5;"2023-03-26";"electricity";1984.07;223.44;777.91
8715;5;"2023-10-19";"electricity";605.56;53.43;248.88
8716;1;"2024-01-07";"electricity";844.26;72.4;91.57
8717;7;"2022-01-01";"electricity";210.03;21.79;36.94
8718;1;"2023-06-13";"electricity";1006.16;89.89;201.21
8719;3;"2021-10-10";"coal";1634.18;218.49;782.25
8720;10;"2023-01-18";"wind";462.02;18.21;20.64
8721;9;"2024-04-13";"wind";311.3;7.55;6.25
8722;3;"2021-10-10";"coal";1877.41;182.41;831.12
8723;4;"2023-08-13";"electricity";325.19;26.78;135.36
8724;2;"2022-06-22";"gas";1997.5;160.26;673.44
8725;1;"2022-08-29";"electricity";1199.44;148.16;362.01
8726;6;"2022-02-06";"coal";1095.2;160.89;131.83
8727;1;"2021-09-27";"electricity";460.13;64.78;81.24
8728;2;"2023-06-27";"gas";1238.35;86.06;209.11
8729;8;"2022-01-12";"gas";146.56;11.46;40.27
8730;10;"2022-12-27";"wind";24.51;0.56;0.25
8731;8;"2023-03-13";"gas";507.44;59.52;218.86
8732;5;"2021-11-09";"electricity";203.42;29.32;95.99
8733;3;"2023-03-15";"coal";1825.1;251.93;430.71
8734;5;"2021-12-11";"electricity";1464.41;94.02;703.24
8735;6;"2023-10-23";"coal";1871.23;217.02;336.77
8736;1;"2022-03-18";"electricity";312.41;18.72;72.04
8737;3;"2021-06-19";"coal";869.37;45.34;114.61
8738;4;"2022-09-11";"electricity";464.37;52.37;115.19
8739;7;"2021-12-25";"electricity";999.28;70.09;311.08
8740;10;"2023-10-18";"wind";350.53;16.95;14.11
8741;7;"2022-07-26";"electricity";1890.07;280.23;412.16
8742;8;"2024-05-08";"gas";653.67;91.98;186.61
8743;10;"2023-08-17";"wind";447.69;10.76;10.06
8744;8;"2023-05-07";"gas";983.52;102.73;469.45
8745;2;"2023-05-03";"gas";1560.45;134.94;364.12
8746;8;"2024-03-30";"gas";1566.55;162.71;773.99
8747;4;"2023-03-30";"electricity";205.69;29.6;48.88
8748;8;"2024-03-27";"gas";1423.69;180.6;438.97
8749;3;"2023-12-26";"coal";1235.05;174.62;185.5
8750;10;"2023-05-17";"wind";364.14;13.71;14.62
8751;9;"2021-09-23";"wind";469.63;21.41;18.89
8752;7;"2023-01-19";"electricity";1912.82;227.1;576.2
8753;3;"2021-08-31";"coal";550.9;72.37;251.82
8754;9;"2023-02-09";"wind";480.84;18.86;12.49
8755;3;"2024-03-20";"coal";136.09;17.29;13.77
8756;4;"2022-01-29";"electricity";1066.21;103.72;426.41
8757;1;"2022-02-26";"electricity";1093.88;152.7;459.27
8758;7;"2022-11-12";"electricity";230.82;27.97;47.94
8759;2;"2023-04-01";"gas";1895.71;155.63;528.05
8760;5;"2022-11-20";"electricity";1822.92;270.18;854.56
8761;1;"2022-03-29";"electricity";1151.8;112.37;493.44
8762;3;"2021-08-20";"coal";733.8;69.48;230.01
8763;6;"2024-01-19";"coal";1621.56;212.69;710.84
8764;5;"2023-05-03";"electricity";286.21;27.98;120.51
8765;5;"2023-08-23";"electricity";1896.17;267.38;220.03
8766;7;"2022-12-02";"electricity";619.85;40.66;278.86
8767;3;"2022-03-17";"coal";785.38;108.17;281.2
8768;8;"2023-03-13";"gas";837.33;123.79;196.49
8769;2;"2023-05-19";"gas";708.16;104.92;271.65
8770;3;"2023-07-04";"coal";354.9;28.72;158.66
8771;7;"2021-11-19";"electricity";537.11;42.35;68.59
8772;10;"2024-02-02";"wind";87.39;3.27;3.85
8773;5;"2024-01-26";"electricity";1287.69;158.33;135.26
8774;7;"2023-10-09";"electricity";829.79;92.5;118.8
8775;7;"2023-01-10";"electricity";172.71;16.51;75.08
8776;8;"2023-08-18";"gas";376.68;49.86;102.25
8777;10;"2022-10-15";"wind";187.74;4.75;6.96
8778;6;"2021-07-24";"coal";556.94;67.84;62.08
8779;9;"2022-04-06";"wind";438.81;16.13;4.63
8780;4;"2022-04-22";"electricity";203.4;26.97;42.66
8781;8;"2021-10-22";"gas";1400.65;188.92;245.15
8782;9;"2021-07-22";"wind";446.37;21.0;15.75
8783;9;"2024-04-29";"wind";95.25;3.38;3.06
8784;2;"2022-11-28";"gas";1975.66;246.34;486.85
8785;10;"2022-11-21";"wind";262.62;6.18;10.98
8786;8;"2023-08-25";"gas";1417.57;74.37;621.1
8787;6;"2021-12-05";"coal";278.87;16.86;63.11
8788;8;"2021-07-05";"gas";449.4;60.42;114.29
8789;2;"2023-04-14";"gas";903.81;100.21;300.31
8790;3;"2023-09-14";"coal";993.78;80.13;468.98
8791;9;"2023-01-24";"wind";442.63;15.9;17.56
8792;3;"2022-01-10";"coal";1319.38;77.49;254.49
8793;7;"2023-04-09";"electricity";1029.72;112.82;320.99
8794;10;"2021-10-24";"wind";280.85;5.78;13.69
8795;7;"2022-07-24";"electricity";943.59;101.05;388.23
8796;6;"2024-05-02";"coal";205.85;12.06;59.77
8797;2;"2023-09-14";"gas";658.43;88.67;137.35
8798;2;"2024-05-18";"gas";855.91;86.91;255.61
8799;2;"2024-05-06";"gas";1074.36;144.87;355.44
8800;7;"2023-01-27";"electricity";389.67;28.79;124.89
8801;6;"2023-11-13";"coal";1555.27;173.14;276.84
8802;6;"2022-02-11";"coal";999.7;135.07;277.03
8803;6;"2023-07-11";"coal";464.39;65.94;227.14
8804;3;"2021-09-18";"coal";112.57;5.78;17.32
8805;7;"2022-06-24";"electricity";1097.72;141.78;425.72
8806;5;"2023-09-21";"electricity";595.02;38.77;84.28
8807;2;"2021-10-27";"gas";386.46;34.31;161.48
8808;5;"2023-09-19";"electricity";1813.88;246.74;365.21
8809;10;"2022-04-24";"wind";268.95;8.15;12.75
8810;6;"2021-08-14";"coal";365.82;32.57;129.06
8811;10;"2023-04-11";"wind";120.62;3.6;5.77
8812;6;"2024-03-12";"coal";1505.26;210.9;214.64
8813;10;"2023-05-20";"wind";38.21;1.78;1.45
8814;8;"2023-08-05";"gas";1220.35;133.38;605.53
8815;10;"2023-04-23";"wind";304.1;14.61;10.8
8816;10;"2023-10-08";"wind";384.42;14.17;7.75
8817;6;"2023-03-30";"coal";1668.49;100.53;189.9
8818;1;"2024-03-15";"electricity";549.23;44.62;213.7
8819;9;"2023-05-05";"wind";286.35;13.83;5.11
8820;9;"2021-10-06";"wind";343.68;11.07;10.18
8821;3;"2021-09-28";"coal";1533.64;97.67;224.8
8822;5;"2021-12-18";"electricity";1594.97;137.14;493.94
8823;8;"2021-05-30";"gas";1534.07;119.13;351.46
8824;5;"2022-10-16";"electricity";566.26;40.48;135.68
8825;3;"2023-12-07";"coal";1339.93;155.85;285.68
8826;4;"2023-12-29";"electricity";611.81;72.69;100.96
8827;2;"2021-07-24";"gas";1225.87;147.83;377.46
8828;5;"2024-04-04";"electricity";1342.62;161.93;305.81
8829;2;"2021-10-22";"gas";1940.94;166.87;680.26
8830;4;"2023-06-23";"electricity";287.75;21.48;32.85
8831;2;"2024-02-14";"gas";1410.81;184.95;238.63
8832;4;"2022-06-29";"electricity";1103.65;147.58;318.37
8833;9;"2022-01-31";"wind";205.85;7.0;8.08
8834;2;"2022-09-16";"gas";1242.47;126.8;259.62
8835;1;"2022-07-24";"electricity";555.74;66.05;209.42
8836;7;"2022-06-03";"electricity";1482.0;88.77;402.75
8837;2;"2023-05-03";"gas";1896.55;204.11;694.75
8838;9;"2021-12-24";"wind";132.96;4.48;2.58
8839;10;"2024-03-11";"wind";215.23;9.2;7.41
8840;8;"2021-09-25";"gas";1922.5;261.54;607.78
8841;5;"2024-05-15";"electricity";1838.22;147.75;612.16
8842;4;"2021-09-09";"electricity";1538.21;163.34;226.55
8843;4;"2023-09-20";"electricity";1652.73;96.59;370.94
8844;5;"2022-07-21";"electricity";991.32;87.91;156.67
8845;3;"2024-03-09";"coal";223.47;17.96;76.6
8846;4;"2023-12-22";"electricity";1726.13;206.99;494.56
8847;7;"2023-12-13";"electricity";1974.2;268.0;812.88
8848;5;"2021-07-20";"electricity";553.0;37.69;137.76
8849;1;"2022-07-28";"electricity";1400.76;103.38;392.92
8850;9;"2021-08-06";"wind";471.27;15.31;19.7
8851;10;"2022-06-21";"wind";70.82;1.97;1.69
8852;4;"2022-03-18";"electricity";1639.1;82.07;200.12
8853;1;"2022-04-08";"electricity";993.37;120.36;184.81
8854;3;"2024-01-25";"coal";1418.57;121.77;427.97
8855;5;"2023-12-28";"electricity";627.0;34.56;146.77
8856;6;"2022-07-05";"coal";842.62;44.95;333.12
8857;8;"2023-06-09";"gas";1848.82;118.24;883.59
8858;6;"2024-03-11";"coal";1578.25;214.64;557.29
8859;5;"2023-03-23";"electricity";1327.97;144.6;161.17
8860;1;"2022-02-18";"electricity";1802.86;227.64;787.51
8861;4;"2021-11-01";"electricity";1610.8;146.5;182.05
8862;3;"2023-05-15";"coal";1058.4;151.35;154.39
8863;5;"2022-11-07";"electricity";789.66;41.16;301.45
8864;3;"2022-08-17";"coal";1933.45;185.37;508.96
8865;1;"2022-06-17";"electricity";1044.37;155.46;263.58
8866;8;"2022-11-07";"gas";1907.65;160.17;649.93
8867;8;"2022-06-09";"gas";920.69;96.05;259.12
8868;8;"2024-03-14";"gas";1894.59;239.77;598.52
8869;5;"2023-04-13";"electricity";1466.66;204.28;425.57
8870;4;"2022-04-21";"electricity";468.37;67.46;74.42
8871;4;"2023-06-12";"electricity";1245.58;183.96;355.08
8872;3;"2022-05-23";"coal";1399.79;188.4;157.46
8873;3;"2024-03-18";"coal";166.99;23.77;69.72
8874;9;"2022-02-05";"wind";120.47;4.72;4.41
8875;9;"2023-04-16";"wind";63.92;1.37;1.17
8876;5;"2024-03-08";"electricity";189.1;10.54;66.77
8877;1;"2023-07-17";"electricity";1665.12;114.42;371.96
8878;9;"2021-09-21";"wind";322.15;6.46;3.98
8879;1;"2022-06-11";"electricity";712.37;103.66;101.28
8880;8;"2021-12-06";"gas";173.2;22.54;58.1
8881;1;"2022-08-14";"electricity";1402.41;198.42;266.55
8882;7;"2023-09-30";"electricity";1764.3;182.91;598.33
8883;10;"2023-08-12";"wind";387.99;15.95;9.05
8884;3;"2022-04-12";"coal";990.21;108.96;199.78
8885;4;"2023-10-29";"electricity";1977.61;252.4;266.96
8886;3;"2022-01-28";"coal";1564.85;176.64;601.04
8887;6;"2023-08-28";"coal";1741.39;210.61;861.08
8888;5;"2022-06-17";"electricity";480.88;24.05;67.69
8889;1;"2023-05-28";"electricity";412.23;57.06;151.25
8890;2;"2022-10-13";"gas";1811.7;257.53;639.94
8891;2;"2023-02-06";"gas";1857.64;173.68;728.54
8892;5;"2022-02-16";"electricity";600.32;84.32;64.29
8893;8;"2024-03-15";"gas";1156.42;132.66;568.52
8894;9;"2022-04-17";"wind";193.46;7.53;6.32
8895;4;"2024-02-19";"electricity";286.13;15.98;40.64
8896;2;"2023-03-19";"gas";225.47;26.24;85.27
8897;1;"2022-10-12";"electricity";1847.5;180.92;830.83
8898;8;"2021-10-30";"gas";439.01;23.37;58.18
8899;10;"2022-12-24";"wind";303.44;11.5;14.7
8900;7;"2022-04-08";"electricity";246.24;16.46;106.43
8901;4;"2023-05-29";"electricity";691.58;66.13;124.56
8902;8;"2022-07-08";"gas";178.29;18.38;49.68
8903;3;"2023-11-20";"coal";1290.41;164.75;437.44
8904;8;"2024-04-07";"gas";543.32;59.97;205.3
8905;8;"2021-07-20";"gas";1859.1;207.64;587.77
8906;1;"2021-12-04";"electricity";1081.72;146.32;494.74
8907;8;"2022-04-24";"gas";815.65;73.54;353.47
8908;4;"2023-07-19";"electricity";1261.64;73.62;240.41
8909;7;"2022-08-20";"electricity";1290.26;108.15;492.97
8910;10;"2022-08-31";"wind";381.33;14.37;4.85
8911;2;"2023-11-02";"gas";472.12;48.71;174.67
8912;7;"2021-09-01";"electricity";1229.5;157.31;584.75
8913;1;"2022-03-18";"electricity";352.63;47.15;169.79
8914;8;"2021-08-17";"gas";1497.82;138.13;678.23
8915;2;"2023-04-14";"gas";1757.52;228.57;534.05
8916;9;"2024-01-29";"wind";251.47;9.75;6.83
8917;5;"2022-10-07";"electricity";1093.47;80.16;134.11
8918;10;"2024-01-08";"wind";358.82;14.77;13.56
8919;5;"2022-11-13";"electricity";970.93;136.6;474.41
8920;1;"2022-11-21";"electricity";181.9;26.12;54.39
8921;5;"2022-04-03";"electricity";1992.41;147.47;684.37
8922;3;"2022-05-14";"coal";913.41;65.96;296.98
8923;9;"2024-02-05";"wind";442.62;11.07;19.67
8924;8;"2024-05-28";"gas";1568.79;82.08;491.1
8925;3;"2023-10-22";"coal";1425.17;126.59;195.87
8926;5;"2022-03-25";"electricity";1604.05;121.58;216.51
8927;1;"2023-03-04";"electricity";1484.77;106.91;178.14
8928;7;"2023-11-05";"electricity";1748.53;244.74;232.18
8929;4;"2022-05-08";"electricity";363.04;37.09;41.52
8930;9;"2022-05-28";"wind";366.79;15.76;7.24
8931;9;"2022-02-05";"wind";327.66;11.99;15.08
8932;8;"2021-09-11";"gas";1848.9;237.13;710.79
8933;7;"2024-03-13";"electricity";806.87;78.75;200.35
8934;3;"2022-03-24";"coal";1003.78;133.5;110.61
8935;1;"2022-03-15";"electricity";1719.07;219.89;363.67
8936;3;"2022-09-13";"coal";1376.67;133.52;439.86
8937;2;"2021-10-30";"gas";531.04;67.9;226.41
8938;7;"2021-12-25";"electricity";904.08;78.56;182.34
8939;3;"2023-03-31";"coal";216.58;12.61;51.62
8940;7;"2023-05-18";"electricity";1963.93;232.45;591.6
8941;5;"2023-11-07";"electricity";1017.02;82.76;401.68
8942;5;"2024-01-24";"electricity";1671.98;157.51;637.04
8943;7;"2023-05-27";"electricity";1857.7;110.32;333.16
8944;1;"2022-03-26";"electricity";1492.23;122.17;469.22
8945;9;"2022-05-15";"wind";111.02;4.79;3.62
8946;5;"2022-01-17";"electricity";1899.7;214.85;391.61
8947;3;"2023-10-29";"coal";1815.41;100.47;516.12
8948;7;"2022-03-11";"electricity";1587.92;217.65;540.1
8949;6;"2022-06-19";"coal";1211.44;140.01;148.76
8950;7;"2022-03-04";"electricity";365.28;44.76;120.85
8951;4;"2023-02-07";"electricity";1176.72;102.16;242.28
8952;10;"2023-04-08";"wind";399.15;12.46;13.56
8953;3;"2023-10-04";"coal";1391.43;138.56;623.19
8954;7;"2023-03-24";"electricity";1054.6;86.92;246.89
8955;3;"2022-07-20";"coal";1601.3;163.05;423.56
8956;3;"2021-12-29";"coal";539.01;34.99;192.3
8957;1;"2022-06-22";"electricity";638.94;66.82;255.92
8958;1;"2023-06-10";"electricity";704.28;43.38;259.25
8959;10;"2021-09-08";"wind";275.35;6.43;7.02
8960;4;"2023-06-30";"electricity";1175.51;64.97;309.04
8961;10;"2021-07-14";"wind";166.58;6.91;2.19
8962;9;"2022-12-06";"wind";150.97;6.05;3.13
8963;8;"2022-03-09";"gas";1745.31;87.94;723.13
8964;3;"2023-05-04";"coal";109.75;11.98;13.57
8965;3;"2023-11-30";"coal";545.62;57.8;252.92
8966;4;"2023-01-09";"electricity";615.15;87.99;190.2
8967;6;"2021-10-27";"coal";1408.78;105.32;233.15
8968;5;"2022-04-16";"electricity";274.09;36.72;130.71
8969;9;"2022-07-22";"wind";310.35;13.92;3.91
8970;8;"2023-08-27";"gas";1217.25;82.02;464.05
8971;3;"2022-09-22";"coal";1728.22;104.75;854.14
8972;7;"2023-07-20";"electricity";1517.65;87.91;622.01
8973;6;"2022-02-26";"coal";969.08;128.2;421.59
8974;2;"2021-10-12";"gas";1149.87;77.66;492.61
8975;9;"2023-04-21";"wind";355.58;12.92;17.56
8976;2;"2021-11-09";"gas";790.87;95.47;219.92
8977;4;"2022-08-15";"electricity";1666.59;119.05;315.76
8978;4;"2023-02-22";"electricity";1744.79;163.61;251.79
8979;5;"2023-04-01";"electricity";1981.18;280.03;627.55
8980;1;"2023-02-18";"electricity";746.7;109.65;209.52
8981;7;"2022-08-29";"electricity";1781.45;155.35;864.99
8982;6;"2023-10-25";"coal";1949.85;205.13;417.45
8983;10;"2023-09-01";"wind";210.31;4.3;8.45
8984;4;"2022-10-18";"electricity";319.45;31.77;94.07
8985;5;"2021-06-02";"electricity";1258.78;146.8;434.39
8986;3;"2022-11-02";"coal";1579.2;202.31;181.28
8987;1;"2024-02-02";"electricity";686.77;86.62;218.5
8988;4;"2022-05-30";"electricity";111.31;6.15;23.96
8989;8;"2024-04-26";"gas";1362.86;193.7;468.73
8990;5;"2022-04-20";"electricity";616.76;43.57;255.87
8991;4;"2023-01-20";"electricity";645.42;69.37;293.65
8992;5;"2022-02-13";"electricity";743.22;89.72;252.54
8993;6;"2023-06-21";"coal";1993.68;244.04;367.96
8994;3;"2024-02-25";"coal";1207.63;111.86;221.92
8995;2;"2022-05-06";"gas";859.01;83.87;273.96
8996;10;"2021-06-07";"wind";238.84;6.76;11.28
8997;3;"2021-11-21";"coal";1760.51;123.89;357.06
8998;3;"2021-06-25";"coal";953.73;96.47;383.97
8999;3;"2022-08-09";"coal";623.7;82.82;100.69
9000;8;"2022-10-06";"gas";1182.94;98.27;137.51
9001;10;"2021-12-16";"wind";273.39;10.41;3.71
9002;6;"2024-04-04";"coal";166.16;21.6;33.37
9003;2;"2023-11-01";"gas";1327.24;130.6;301.54
9004;4;"2022-04-11";"electricity";1386.4;133.94;605.02
9005;8;"2023-07-30";"gas";406.14;26.07;193.76
9006;6;"2022-02-20";"coal";243.58;20.95;26.68
9007;9;"2022-06-25";"wind";482.66;13.89;18.08
9008;2;"2024-02-23";"gas";1275.41;162.72;424.64
9009;5;"2024-03-16";"electricity";1006.56;106.07;474.69
9010;10;"2022-04-05";"wind";267.3;12.95;12.05
9011;9;"2021-06-18";"wind";84.35;2.37;1.14
9012;10;"2021-12-20";"wind";93.29;2.0;3.36
9013;6;"2022-03-18";"coal";462.57;59.14;191.77
9014;6;"2022-11-25";"coal";150.95;16.28;59.23
9015;6;"2023-03-28";"coal";1411.24;100.28;610.83
9016;10;"2022-11-15";"wind";266.19;5.49;2.82
9017;7;"2023-08-13";"electricity";1829.27;201.43;273.29
9018;7;"2022-06-02";"electricity";1488.43;156.8;308.87
9019;1;"2022-09-20";"electricity";1526.97;204.97;538.96
9020;5;"2021-07-19";"electricity";234.49;34.42;32.95
9021;3;"2024-04-13";"coal";762.34;106.76;252.71
9022;9;"2024-03-26";"wind";13.89;0.63;0.32
9023;8;"2022-05-18";"gas";735.81;86.7;240.14
9024;9;"2022-10-23";"wind";120.01;5.7;1.86
9025;6;"2022-02-15";"coal";1301.98;133.76;173.76
9026;8;"2024-04-14";"gas";367.53;31.34;56.8
9027;10;"2023-05-31";"wind";194.07;9.66;8.9
9028;5;"2023-04-12";"electricity";1511.52;218.21;511.43
9029;8;"2024-02-16";"gas";1592.57;194.83;585.41
9030;7;"2024-01-30";"electricity";474.47;38.15;154.06
9031;2;"2021-06-13";"gas";1316.99;175.03;563.96
9032;4;"2022-10-15";"electricity";1387.89;141.69;547.09
9033;9;"2023-06-18";"wind";481.64;23.88;13.99
9034;6;"2023-04-20";"coal";337.28;44.09;86.96
9035;2;"2021-06-19";"gas";1465.17;167.8;239.48
9036;7;"2023-08-26";"electricity";393.5;47.52;107.46
9037;8;"2021-10-03";"gas";766.29;74.23;105.75
9038;5;"2024-03-05";"electricity";166.79;12.3;63.49
9039;2;"2021-12-09";"gas";825.21;79.95;403.21
9040;1;"2022-05-19";"electricity";251.5;30.8;87.54
9041;1;"2023-04-22";"electricity";1478.93;216.77;443.23
9042;3;"2022-05-09";"coal";1093.83;122.51;203.94
9043;10;"2023-09-28";"wind";31.88;0.85;0.42
9044;7;"2021-09-03";"electricity";1119.73;74.75;494.67
9045;9;"2024-03-25";"wind";169.75;5.59;3.72
9046;3;"2021-12-02";"coal";1463.68;101.69;603.25
9047;3;"2023-08-06";"coal";1774.99;111.14;784.87
9048;5;"2023-04-29";"electricity";1092.16;136.71;123.78
9049;6;"2023-08-13";"coal";1057.26;97.87;216.63
9050;8;"2023-06-29";"gas";451.5;62.31;70.09
9051;7;"2024-05-12";"electricity";1346.17;101.14;441.78
9052;9;"2022-04-05";"wind";302.36;11.23;10.19
9053;10;"2021-12-14";"wind";59.75;2.48;0.72
9054;6;"2021-06-01";"coal";1397.57;79.72;357.16
9055;10;"2022-11-01";"wind";492.56;23.18;8.26
9056;8;"2024-02-02";"gas";1149.03;104.68;258.8
9057;6;"2023-04-15";"coal";641.82;36.76;258.0
9058;7;"2023-02-24";"electricity";730.13;76.62;345.95
9059;6;"2022-11-10";"coal";811.66;41.15;315.88
9060;8;"2022-02-25";"gas";440.71;22.4;197.38
9061;2;"2023-01-31";"gas";936.72;115.21;399.85
9062;9;"2023-04-10";"wind";282.45;12.24;13.61
9063;1;"2023-09-19";"electricity";1189.3;62.07;243.21
9064;7;"2023-12-02";"electricity";1902.98;172.67;577.19
9065;1;"2023-01-09";"electricity";716.09;46.89;213.6
9066;9;"2021-07-14";"wind";324.45;9.67;4.3
9067;8;"2023-10-06";"gas";1986.11;168.23;872.9
9068;6;"2023-12-17";"coal";715.76;99.49;275.87
9069;3;"2023-06-25";"coal";1075.65;97.34;236.72
9070;3;"2021-12-28";"coal";526.69;77.03;138.57
9071;4;"2023-02-04";"electricity";1405.61;140.32;276.89
9072;4;"2021-08-24";"electricity";1256.5;168.82;191.49
9073;7;"2022-07-19";"electricity";928.42;88.67;222.97
9074;4;"2022-07-27";"electricity";1157.35;137.83;440.43
9075;4;"2023-09-23";"electricity";936.57;118.8;220.54
9076;8;"2024-02-23";"gas";1729.7;160.28;785.3
9077;6;"2022-07-10";"coal";1172.39;105.41;301.6
9078;1;"2022-02-18";"electricity";1735.21;260.09;696.86
9079;8;"2022-05-04";"gas";191.85;11.76;41.36
9080;5;"2022-08-06";"electricity";1015.91;76.2;418.76
9081;1;"2024-05-26";"electricity";974.73;63.58;239.61
9082;4;"2023-01-25";"electricity";1329.14;189.6;247.87
9083;1;"2021-09-24";"electricity";450.81;36.45;95.1
9084;2;"2023-06-17";"gas";894.35;88.18;162.68
9085;2;"2021-07-16";"gas";590.14;44.58;250.84
9086;2;"2024-02-25";"gas";1653.13;96.46;342.22
9087;7;"2023-04-20";"electricity";1435.96;129.4;594.78
9088;8;"2024-03-24";"gas";1613.53;199.26;490.44
9089;4;"2022-09-20";"electricity";221.54;11.39;68.53
9090;10;"2024-02-05";"wind";238.25;10.27;4.0
9091;8;"2022-03-12";"gas";1327.74;190.77;282.97
9092;7;"2021-11-10";"electricity";1946.16;101.64;627.61
9093;10;"2023-07-14";"wind";134.62;5.67;5.09
9094;8;"2022-08-27";"gas";1109.99;117.55;354.8
9095;10;"2024-05-06";"wind";327.16;12.1;7.19
9096;9;"2022-01-31";"wind";135.39;5.21;2.75
9097;9;"2023-11-09";"wind";100.03;2.21;4.31
9098;2;"2022-02-12";"gas";159.83;14.28;27.53
9099;6;"2021-08-15";"coal";902.21;88.7;348.62
9100;8;"2023-06-04";"gas";1132.16;165.24;288.53
9101;4;"2024-04-04";"electricity";1810.61;258.67;187.56
9102;7;"2021-08-30";"electricity";1842.22;229.17;524.09
9103;7;"2023-12-10";"electricity";1438.84;95.18;387.54
9104;4;"2021-10-03";"electricity";838.13;97.43;151.39
9105;10;"2023-08-07";"wind";385.08;10.06;18.15
9106;6;"2023-08-05";"coal";1301.3;112.82;643.16
9107;8;"2021-12-31";"gas";382.98;41.82;98.39
9108;10;"2024-03-14";"wind";135.08;6.24;1.81
9109;10;"2023-10-04";"wind";442.2;11.44;6.87
9110;9;"2021-11-09";"wind";306.8;15.13;4.44
9111;6;"2022-06-27";"coal";551.96;80.0;203.03
9112;7;"2023-08-30";"electricity";163.18;21.62;46.16
9113;7;"2022-02-23";"electricity";272.98;39.68;121.99
9114;1;"2023-10-08";"electricity";1750.59;155.31;428.86
9115;2;"2023-11-08";"gas";512.35;27.97;246.37
9116;3;"2022-06-10";"coal";1919.25;191.06;279.23
9117;7;"2023-11-22";"electricity";543.66;48.98;113.65
9118;5;"2023-12-11";"electricity";438.73;22.76;131.53
9119;2;"2023-08-14";"gas";639.34;65.22;275.0
9120;1;"2022-06-24";"electricity";1160.55;98.75;277.59
9121;8;"2023-01-12";"gas";1951.94;254.44;262.95
9122;1;"2022-02-24";"electricity";1841.04;217.54;624.06
9123;5;"2023-01-08";"electricity";1758.18;149.69;709.61
9124;4;"2022-01-16";"electricity";698.09;67.71;325.39
9125;3;"2022-08-29";"coal";1290.85;151.24;371.8
9126;7;"2023-06-17";"electricity";1762.95;156.17;782.6
9127;5;"2022-06-07";"electricity";1303.26;185.6;175.93
9128;5;"2022-11-29";"electricity";1298.75;123.12;233.09
9129;2;"2024-03-03";"gas";974.6;128.59;276.74
9130;4;"2022-10-14";"electricity";538.68;31.55;225.62
9131;5;"2022-10-22";"electricity";172.46;12.97;55.61
9132;6;"2023-08-11";"coal";384.57;46.06;166.13
9133;8;"2021-07-30";"gas";1644.82;153.43;442.08
9134;8;"2021-12-03";"gas";415.79;52.26;176.75
9135;2;"2021-09-07";"gas";1658.02;188.98;553.54
9136;6;"2021-10-31";"coal";535.27;63.01;229.98
9137;5;"2022-11-17";"electricity";185.12;18.61;27.88
9138;6;"2022-06-22";"coal";481.15;60.3;171.72
9139;2;"2022-08-27";"gas";828.67;48.37;212.67
9140;9;"2022-01-23";"wind";408.4;19.41;15.63
9141;9;"2022-12-02";"wind";52.58;1.79;1.16
9142;9;"2021-10-24";"wind";232.69;7.25;10.43
9143;10;"2023-03-31";"wind";151.81;7.17;4.89
9144;10;"2024-05-09";"wind";255.82;12.75;6.8
9145;6;"2024-05-25";"coal";1674.72;247.59;274.29
9146;6;"2023-12-25";"coal";1893.34;212.74;443.48
9147;3;"2021-09-22";"coal";201.82;23.49;42.15
9148;4;"2022-12-25";"electricity";639.03;84.64;250.64
9149;5;"2024-04-26";"electricity";1526.53;112.94;628.91
9150;2;"2023-09-25";"gas";170.24;9.37;37.92
9151;8;"2023-05-18";"gas";122.31;7.56;53.26
9152;5;"2022-05-01";"electricity";1404.78;208.49;627.87
9153;4;"2023-01-21";"electricity";964.23;105.1;233.38
9154;8;"2021-06-02";"gas";1662.08;206.27;567.32
9155;2;"2022-07-01";"gas";1777.85;258.05;277.74
9156;6;"2023-10-15";"coal";1370.31;138.9;600.99
9157;6;"2023-11-08";"coal";1397.78;123.53;315.54
9158;5;"2021-07-20";"electricity";1260.29;152.32;165.24
9159;2;"2022-06-07";"gas";114.33;15.94;31.81
9160;6;"2024-03-18";"coal";211.6;11.43;81.78
9161;2;"2023-07-07";"gas";1479.65;82.85;509.57
9162;1;"2023-09-23";"electricity";1944.27;193.98;264.92
9163;6;"2022-07-14";"coal";1361.36;92.45;152.1
9164;1;"2022-05-13";"electricity";1776.14;157.99;811.75
9165;3;"2022-09-30";"coal";730.52;40.77;239.64
9166;6;"2022-08-18";"coal";1517.51;169.76;676.08
9167;4;"2022-11-25";"electricity";178.79;14.42;65.34
9168;4;"2022-01-22";"electricity";1314.48;170.17;365.56
9169;6;"2023-08-04";"coal";1711.22;175.53;831.64
9170;4;"2022-02-05";"electricity";483.57;46.92;115.32
9171;5;"2022-07-13";"electricity";209.16;29.52;92.65
9172;6;"2021-06-15";"coal";356.99;44.54;104.84
9173;8;"2022-09-02";"gas";1839.75;160.5;732.63
9174;9;"2021-09-10";"wind";109.93;4.78;2.27
9175;3;"2023-03-12";"coal";246.92;27.47;45.73
9176;3;"2023-03-26";"coal";1768.53;214.14;866.46
9177;8;"2021-10-13";"gas";1195.28;80.28;205.14
9178;10;"2023-08-11";"wind";232.47;9.63;10.92
9179;7;"2021-10-18";"electricity";1558.46;168.91;624.53
9180;3;"2024-01-18";"coal";1053.5;99.54;255.54
9181;9;"2021-09-19";"wind";389.97;17.22;10.68
9182;2;"2024-02-08";"gas";659.26;88.94;312.48
9183;5;"2021-09-20";"electricity";779.87;115.47;165.47
9184;2;"2023-06-15";"gas";1597.67;99.14;227.36
9185;1;"2022-05-06";"electricity";437.19;32.8;135.75
9186;5;"2023-07-20";"electricity";274.18;36.11;62.84
9187;5;"2022-01-30";"electricity";383.32;50.45;189.91
9188;7;"2022-02-06";"electricity";874.46;66.82;210.36
9189;4;"2023-02-26";"electricity";734.65;40.22;214.43
9190;10;"2024-04-12";"wind";38.33;0.9;1.48
9191;6;"2021-10-29";"coal";937.93;110.46;249.67
9192;9;"2024-02-02";"wind";269.13;9.67;7.4
9193;8;"2021-08-21";"gas";1725.41;124.95;477.76
9194;1;"2022-10-12";"electricity";885.04;69.24;106.18
9195;1;"2022-05-18";"electricity";1572.64;82.02;315.89
9196;1;"2023-03-15";"electricity";674.74;68.2;268.35
9197;7;"2022-07-30";"electricity";1131.07;163.26;302.5
9198;7;"2022-07-10";"electricity";733.74;88.65;238.32
9199;7;"2024-05-14";"electricity";1859.72;96.42;525.53
9200;9;"2023-02-07";"wind";31.4;0.76;1.23
9201;5;"2023-01-29";"electricity";819.57;80.98;236.6
9202;8;"2022-02-17";"gas";1119.03;153.42;141.3
9203;4;"2021-06-07";"electricity";986.29;94.32;118.52
9204;8;"2024-01-16";"gas";644.46;94.19;276.29
9205;1;"2024-05-07";"electricity";1572.41;175.95;266.57
9206;6;"2023-03-09";"coal";1794.42;171.36;464.14
9207;7;"2022-12-17";"electricity";1334.26;173.5;341.47
9208;5;"2024-01-13";"electricity";187.75;18.66;62.06
9209;4;"2023-11-22";"electricity";1801.38;103.67;189.52
9210;6;"2023-04-20";"coal";1803.35;181.04;437.42
9211;5;"2021-06-10";"electricity";437.69;37.67;137.4
9212;1;"2022-09-17";"electricity";205.28;15.69;36.07
9213;4;"2023-04-06";"electricity";924.3;105.61;398.41
9214;5;"2021-06-01";"electricity";1622.33;179.9;744.61
9215;4;"2023-04-05";"electricity";909.23;72.09;450.94
9216;10;"2021-12-09";"wind";398.38;12.97;7.49
9217;10;"2021-10-11";"wind";55.93;1.13;0.61
9218;9;"2021-11-18";"wind";163.89;4.22;5.63
9219;1;"2022-09-08";"electricity";242.52;15.17;70.3
9220;8;"2021-06-12";"gas";1202.28;112.71;498.91
9221;6;"2022-05-01";"coal";1923.15;276.45;631.22
9222;9;"2022-12-01";"wind";153.56;5.18;5.63
9223;10;"2024-02-16";"wind";54.32;2.36;1.38
9224;2;"2023-02-04";"gas";1067.13;105.71;182.2
9225;9;"2023-09-18";"wind";13.41;0.37;0.53
9226;5;"2023-05-18";"electricity";827.11;116.38;334.0
9227;9;"2022-08-13";"wind";252.01;5.83;11.76
9228;8;"2022-04-15";"gas";713.0;92.63;248.96
9229;9;"2023-09-30";"wind";495.17;18.3;24.7
9230;3;"2022-05-13";"coal";1506.71;75.92;359.58
9231;1;"2023-12-07";"electricity";563.18;64.58;158.39
9232;2;"2022-10-28";"gas";515.76;38.64;98.01
9233;1;"2024-02-04";"electricity";1933.11;209.11;505.59
9234;7;"2023-12-23";"electricity";715.4;51.32;120.96
9235;6;"2022-09-01";"coal";1599.83;97.02;781.5
9236;8;"2023-11-23";"gas";1717.05;178.9;225.14
9237;6;"2023-05-04";"coal";631.25;89.24;211.88
9238;10;"2021-11-29";"wind";96.15;3.12;1.89
9239;3;"2023-06-09";"coal";1524.48;193.21;351.46
9240;3;"2023-08-31";"coal";727.46;74.68;123.2
9241;9;"2021-08-15";"wind";78.76;3.78;3.18
9242;4;"2024-03-22";"electricity";1290.38;171.51;599.22
9243;8;"2021-11-04";"gas";634.39;78.15;246.6
9244;3;"2022-06-16";"coal";616.96;34.57;223.44
9245;8;"2024-03-02";"gas";1730.76;121.44;512.81
9246;3;"2024-02-05";"coal";172.02;23.45;42.21
9247;3;"2022-05-11";"coal";1086.99;60.27;269.47
9248;9;"2022-07-07";"wind";102.08;2.19;4.65
9249;4;"2022-09-12";"electricity";1375.72;200.12;496.59
9250;10;"2021-09-30";"wind";222.92;10.01;6.53
9251;8;"2022-05-04";"gas";1238.6;139.61;319.7
9252;5;"2021-12-26";"electricity";461.67;30.01;141.28
9253;5;"2021-11-23";"electricity";1669.52;152.77;262.19
9254;4;"2022-03-05";"electricity";217.02;15.36;35.26
9255;5;"2024-03-25";"electricity";1951.72;103.41;658.55
9256;3;"2021-06-14";"coal";825.88;90.91;158.12
9257;6;"2023-06-18";"coal";640.5;55.37;78.98
9258;10;"2022-03-05";"wind";25.59;0.98;0.3
9259;6;"2021-11-12";"coal";1253.84;74.87;382.07
9260;4;"2023-06-15";"electricity";935.18;119.55;186.75
9261;9;"2021-11-08";"wind";87.0;3.46;1.31
9262;5;"2023-01-17";"electricity";1666.94;167.82;515.17
9263;5;"2022-06-10";"electricity";288.37;42.64;107.99
9264;4;"2022-01-05";"electricity";1444.45;85.99;432.36
9265;7;"2023-12-17";"electricity";844.1;63.89;132.42
9266;8;"2023-12-13";"gas";347.71;34.14;141.91
9267;8;"2022-02-22";"gas";1181.27;148.13;338.72
9268;2;"2021-06-29";"gas";254.66;36.88;63.64
9269;5;"2021-07-15";"electricity";630.1;57.17;134.98
9270;10;"2022-02-01";"wind";252.86;7.53;9.32
9271;10;"2022-05-03";"wind";151.66;4.31;5.89
9272;3;"2021-09-21";"coal";1615.12;209.16;487.67
9273;9;"2023-11-30";"wind";98.22;2.34;3.2
9274;1;"2024-05-01";"electricity";660.9;64.66;72.35
9275;3;"2022-12-10";"coal";1623.66;218.57;600.19
9276;5;"2021-08-03";"electricity";702.21;81.64;160.96
9277;7;"2022-11-12";"electricity";240.62;32.58;112.52
9278;1;"2024-05-26";"electricity";685.46;76.63;232.46
9279;5;"2021-12-20";"electricity";1629.76;85.28;229.09
9280;9;"2024-03-08";"wind";481.74;12.89;9.04
9281;1;"2021-10-25";"electricity";1989.76;195.93;532.74
9282;5;"2023-08-31";"electricity";644.5;54.13;78.68
9283;10;"2023-09-06";"wind";280.6;7.41;10.13
9284;4;"2021-07-17";"electricity";1181.71;124.01;577.9
9285;8;"2022-05-30";"gas";1261.79;117.29;297.67
9286;1;"2023-01-07";"electricity";1375.99;137.48;485.33
9287;6;"2021-11-14";"coal";110.96;14.69;25.8
9288;8;"2023-06-24";"gas";718.19;49.62;96.31
9289;8;"2023-04-23";"gas";964.68;132.62;407.1
9290;10;"2023-01-27";"wind";302.1;14.09;5.12
9291;9;"2023-09-17";"wind";475.9;16.32;14.34
9292;4;"2022-01-05";"electricity";428.38;42.24;186.68
9293;2;"2023-04-18";"gas";1909.22;122.08;886.06
9294;6;"2021-11-18";"coal";1803.75;91.64;650.02
9295;3;"2022-11-19";"coal";687.6;48.72;146.44
9296;1;"2022-04-13";"electricity";484.86;52.08;174.34
9297;9;"2021-06-15";"wind";443.14;9.13;9.35
9298;7;"2023-04-14";"electricity";985.83;120.49;337.54
9299;2;"2022-08-27";"gas";512.11;44.68;107.68
9300;8;"2021-09-19";"gas";1820.44;214.99;705.62
9301;4;"2021-11-18";"electricity";1660.62;239.03;638.77
9302;1;"2021-09-16";"electricity";1077.47;98.13;174.81
9303;3;"2023-10-22";"coal";1179.67;124.02;164.47
9304;6;"2021-06-17";"coal";742.11;38.91;367.06
9305;4;"2022-03-27";"electricity";662.56;44.41;322.46
9306;1;"2022-08-09";"electricity";1604.18;120.76;445.83
9307;2;"2024-03-26";"gas";417.13;46.83;63.42
9308;2;"2023-04-12";"gas";338.99;25.51;100.25
9309;9;"2022-01-05";"wind";408.61;11.11;8.83
9310;2;"2024-04-25";"gas";1099.42;56.66;258.16
9311;9;"2022-12-03";"wind";85.15;2.48;2.95
9312;6;"2021-08-23";"coal";801.7;61.51;96.98
9313;10;"2022-10-22";"wind";378.37;15.08;4.92
9314;8;"2021-06-12";"gas";1322.6;198.26;570.4
9315;2;"2021-05-30";"gas";1721.03;179.27;675.51
9316;1;"2023-05-07";"electricity";915.82;123.82;232.74
9317;2;"2022-10-09";"gas";1432.41;174.46;459.3
9318;6;"2023-02-25";"coal";1393.75;124.31;630.98
9319;9;"2021-10-25";"wind";388.68;17.42;12.07
9320;6;"2023-04-30";"coal";1539.41;143.35;338.4
9321;6;"2023-05-23";"coal";1284.79;132.81;476.22
9322;1;"2022-07-18";"electricity";837.04;79.34;330.8
9323;4;"2022-03-08";"electricity";1644.22;190.84;642.0
9324;5;"2022-07-19";"electricity";1166.58;74.45;551.65
9325;5;"2021-06-07";"electricity";1033.46;62.48;377.62
9326;1;"2022-02-20";"electricity";1333.63;75.23;570.25
9327;8;"2022-01-11";"gas";1491.16;88.42;622.65
9328;3;"2021-12-08";"coal";365.41;52.86;117.03
9329;5;"2022-02-08";"electricity";1639.96;178.86;713.74
9330;1;"2022-03-30";"electricity";776.98;51.87;98.47
9331;10;"2023-08-15";"wind";37.69;1.67;1.33
9332;10;"2022-11-08";"wind";446.08;16.21;11.36
9333;3;"2024-05-09";"coal";1407.73;204.86;450.78
9334;1;"2023-04-28";"electricity";1862.86;105.21;207.24
9335;9;"2022-07-11";"wind";246.0;6.85;10.84
9336;8;"2024-04-22";"gas";337.79;36.08;86.1
9337;5;"2021-11-18";"electricity";1640.05;128.39;486.52
9338;3;"2023-08-02";"coal";233.41;32.12;26.67
9339;6;"2023-07-02";"coal";1966.06;124.01;273.07
9340;4;"2022-01-20";"electricity";629.85;54.93;142.36
9341;5;"2023-06-13";"electricity";1427.4;79.83;707.93
9342;5;"2021-09-17";"electricity";1752.18;229.84;575.82
9343;1;"2023-07-27";"electricity";537.27;68.08;160.7
9344;8;"2022-11-07";"gas";1932.67;238.39;432.36
9345;4;"2022-03-18";"electricity";885.2;119.38;374.5
9346;9;"2022-06-08";"wind";25.55;0.53;0.6
9347;1;"2022-07-06";"electricity";897.26;60.62;248.53
9348;7;"2022-11-12";"electricity";1679.57;116.25;660.32
9349;10;"2023-06-09";"wind";315.47;10.0;10.4
9350;6;"2021-10-16";"coal";1031.26;139.01;319.51
9351;9;"2022-11-04";"wind";146.48;6.55;3.09
9352;10;"2023-07-07";"wind";388.27;16.15;13.37
9353;8;"2023-01-14";"gas";816.52;43.44;323.65
9354;4;"2023-07-15";"electricity";188.16;16.04;51.55
9355;6;"2022-07-26";"coal";409.15;23.15;66.62
9356;7;"2021-12-31";"electricity";1593.71;133.22;562.76
9357;8;"2021-08-28";"gas";784.94;73.2;110.79
9358;10;"2022-12-08";"wind";360.59;15.2;6.26
9359;1;"2024-02-20";"electricity";1799.0;149.7;624.04
9360;5;"2022-05-23";"electricity";1961.85;124.21;778.65
9361;5;"2022-11-21";"electricity";507.5;49.7;172.63
9362;10;"2021-06-20";"wind";158.59;4.7;2.17
9363;8;"2023-12-28";"gas";1966.68;144.03;858.47
9364;4;"2023-10-08";"electricity";751.83;38.95;262.59
9365;1;"2022-07-08";"electricity";1051.57;68.37;206.37
9366;1;"2023-07-27";"electricity";503.1;37.6;127.82
9367;5;"2023-12-22";"electricity";1756.38;141.07;727.09
9368;2;"2022-06-02";"gas";1101.78;136.76;449.33
9369;10;"2023-12-09";"wind";261.46;5.82;9.33
9370;10;"2022-07-15";"wind";292.62;7.05;6.25
9371;10;"2022-09-22";"wind";478.36;18.61;9.33
9372;3;"2021-12-24";"coal";1064.38;113.47;488.7
9373;1;"2022-02-28";"electricity";546.32;60.55;67.94
9374;10;"2024-01-09";"wind";206.3;4.46;2.07
9375;4;"2022-04-05";"electricity";531.78;78.79;157.85
9376;2;"2022-02-12";"gas";1679.38;151.01;437.92
9377;2;"2023-05-26";"gas";148.93;8.52;36.68
9378;3;"2021-06-07";"coal";848.34;53.55;208.15
9379;1;"2022-03-23";"electricity";1317.89;88.92;163.66
9380;2;"2021-08-21";"gas";108.4;7.63;12.36
9381;2;"2023-01-10";"gas";595.07;60.92;195.11
9382;9;"2021-08-02";"wind";273.36;7.78;2.87
9383;4;"2021-09-12";"electricity";1976.69;225.6;589.25
9384;9;"2021-10-07";"wind";203.39;4.11;5.11
9385;6;"2024-02-28";"coal";1266.04;189.75;350.03
9386;2;"2021-09-21";"gas";860.38;73.86;325.78
9387;6;"2022-03-11";"coal";399.6;39.85;57.43
9388;1;"2021-11-13";"electricity";1709.48;223.75;835.09
9389;7;"2022-10-17";"electricity";1884.31;110.47;940.63
9390;3;"2023-08-05";"coal";1848.35;249.79;581.07
9391;8;"2023-05-14";"gas";808.33;56.94;194.92
9392;5;"2023-08-12";"electricity";627.0;72.71;196.9
9393;1;"2021-07-14";"electricity";1491.79;202.04;384.46
9394;8;"2022-11-30";"gas";1806.04;219.38;781.5
9395;3;"2023-10-30";"coal";1774.76;251.36;695.72
9396;5;"2021-06-05";"electricity";1317.87;117.09;166.6
9397;1;"2024-04-05";"electricity";1237.67;114.13;521.74
9398;5;"2023-10-28";"electricity";1415.22;115.84;647.05
9399;7;"2023-04-02";"electricity";127.87;17.65;51.75
9400;9;"2024-05-15";"wind";237.01;6.15;7.89
9401;7;"2023-01-07";"electricity";456.82;24.66;79.15
9402;3;"2023-04-29";"coal";1278.47;91.42;413.91
9403;7;"2023-04-28";"electricity";397.96;59.07;152.6
9404;4;"2023-08-02";"electricity";1919.12;134.02;204.63
9405;4;"2023-06-01";"electricity";1888.76;212.59;282.27
9406;9;"2023-06-08";"wind";461.6;17.14;7.76
9407;6;"2023-08-26";"coal";932.57;122.44;111.48
9408;4;"2023-06-25";"electricity";1710.99;218.75;799.83
9409;4;"2022-10-19";"electricity";1237.01;63.48;603.82
9410;10;"2023-04-07";"wind";290.48;7.51;8.48
9411;5;"2022-10-12";"electricity";1993.48;110.58;289.09
9412;7;"2023-03-27";"electricity";399.44;54.91;188.22
9413;9;"2022-12-09";"wind";339.06;12.22;7.98
9414;9;"2021-07-29";"wind";22.91;0.67;0.58
9415;2;"2023-08-05";"gas";1667.61;230.95;433.91
9416;2;"2024-05-04";"gas";1091.77;65.9;324.19
9417;2;"2023-11-05";"gas";1345.0;164.97;360.82
9418;2;"2022-08-24";"gas";1570.74;113.25;292.19
9419;3;"2023-01-26";"coal";718.1;53.55;174.37
9420;4;"2023-05-03";"electricity";1723.67;193.26;826.27
9421;3;"2022-06-25";"coal";1562.34;178.03;253.27
9422;3;"2022-05-20";"coal";1622.88;117.37;304.33
9423;6;"2023-08-29";"coal";685.94;70.26;188.04
9424;1;"2023-12-14";"electricity";106.49;9.54;22.97
9425;1;"2023-05-31";"electricity";888.76;79.8;300.71
9426;7;"2022-03-25";"electricity";1610.52;240.84;519.66
9427;9;"2024-04-23";"wind";126.08;3.12;1.61
9428;10;"2021-12-17";"wind";326.75;11.73;6.93
9429;2;"2023-12-26";"gas";962.75;94.75;228.05
9430;9;"2022-10-18";"wind";445.05;10.88;19.52
9431;6;"2022-07-26";"coal";1827.87;192.64;661.33
9432;4;"2022-11-07";"electricity";1620.42;176.67;307.59
9433;10;"2021-10-07";"wind";317.1;8.09;10.94
9434;9;"2024-02-18";"wind";28.43;1.01;0.45
9435;6;"2022-03-14";"coal";1329.99;140.03;602.96
9436;5;"2024-02-27";"electricity";916.66;84.54;427.07
9437;4;"2021-09-06";"electricity";1819.91;225.99;312.14
9438;9;"2024-01-09";"wind";245.65;7.72;4.34
9439;4;"2023-04-27";"electricity";1001.75;118.01;444.23
9440;6;"2023-04-29";"coal";690.93;95.46;307.53
9441;5;"2023-04-14";"electricity";823.87;59.87;352.06
9442;6;"2022-02-10";"coal";1298.07;135.85;299.99
9443;9;"2022-02-23";"wind";39.95;1.19;1.47
9444;9;"2023-12-01";"wind";439.15;10.69;4.6
9445;9;"2023-05-12";"wind";250.26;10.19;6.0
9446;6;"2021-06-16";"coal";781.93;57.77;380.07
9447;7;"2022-12-27";"electricity";762.48;92.02;260.83
9448;2;"2024-03-01";"gas";997.96;126.45;137.03
9449;1;"2022-04-13";"electricity";490.89;60.25;91.33
9450;1;"2023-01-08";"electricity";793.26;88.53;242.82
9451;8;"2021-08-19";"gas";1918.56;134.63;286.37
9452;4;"2021-08-14";"electricity";182.96;22.42;54.7
9453;5;"2024-02-09";"electricity";116.9;15.67;12.75
9454;1;"2022-09-16";"electricity";1781.49;176.95;299.21
9455;3;"2021-09-18";"coal";315.53;18.75;101.02
9456;4;"2023-01-24";"electricity";1680.08;156.99;808.66
9457;5;"2022-08-04";"electricity";1233.34;95.59;292.68
9458;7;"2023-10-22";"electricity";781.77;114.36;142.04
9459;1;"2024-04-16";"electricity";728.78;109.18;212.93
9460;10;"2022-03-17";"wind";63.31;1.46;2.61
9461;3;"2023-02-02";"coal";268.59;21.46;31.55
9462;6;"2023-12-26";"coal";857.59;45.39;129.48
9463;4;"2023-03-03";"electricity";337.76;34.21;155.95
9464;7;"2023-12-11";"electricity";1446.81;150.9;452.64
9465;7;"2021-11-25";"electricity";433.3;34.56;67.83
9466;6;"2023-07-11";"coal";917.14;93.11;322.89
9467;9;"2024-01-08";"wind";483.28;22.05;6.59
9468;5;"2022-02-17";"electricity";298.26;18.59;83.64
9469;3;"2024-05-05";"coal";426.39;23.9;74.65
9470;6;"2021-09-16";"coal";1136.52;149.16;262.77
9471;1;"2021-06-26";"electricity";309.38;22.97;36.73
9472;4;"2023-05-25";"electricity";1243.18;86.96;450.95
9473;10;"2021-12-06";"wind";174.95;7.94;5.52
9474;5;"2022-12-14";"electricity";1476.27;83.88;226.26
9475;6;"2022-03-02";"coal";280.81;33.75;101.05
9476;5;"2023-02-26";"electricity";623.81;59.94;67.64
9477;3;"2022-01-08";"coal";910.4;73.47;437.97
9478;10;"2023-12-28";"wind";432.61;13.04;12.31
9479;6;"2022-09-13";"coal";1522.57;134.75;731.34
9480;10;"2021-06-24";"wind";396.15;14.46;4.56
9481;5;"2021-07-18";"electricity";773.2;105.68;339.45
9482;7;"2021-06-03";"electricity";458.42;34.86;213.06
9483;5;"2023-05-24";"electricity";1540.67;183.24;270.28
9484;2;"2022-03-08";"gas";149.78;10.4;20.98
9485;8;"2022-11-29";"gas";1359.37;180.93;220.38
9486;2;"2023-09-04";"gas";1412.23;120.93;338.42
9487;9;"2023-05-17";"wind";162.24;7.65;1.72
9488;7;"2023-06-25";"electricity";211.67;15.92;99.79
9489;4;"2023-11-08";"electricity";1038.32;126.99;266.32
9490;5;"2021-09-09";"electricity";1125.93;103.98;384.97
9491;6;"2023-09-09";"coal";425.98;43.42;95.8
9492;8;"2024-02-08";"gas";550.41;39.97;62.17
9493;8;"2024-03-03";"gas";388.53;36.73;101.67
9494;4;"2023-09-09";"electricity";1203.54;96.29;265.13
9495;4;"2022-03-06";"electricity";1289.07;117.94;173.5
9496;7;"2023-11-17";"electricity";850.77;118.73;270.21
9497;7;"2023-11-07";"electricity";1951.83;214.73;566.78
9498;6;"2022-11-18";"coal";1814.16;126.13;356.18
9499;8;"2021-12-16";"gas";754.22;44.31;125.53
9500;3;"2023-03-30";"coal";1166.28;145.82;582.14
9501;3;"2021-08-10";"coal";137.65;7.01;57.11
9502;6;"2022-01-06";"coal";900.92;118.3;416.45
9503;6;"2021-06-20";"coal";952.23;74.89;129.16
9504;9;"2022-02-13";"wind";466.6;18.39;6.11
9505;6;"2024-03-21";"coal";318.55;35.67;36.32
9506;5;"2022-12-15";"electricity";165.48;13.21;69.56
9507;4;"2023-01-26";"electricity";1898.34;217.56;612.56
9508;4;"2022-10-16";"electricity";1078.89;147.25;284.99
9509;2;"2023-04-15";"gas";828.59;114.27;382.95
9510;8;"2024-04-07";"gas";1341.73;131.87;595.02
9511;4;"2024-04-05";"electricity";1345.88;106.12;432.38
9512;8;"2023-04-08";"gas";1124.72;67.09;263.38
9513;6;"2022-07-05";"coal";1749.43;124.24;815.19
9514;2;"2023-11-22";"gas";973.92;60.4;187.19
9515;1;"2022-07-26";"electricity";1824.15;231.84;359.73
9516;10;"2023-11-25";"wind";471.77;11.36;8.21
9517;8;"2022-04-20";"gas";1061.27;58.31;384.79
9518;2;"2023-03-31";"gas";1234.85;173.5;140.04
9519;8;"2023-12-23";"gas";1572.12;225.25;212.65
9520;8;"2022-04-11";"gas";1993.38;267.55;202.46
9521;2;"2022-11-05";"gas";233.48;15.46;41.89
9522;7;"2023-02-17";"electricity";330.9;29.82;67.61
9523;7;"2021-08-20";"electricity";1702.31;109.06;426.87
9524;1;"2023-09-28";"electricity";1883.64;219.5;460.37
9525;10;"2022-07-26";"wind";301.84;7.6;13.73
9526;5;"2021-06-24";"electricity";1463.01;112.57;310.12
9527;8;"2022-12-02";"gas";576.98;85.67;161.17
9528;6;"2022-12-26";"coal";112.12;15.46;20.84
9529;1;"2023-05-27";"electricity";297.66;36.32;66.72
9530;5;"2021-12-10";"electricity";1871.12;253.11;561.1
9531;1;"2022-01-22";"electricity";577.36;77.81;159.15
9532;7;"2023-05-11";"electricity";163.54;22.82;38.49
9533;7;"2023-09-12";"electricity";1515.84;190.43;344.22
9534;5;"2021-07-16";"electricity";956.49;127.14;208.66
9535;3;"2021-08-23";"coal";104.44;10.93;40.44
9536;7;"2023-08-27";"electricity";374.66;49.22;51.6
9537;9;"2022-10-21";"wind";414.6;16.05;4.33
9538;2;"2022-06-02";"gas";221.68;25.55;38.24
9539;10;"2024-03-18";"wind";193.59;9.21;4.16
9540;7;"2023-11-05";"electricity";851.89;101.56;365.15
9541;5;"2021-08-17";"electricity";455.54;61.02;196.43
9542;2;"2021-09-21";"gas";1903.39;215.07;578.03
9543;5;"2024-03-27";"electricity";1085.1;143.3;479.46
9544;9;"2023-07-13";"wind";129.05;4.04;3.71
9545;3;"2021-08-02";"coal";1434.7;101.41;538.11
9546;1;"2023-06-05";"electricity";1408.83;80.67;595.24
9547;1;"2023-11-29";"electricity";1220.79;69.77;221.99
9548;7;"2021-08-09";"electricity";443.23;52.89;91.78
9549;10;"2023-03-11";"wind";154.59;5.52;6.8
9550;5;"2024-03-10";"electricity";499.74;34.0;222.65
9551;1;"2021-10-30";"electricity";1642.49;196.49;333.46
9552;7;"2022-01-14";"electricity";1522.76;203.05;382.77
9553;1;"2022-08-07";"electricity";382.47;37.45;123.55
9554;6;"2024-01-31";"coal";415.45;59.65;154.17
9555;3;"2022-04-25";"coal";1882.05;127.49;197.37
9556;1;"2023-10-20";"electricity";880.93;120.12;240.72
9557;9;"2023-09-05";"wind";470.6;17.96;8.84
9558;1;"2021-07-04";"electricity";943.2;138.15;286.74
9559;4;"2024-01-27";"electricity";718.25;49.45;283.28
9560;9;"2022-05-25";"wind";74.72;2.24;2.82
9561;4;"2023-06-23";"electricity";302.86;38.0;99.35
9562;3;"2022-01-03";"coal";865.01;97.22;338.5
9563;4;"2022-07-30";"electricity";162.1;17.31;75.47
9564;9;"2023-10-11";"wind";173.03;5.74;5.98
9565;9;"2021-08-17";"wind";120.26;5.91;4.5
9566;10;"2024-03-06";"wind";354.48;10.91;4.5
9567;4;"2022-12-31";"electricity";1533.21;208.06;224.92
9568;1;"2021-11-02";"electricity";673.57;72.27;176.11
9569;4;"2023-04-04";"electricity";1390.62;122.44;357.14
9570;6;"2022-09-28";"coal";851.56;88.1;311.26
9571;4;"2021-11-14";"electricity";755.91;65.37;255.5
9572;3;"2023-09-14";"coal";1802.24;105.74;244.96
9573;1;"2021-12-08";"electricity";642.06;60.44;262.71
9574;5;"2022-10-30";"electricity";1648.04;198.8;383.86
9575;7;"2023-06-28";"electricity";1407.5;179.08;667.94
9576;10;"2021-08-17";"wind";276.64;7.81;6.89
9577;8;"2023-06-17";"gas";1703.64;86.49;339.73
9578;7;"2023-02-18";"electricity";1873.28;249.77;296.24
9579;6;"2022-08-16";"coal";147.32;8.56;64.11
9580;2;"2023-03-19";"gas";1085.08;129.17;293.14
9581;1;"2022-02-04";"electricity";316.77;40.91;109.59
9582;2;"2023-06-14";"gas";1475.7;173.66;637.16
9583;5;"2021-07-08";"electricity";1986.79;135.84;686.21
9584;7;"2022-07-06";"electricity";1720.67;130.19;668.35
9585;9;"2024-01-21";"wind";21.08;0.85;0.66
9586;8;"2023-08-15";"gas";1138.88;72.52;286.46
9587;5;"2023-11-11";"electricity";713.68;74.17;76.51
9588;6;"2022-07-11";"coal";629.81;80.62;102.18
9589;9;"2021-05-29";"wind";146.47;3.86;2.31
9590;1;"2021-11-11";"electricity";443.76;36.96;48.93
9591;6;"2022-06-12";"coal";409.02;26.12;51.07
9592;7;"2023-10-07";"electricity";806.84;43.74;121.74
9593;8;"2022-10-13";"gas";844.24;85.15;371.54
9594;5;"2023-04-12";"electricity";213.99;27.0;79.63
9595;7;"2022-09-25";"electricity";1892.95;226.72;930.76
9596;8;"2023-06-10";"gas";363.58;29.57;147.24
9597;1;"2023-03-03";"electricity";931.83;58.67;372.2
9598;10;"2023-04-09";"wind";439.17;14.82;10.22
9599;7;"2021-09-30";"electricity";1150.24;151.76;559.71
9600;6;"2022-09-25";"coal";716.19;61.32;315.95
9601;8;"2023-12-13";"gas";716.67;72.82;315.11
9602;5;"2021-10-05";"electricity";1786.57;252.34;269.46
9603;6;"2021-07-27";"coal";856.43;105.52;403.92
9604;3;"2023-01-12";"coal";1177.48;113.44;118.57
9605;9;"2021-12-04";"wind";111.3;4.79;3.95
9606;3;"2022-04-10";"coal";1672.53;121.86;708.53
9607;5;"2023-09-27";"electricity";553.55;40.7;190.5
9608;10;"2023-01-21";"wind";200.85;4.85;6.88
9609;2;"2024-05-04";"gas";1866.07;246.65;530.42
9610;9;"2022-09-04";"wind";35.06;0.96;1.71
9611;9;"2022-03-19";"wind";157.03;6.02;2.59
9612;3;"2021-10-01";"coal";816.72;111.22;175.51
9613;9;"2023-09-17";"wind";455.63;16.9;5.23
9614;1;"2021-12-10";"electricity";1103.52;158.12;494.36
9615;4;"2023-12-08";"electricity";381.16;26.24;133.61
9616;4;"2021-07-03";"electricity";1349.99;157.14;516.25
9617;4;"2021-07-09";"electricity";1667.67;202.32;715.73
9618;8;"2022-08-25";"gas";953.12;104.6;337.94
9619;9;"2022-10-19";"wind";112.07;4.98;2.98
9620;5;"2022-10-20";"electricity";1124.3;147.42;427.54
9621;1;"2022-10-17";"electricity";636.59;49.36;234.08
9622;10;"2023-10-15";"wind";85.92;3.93;4.26
9623;7;"2021-06-16";"electricity";1960.8;205.31;427.73
9624;6;"2022-10-09";"coal";231.81;27.13;25.3
9625;6;"2021-07-15";"coal";1783.4;256.87;491.78
9626;1;"2023-05-25";"electricity";1789.54;190.76;489.04
9627;7;"2023-09-11";"electricity";961.03;141.92;165.63
9628;2;"2022-05-03";"gas";163.76;22.12;78.3
9629;1;"2021-07-17";"electricity";785.74;58.57;78.78
9630;3;"2023-07-20";"coal";1394.72;184.85;347.13
9631;1;"2021-05-30";"electricity";1357.53;101.2;642.61
9632;1;"2023-08-01";"electricity";1630.09;109.16;728.79
9633;5;"2023-01-01";"electricity";1122.5;130.49;320.54
9634;1;"2022-07-25";"electricity";1863.07;153.66;528.91
9635;1;"2023-05-27";"electricity";1576.88;96.6;787.75
9636;10;"2022-08-24";"wind";449.65;20.5;16.63
9637;10;"2022-03-06";"wind";44.44;1.32;1.12
9638;4;"2022-10-11";"electricity";1779.56;117.34;343.9
9639;6;"2021-09-28";"coal";110.55;11.58;31.26
9640;3;"2022-12-10";"coal";1889.5;268.18;542.5
9641;5;"2021-11-15";"electricity";731.44;73.23;81.34
9642;3;"2021-07-06";"coal";976.33;145.94;438.22
9643;7;"2021-12-21";"electricity";1038.43;93.3;514.22
9644;2;"2022-11-03";"gas";1627.3;103.16;534.17
9645;3;"2023-11-03";"coal";1783.91;166.71;624.6
9646;6;"2024-03-20";"coal";1759.76;177.11;853.63
9647;10;"2022-01-28";"wind";351.14;8.49;15.02
9648;7;"2023-08-24";"electricity";1579.08;216.23;181.7
9649;10;"2023-11-06";"wind";281.51;10.88;7.3
9650;9;"2022-01-02";"wind";108.75;3.11;3.65
9651;9;"2021-06-15";"wind";57.28;1.29;1.08
9652;7;"2021-11-10";"electricity";968.26;90.37;367.58
9653;6;"2022-07-23";"coal";1976.18;199.92;229.55
9654;6;"2023-07-28";"coal";1131.86;159.34;200.25
9655;4;"2022-07-29";"electricity";1931.1;285.97;781.22
9656;9;"2022-04-15";"wind";82.33;2.49;2.15
9657;9;"2022-04-05";"wind";325.92;8.2;11.21
9658;8;"2024-01-04";"gas";222.29;17.02;67.74
9659;7;"2021-11-15";"electricity";1814.76;229.52;545.4
9660;3;"2021-08-20";"coal";363.87;20.23;123.23
9661;7;"2023-08-07";"electricity";594.31;41.59;106.32
9662;9;"2022-01-25";"wind";433.24;8.87;19.77
9663;1;"2023-04-13";"electricity";199.91;23.99;99.29
9664;1;"2023-03-30";"electricity";687.68;57.9;202.58
9665;6;"2022-06-27";"coal";581.7;82.68;225.49
9666;7;"2022-11-05";"electricity";1958.14;219.7;621.68
9667;3;"2023-06-10";"coal";1189.13;88.84;477.56
9668;8;"2024-04-26";"gas";986.92;123.49;438.85
9669;6;"2024-05-28";"coal";1737.18;97.24;587.08
9670;1;"2023-01-08";"electricity";1193.83;89.6;158.88
9671;4;"2023-03-30";"electricity";1731.94;242.16;269.61
9672;8;"2022-10-17";"gas";1145.37;130.15;163.15
9673;6;"2021-08-01";"coal";1926.09;229.99;690.08
9674;2;"2023-07-05";"gas";285.92;28.41;98.99
9675;1;"2023-07-20";"electricity";166.62;15.93;38.07
9676;3;"2021-10-18";"coal";693.97;88.6;131.87
9677;8;"2023-06-18";"gas";1291.22;151.46;240.52
9678;9;"2022-03-03";"wind";221.74;8.38;8.6
9679;8;"2024-05-06";"gas";1444.66;119.06;527.14
9680;7;"2023-08-24";"electricity";1530.81;119.72;191.71
9681;5;"2021-12-12";"electricity";866.55;56.83;198.53
9682;8;"2023-06-12";"gas";905.21;91.2;241.22
9683;9;"2021-12-16";"wind";486.37;9.76;12.36
9684;7;"2022-12-25";"electricity";1406.48;206.99;240.71
9685;4;"2021-10-20";"electricity";1251.68;90.24;163.56
9686;6;"2023-05-03";"coal";1881.02;252.55;544.33
9687;9;"2023-09-25";"wind";390.91;8.91;15.8
9688;4;"2023-11-16";"electricity";968.17;71.2;189.8
9689;7;"2021-11-19";"electricity";684.65;77.66;251.88
9690;8;"2022-11-28";"gas";320.21;30.48;92.55
9691;9;"2024-05-16";"wind";248.61;6.04;3.59
9692;2;"2024-01-01";"gas";499.27;40.76;135.83
9693;7;"2023-12-21";"electricity";978.33;101.36;377.96
9694;5;"2022-10-07";"electricity";1266.62;172.95;424.74
9695;1;"2021-05-29";"electricity";1416.54;207.88;231.1
9696;6;"2024-05-03";"coal";1525.78;105.0;624.98
9697;10;"2023-04-24";"wind";353.95;9.76;11.96
9698;6;"2023-10-07";"coal";931.44;111.78;274.88
9699;9;"2022-06-11";"wind";61.23;1.53;1.74
9700;6;"2022-02-26";"coal";1454.32;144.12;287.35
9701;5;"2024-01-22";"electricity";1279.69;177.79;591.08
9702;4;"2022-07-01";"electricity";516.41;63.74;97.81
9703;6;"2021-11-09";"coal";1573.03;139.88;252.66
9704;1;"2023-12-14";"electricity";391.12;30.79;160.47
9705;3;"2022-03-17";"coal";1756.02;91.25;373.37
9706;5;"2022-10-24";"electricity";1117.24;105.85;290.73
9707;9;"2024-04-08";"wind";280.69;8.16;12.33
9708;3;"2023-09-17";"coal";543.44;44.94;206.08
9709;2;"2024-05-21";"gas";1465.97;167.68;441.57
9710;3;"2023-11-25";"coal";1644.83;178.72;738.02
9711;4;"2022-02-10";"electricity";425.17;60.94;212.01
9712;4;"2022-11-01";"electricity";729.0;52.04;225.54
9713;5;"2021-07-10";"electricity";1136.19;129.97;175.92
9714;1;"2022-06-27";"electricity";1893.05;242.66;250.98
9715;2;"2022-12-11";"gas";1750.74;213.81;400.44
9716;1;"2024-02-16";"electricity";377.09;56.05;104.79
9717;5;"2021-12-05";"electricity";1520.89;115.56;369.88
9718;3;"2023-06-05";"coal";1172.27;143.59;516.68
9719;7;"2024-03-12";"electricity";117.95;15.67;35.24
9720;8;"2023-10-17";"gas";656.94;47.69;229.87
9721;3;"2021-11-23";"coal";1884.85;232.41;492.55
9722;4;"2022-01-30";"electricity";1625.54;157.54;746.24
9723;1;"2022-06-13";"electricity";696.01;67.92;72.89
9724;10;"2022-03-12";"wind";313.02;7.87;4.48
9725;4;"2023-06-13";"electricity";1690.36;124.49;527.7
9726;8;"2021-06-05";"gas";1054.34;131.38;436.61
9727;2;"2022-03-17";"gas";135.8;19.63;47.1
9728;9;"2023-11-18";"wind";154.18;4.41;4.87
9729;9;"2024-04-26";"wind";348.37;14.52;16.64
9730;7;"2024-03-03";"electricity";1925.88;186.62;390.92
9731;10;"2022-08-02";"wind";439.52;10.81;17.23
9732;7;"2022-01-25";"electricity";1892.81;137.5;388.92
9733;8;"2023-06-04";"gas";1830.54;255.92;852.31
9734;3;"2022-01-03";"coal";704.56;95.81;223.5
9735;5;"2021-06-28";"electricity";894.98;101.45;433.76
9736;9;"2022-03-18";"wind";189.2;5.05;1.99
9737;8;"2024-03-18";"gas";948.11;71.9;440.66
9738;4;"2024-04-16";"electricity";1957.28;276.11;943.39
9739;9;"2022-01-05";"wind";363.73;12.44;9.94
9740;10;"2022-11-21";"wind";396.9;16.27;15.06
9741;10;"2022-12-12";"wind";311.71;13.59;12.47
9742;1;"2023-06-04";"electricity";1134.96;164.31;376.56
9743;4;"2022-09-06";"electricity";1593.86;163.1;415.5
9744;2;"2023-08-31";"gas";144.87;21.0;68.63
9745;10;"2022-12-02";"wind";106.26;3.83;1.67
9746;5;"2022-08-09";"electricity";1659.68;211.45;340.18
9747;10;"2023-01-28";"wind";269.27;6.52;11.79
9748;8;"2022-07-21";"gas";848.55;44.04;216.73
9749;3;"2022-02-19";"coal";1655.17;135.56;772.15
9750;6;"2022-12-19";"coal";1614.48;95.24;576.01
9751;1;"2022-09-17";"electricity";1606.78;144.53;386.21
9752;3;"2021-10-03";"coal";591.14;79.27;86.31
9753;9;"2022-12-15";"wind";83.55;3.25;1.46
9754;8;"2021-09-19";"gas";1583.91;99.75;447.08
9755;7;"2024-01-17";"electricity";1716.76;131.59;564.56
9756;7;"2024-03-17";"electricity";1360.31;173.54;619.95
9757;3;"2023-12-13";"coal";742.94;90.18;103.05
9758;4;"2022-07-04";"electricity";531.53;58.02;123.21
9759;7;"2023-08-22";"electricity";1549.4;87.91;206.52
9760;7;"2024-03-01";"electricity";408.38;28.35;128.12
9761;7;"2022-04-14";"electricity";1458.56;191.92;663.97
9762;7;"2022-04-19";"electricity";265.44;19.78;61.97
9763;8;"2024-04-25";"gas";466.7;62.89;88.65
9764;9;"2023-10-23";"wind";77.9;2.94;0.83
9765;8;"2022-09-14";"gas";1258.65;63.19;291.71
9766;8;"2023-12-03";"gas";1238.67;67.29;507.32
9767;5;"2023-08-12";"electricity";1044.62;95.36;136.81
9768;3;"2023-05-03";"coal";1130.2;164.46;417.43
9769;9;"2022-07-11";"wind";299.54;9.61;9.05
9770;6;"2021-05-29";"coal";309.25;41.03;120.03
9771;9;"2023-03-18";"wind";303.48;8.59;13.98
9772;10;"2024-02-28";"wind";453.77;12.16;14.94
9773;1;"2023-10-18";"electricity";1965.67;202.37;658.31
9774;8;"2021-07-15";"gas";662.02;58.4;289.6
9775;2;"2022-01-18";"gas";1323.88;113.1;400.19
9776;4;"2022-01-06";"electricity";1678.75;249.07;497.71
9777;3;"2022-07-14";"coal";662.0;68.87;264.62
9778;8;"2023-08-20";"gas";795.54;107.73;81.08
9779;2;"2023-11-29";"gas";142.83;19.86;43.14
9780;3;"2021-08-24";"coal";1907.51;238.02;374.01
9781;10;"2022-07-24";"wind";69.0;1.55;1.08
9782;1;"2022-08-31";"electricity";516.46;42.31;133.59
9783;7;"2021-08-09";"electricity";1272.57;89.91;436.91
9784;10;"2021-07-14";"wind";148.55;6.01;6.35
9785;3;"2022-11-08";"coal";797.27;109.72;195.83
9786;9;"2023-11-28";"wind";81.23;2.4;2.97
9787;8;"2021-09-04";"gas";1458.06;207.23;645.82
9788;6;"2023-02-10";"coal";614.29;63.98;231.17
9789;4;"2021-12-02";"electricity";1587.47;107.44;727.25
9790;8;"2024-01-06";"gas";1974.41;273.62;325.68
9791;2;"2022-09-04";"gas";939.74;122.56;289.53
9792;5;"2022-05-12";"electricity";1494.44;138.02;155.89
9793;5;"2021-10-06";"electricity";1040.91;144.32;498.57
9794;1;"2022-07-28";"electricity";345.79;51.71;46.98
9795;3;"2021-07-01";"coal";1263.49;183.77;573.34
9796;9;"2023-05-21";"wind";465.68;16.27;17.84
9797;5;"2023-04-06";"electricity";970.36;55.6;289.33
9798;6;"2024-03-15";"coal";351.06;21.74;140.34
9799;4;"2023-10-06";"electricity";1852.21;126.01;586.04
9800;2;"2023-04-06";"gas";688.87;45.51;273.87
9801;3;"2021-06-19";"coal";274.41;14.12;134.47
9802;9;"2023-12-09";"wind";384.4;7.74;8.66
9803;3;"2024-02-10";"coal";315.37;25.14;81.26
9804;3;"2021-11-11";"coal";293.93;16.69;136.74
9805;9;"2021-09-03";"wind";282.04;6.77;4.78
9806;10;"2022-02-01";"wind";384.06;10.39;17.6
9807;9;"2022-06-01";"wind";271.73;7.19;4.5
9808;3;"2024-03-24";"coal";1428.98;152.29;398.43
9809;5;"2023-10-31";"electricity";823.48;86.09;214.59
9810;1;"2024-01-25";"electricity";1546.53;157.38;270.8
9811;10;"2022-07-10";"wind";181.78;5.67;7.67
9812;2;"2023-11-27";"gas";1778.86;166.02;474.28
9813;4;"2022-08-23";"electricity";1462.12;163.78;422.07
9814;3;"2023-05-21";"coal";263.99;16.19;81.4
9815;10;"2023-07-03";"wind";121.43;5.58;1.71
9816;1;"2022-08-25";"electricity";422.86;41.76;61.89
9817;7;"2021-11-08";"electricity";466.51;54.47;93.58
9818;9;"2024-04-06";"wind";208.56;7.22;2.42
9819;9;"2021-09-25";"wind";350.59;8.33;16.51
9820;2;"2021-08-06";"gas";1064.37;54.62;143.23
9821;7;"2022-01-17";"electricity";1632.14;200.59;762.59
9822;1;"2022-11-05";"electricity";1497.72;170.72;589.73
9823;5;"2024-03-16";"electricity";569.22;38.54;77.36
9824;7;"2023-01-22";"electricity";364.16;36.76;146.94
9825;1;"2023-06-04";"electricity";957.85;104.39;273.12
9826;1;"2022-03-15";"electricity";1861.93;122.82;473.94
9827;1;"2022-12-02";"electricity";1763.86;96.42;836.85
9828;10;"2023-06-22";"wind";358.02;17.58;17.13
9829;10;"2023-04-17";"wind";401.1;17.94;4.03
9830;2;"2021-10-27";"gas";1603.91;107.36;283.02
9831;3;"2021-10-06";"coal";1059.59;64.84;475.81
9832;9;"2024-02-10";"wind";424.92;19.56;4.66
9833;4;"2022-08-27";"electricity";1095.65;104.32;544.14
9834;7;"2022-12-06";"electricity";860.92;69.19;143.1
9835;2;"2022-12-09";"gas";270.49;22.13;71.74
9836;10;"2024-04-14";"wind";177.27;4.51;7.24
9837;6;"2024-03-16";"coal";525.98;68.28;210.01
9838;7;"2023-01-30";"electricity";577.6;64.7;70.24
9839;9;"2022-11-29";"wind";244.61;5.95;6.79
9840;7;"2021-12-11";"electricity";1696.6;188.01;386.68
9841;3;"2023-05-01";"coal";394.6;40.41;50.97
9842;7;"2023-09-01";"electricity";1935.52;163.59;418.68
9843;2;"2023-01-14";"gas";215.07;26.55;79.58
9844;1;"2021-07-28";"electricity";1579.97;118.27;646.38
9845;8;"2023-02-25";"gas";886.02;61.08;210.89
9846;3;"2022-02-20";"coal";868.37;104.06;402.05
9847;9;"2023-09-17";"wind";108.26;2.77;3.11
9848;9;"2022-10-23";"wind";29.87;1.28;1.33
9849;10;"2024-05-27";"wind";465.72;22.74;13.99
9850;10;"2021-11-14";"wind";173.22;8.62;5.5
9851;6;"2021-07-03";"coal";1433.26;212.47;371.93
9852;9;"2022-08-16";"wind";179.79;8.58;7.07
9853;9;"2022-03-18";"wind";160.52;7.45;5.05
9854;8;"2023-03-30";"gas";121.54;9.87;48.64
9855;10;"2024-03-04";"wind";469.11;19.62;7.77
9856;5;"2023-05-05";"electricity";1027.47;139.69;192.11
9857;3;"2024-02-27";"coal";495.91;45.11;155.86
9858;4;"2024-04-12";"electricity";902.92;46.49;323.0
9859;1;"2024-02-13";"electricity";1510.25;122.09;666.33
9860;6;"2023-07-18";"coal";896.03;45.08;122.11
9861;10;"2022-03-14";"wind";296.34;13.42;6.89
9862;5;"2021-11-01";"electricity";1161.15;102.15;545.22
9863;7;"2023-01-30";"electricity";1215.52;98.6;588.9
9864;5;"2023-02-21";"electricity";1670.54;208.94;696.35
9865;9;"2023-09-14";"wind";38.5;0.99;0.59
9866;2;"2021-10-26";"gas";938.24;63.96;242.21
9867;9;"2021-06-14";"wind";125.92;4.65;4.02
9868;6;"2022-04-13";"coal";1426.18;79.98;433.48
9869;2;"2021-12-08";"gas";394.33;44.59;122.54
9870;2;"2023-03-09";"gas";1534.14;189.86;275.97
9871;4;"2023-02-10";"electricity";1791.06;130.34;884.69
9872;10;"2024-04-10";"wind";306.55;9.28;6.37
9873;2;"2021-07-08";"gas";451.03;37.51;140.3
9874;6;"2023-05-04";"coal";1294.74;109.46;619.96
9875;8;"2021-12-19";"gas";1166.61;62.22;374.11
9876;10;"2023-03-21";"wind";295.96;13.5;8.83
9877;2;"2021-07-11";"gas";1117.73;138.73;463.05
9878;8;"2022-05-15";"gas";302.41;38.77;55.72
9879;6;"2023-01-14";"coal";1677.66;130.73;815.06
9880;9;"2022-07-17";"wind";397.5;15.44;9.14
9881;5;"2022-11-15";"electricity";1749.89;152.78;435.08
9882;3;"2023-04-27";"coal";582.78;55.39;286.76
9883;4;"2022-05-23";"electricity";1341.74;97.37;278.77
9884;8;"2023-11-27";"gas";824.66;51.41;83.26
9885;10;"2021-07-02";"wind";212.37;7.19;5.0
9886;2;"2021-12-05";"gas";1460.27;217.58;278.29
9887;1;"2023-04-14";"electricity";1634.74;156.77;580.6
9888;4;"2023-01-19";"electricity";210.87;20.06;35.92
9889;2;"2021-08-21";"gas";1361.25;176.51;190.52
9890;6;"2021-11-10";"coal";1454.39;207.94;256.94
9891;3;"2022-09-18";"coal";695.44;39.59;99.46
9892;2;"2021-08-08";"gas";1345.65;161.9;434.03
9893;6;"2023-07-26";"coal";1564.78;160.22;282.57
9894;6;"2021-08-25";"coal";1417.45;161.79;284.45
9895;10;"2023-10-29";"wind";21.56;0.78;0.65
9896;7;"2024-05-01";"electricity";205.54;28.33;96.48
9897;1;"2022-06-19";"electricity";983.8;94.13;138.75
9898;4;"2023-08-07";"electricity";1754.89;121.69;695.06
9899;6;"2024-01-10";"coal";1006.86;119.49;228.81
9900;4;"2022-02-13";"electricity";182.59;18.0;56.02
9901;1;"2023-11-06";"electricity";1133.75;114.07;292.81
9902;7;"2022-12-15";"electricity";1663.53;195.78;478.2
9903;3;"2024-05-05";"coal";1109.77;61.04;543.79
9904;7;"2023-06-29";"electricity";716.51;103.35;270.08
9905;7;"2023-08-03";"electricity";1359.18;97.74;396.28
9906;10;"2023-09-24";"wind";31.9;1.03;1.0
9907;1;"2022-04-13";"electricity";1711.11;190.21;640.58
9908;1;"2022-10-14";"electricity";1161.62;63.63;161.23
9909;4;"2022-06-12";"electricity";345.37;19.26;141.04
9910;1;"2024-04-28";"electricity";1561.45;222.57;169.98
9911;8;"2022-11-12";"gas";643.77;62.21;147.39
9912;9;"2023-10-03";"wind";251.93;9.7;10.52
9913;1;"2022-08-09";"electricity";1969.96;185.81;870.31
9914;2;"2023-01-03";"gas";1890.84;277.23;923.88
9915;1;"2023-02-22";"electricity";1523.9;190.76;460.78
9916;2;"2022-07-04";"gas";1224.61;73.33;352.43
9917;7;"2023-06-20";"electricity";227.44;14.23;68.18
9918;4;"2022-06-28";"electricity";1530.54;138.23;452.13
9919;8;"2023-12-29";"gas";733.05;57.13;342.64
9920;7;"2023-08-16";"electricity";275.78;17.42;115.75
9921;7;"2023-04-12";"electricity";1660.77;94.05;636.27
9922;9;"2024-05-18";"wind";451.97;10.05;5.15
9923;10;"2021-09-17";"wind";349.81;8.42;6.03
9924;9;"2024-04-03";"wind";116.77;3.03;3.18
9925;3;"2021-11-26";"coal";864.37;79.16;186.95
9926;5;"2021-09-18";"electricity";280.04;25.5;79.04
9927;8;"2024-02-09";"gas";1815.91;121.45;317.37
9928;4;"2024-05-08";"electricity";896.72;74.99;334.4
9929;10;"2024-04-22";"wind";199.83;4.96;4.58
9930;10;"2023-11-17";"wind";205.89;6.53;6.25
9931;1;"2024-04-30";"electricity";520.51;45.3;58.03
9932;6;"2022-10-05";"coal";1389.41;107.27;601.25
9933;1;"2022-04-16";"electricity";1728.42;197.68;238.07
9934;8;"2022-05-06";"gas";1735.38;160.87;322.32
9935;5;"2021-07-17";"electricity";137.29;10.47;41.25
9936;1;"2023-08-08";"electricity";1759.1;256.6;328.1
9937;4;"2023-10-21";"electricity";357.39;19.13;137.4
9938;5;"2021-10-03";"electricity";1834.81;190.21;546.76
9939;8;"2023-01-18";"gas";1087.12;104.35;318.89
9940;9;"2021-12-22";"wind";360.53;8.6;9.78
9941;2;"2022-07-17";"gas";1018.76;79.37;219.46
9942;4;"2022-11-14";"electricity";1762.2;258.88;333.09
9943;2;"2022-03-30";"gas";1970.69;266.06;982.07
9944;2;"2022-09-16";"gas";1567.17;183.77;188.5
9945;7;"2023-04-16";"electricity";679.56;55.95;233.08
9946;3;"2022-08-04";"coal";923.71;87.7;124.72
9947;5;"2022-05-08";"electricity";1702.64;100.8;738.16
9948;8;"2023-07-27";"gas";1222.31;125.03;522.21
9949;8;"2022-09-11";"gas";1647.57;86.65;261.12
9950;10;"2022-01-14";"wind";413.2;16.05;16.56
9951;2;"2023-01-27";"gas";629.52;88.53;199.53
9952;5;"2022-12-21";"electricity";826.3;55.99;346.5
9953;5;"2023-06-06";"electricity";1938.72;214.22;861.41
9954;9;"2022-09-28";"wind";459.5;15.46;12.18
9955;1;"2021-11-01";"electricity";1911.14;131.79;256.67
9956;9;"2022-12-02";"wind";493.75;20.03;12.26
9957;5;"2022-03-01";"electricity";691.53;99.1;122.14
9958;10;"2024-01-25";"wind";137.62;3.18;5.34
9959;6;"2022-03-16";"coal";495.67;43.81;69.04
9960;7;"2024-03-26";"electricity";1190.13;146.53;348.69
9961;5;"2023-09-25";"electricity";1647.92;162.38;738.49
9962;8;"2022-03-13";"gas";791.63;113.83;208.8
9963;6;"2024-01-05";"coal";1916.03;175.06;608.6
9964;10;"2023-05-19";"wind";476.78;20.97;21.4
9965;8;"2023-06-03";"gas";277.72;39.06;37.62
9966;4;"2021-11-10";"electricity";119.11;8.41;17.52
9967;7;"2022-06-25";"electricity";204.86;23.38;88.9
9968;5;"2022-11-17";"electricity";1395.84;162.0;579.06
9969;9;"2022-11-15";"wind";112.93;4.5;2.76
9970;10;"2023-07-08";"wind";41.9;1.65;1.06
9971;4;"2022-09-30";"electricity";1273.24;147.85;558.09
9972;4;"2023-12-25";"electricity";725.67;59.65;227.58
9973;1;"2021-10-17";"electricity";604.98;81.61;242.45
9974;1;"2021-07-31";"electricity";559.18;55.46;184.96
9975;3;"2024-04-29";"coal";1749.32;215.82;581.32
9976;3;"2023-05-17";"coal";1973.51;191.94;965.94
9977;9;"2021-07-26";"wind";402.88;13.18;9.17
9978;3;"2022-04-04";"coal";214.04;11.15;73.97
9979;5;"2024-04-22";"electricity";1134.48;134.77;539.04
9980;10;"2023-02-22";"wind";463.75;18.57;15.96
9981;9;"2021-06-16";"wind";404.11;15.38;8.17
9982;1;"2023-04-23";"electricity";1918.35;117.59;377.8
9983;7;"2022-06-27";"electricity";1509.38;118.82;612.53
9984;3;"2024-04-30";"coal";681.34;94.89;288.12
9985;6;"2023-05-30";"coal";1233.17;158.99;358.46
9986;1;"2023-07-25";"electricity";867.12;100.42;307.28
9987;5;"2022-11-05";"electricity";745.39;104.28;266.02
9988;7;"2022-02-04";"electricity";1968.1;185.44;379.35
9989;8;"2022-03-29";"gas";1560.96;220.66;236.0
9990;7;"2024-01-10";"electricity";1882.82;100.85;937.83
9991;7;"2022-03-25";"electricity";585.36;76.69;136.47
9992;2;"2022-11-23";"gas";1913.79;134.24;599.94
9993;6;"2023-06-13";"coal";1762.58;232.29;556.33
9994;10;"2021-06-27";"wind";481.93;9.73;21.25
9995;2;"2024-03-21";"gas";479.64;33.91;61.67
9996;10;"2022-12-07";"wind";137.85;5.07;5.84
9997;3;"2023-04-30";"coal";955.01;74.53;152.36
9998;5;"2023-04-20";"electricity";1527.93;203.35;235.43
9999;3;"2024-05-22";"coal";851.97;123.6;411.01
10000;10;"2024-03-04";"wind";70.99;3.39;2.23
