"consumption_id";"customer_id";"date";"energy_type";"amount_kwh";"cost_usd"
1;95;"2023-05-25";"electricity";1836.23;131.07
2;70;"2022-07-01";"gas";674.26;67.44
3;87;"2022-10-12";"gas";414.08;61.25
4;98;"2021-10-22";"electricity";240.24;42.09
5;65;"2022-09-04";"electricity";1799.74;143.55
6;56;"2022-10-01";"gas";309.24;54.68
7;76;"2023-02-04";"gas";608.18;63.6
8;30;"2022-09-02";"electricity";431.32;56.59
9;79;"2022-09-30";"gas";84.56;10.23
10;83;"2022-12-07";"electricity";997.17;135.06
11;53;"2021-11-23";"gas";598.0;74.7
12;10;"2022-11-08";"gas";482.85;92.72
13;79;"2021-11-07";"gas";29.87;4.19
14;7;"2024-02-29";"gas";444.94;63.95
15;98;"2022-03-10";"electricity";83.17;14.75
16;66;"2024-02-03";"gas";485.44;93.78
17;37;"2021-09-08";"gas";685.45;53.94
18;55;"2023-12-08";"electricity";212.26;39.18
19;77;"2021-11-07";"electricity";1799.04;147.21
20;44;"2023-10-10";"gas";222.99;41.44
21;4;"2021-08-10";"gas";990.19;92.42
22;28;"2022-05-07";"gas";1689.71;89.91
23;54;"2021-12-09";"electricity";495.92;64.32
24;47;"2023-05-03";"gas";135.87;13.03
25;72;"2022-02-13";"gas";447.26;48.71
26;95;"2021-09-16";"gas";883.85;68.49
27;6;"2024-03-28";"electricity";1230.68;64.18
28;15;"2023-08-15";"electricity";934.03;129.71
29;32;"2023-01-02";"gas";664.84;58.72
30;23;"2024-05-09";"gas";959.12;136.31
31;31;"2022-07-22";"gas";751.91;105.92
32;36;"2022-06-13";"electricity";1939.48;108.61
33;47;"2023-06-06";"electricity";875.42;106.59
34;57;"2023-06-08";"electricity";1309.86;112.3
35;91;"2023-08-06";"electricity";1021.82;87.02
36;37;"2023-01-27";"electricity";600.56;48.96
37;50;"2023-07-30";"gas";328.05;60.31
38;25;"2021-05-31";"gas";387.13;44.76
39;84;"2022-02-23";"electricity";256.68;23.96
40;74;"2023-04-08";"gas";485.0;92.88
41;35;"2023-11-19";"gas";956.16;58.18
42;92;"2021-08-25";"gas";415.82;42.32
43;73;"2024-04-02";"gas";224.81;26.68
44;45;"2023-12-29";"gas";1283.36;122.04
45;79;"2024-02-04";"gas";135.35;22.44
46;47;"2023-12-20";"electricity";833.99;122.79
47;95;"2022-03-04";"gas";1965.17;139.35
48;72;"2023-11-19";"gas";441.05;59.9
49;44;"2021-08-16";"electricity";474.75;49.81
50;10;"2022-05-13";"electricity";47.11;8.75
51;26;"2024-02-09";"electricity";638.34;42.37
52;11;"2021-11-03";"gas";238.12;24.75
53;40;"2024-05-20";"gas";184.04;28.17
54;20;"2023-01-30";"gas";506.26;41.09
55;10;"2021-10-10";"gas";95.4;14.41
56;23;"2021-09-21";"electricity";840.1;119.83
57;62;"2023-11-10";"gas";438.44;53.13
58;89;"2024-03-19";"electricity";699.95;58.9
59;62;"2021-09-26";"electricity";269.64;31.53
60;46;"2024-05-11";"electricity";694.95;42.68
61;46;"2022-03-29";"electricity";1827.42;110.05
62;30;"2023-11-06";"electricity";496.64;51.92
63;42;"2023-03-30";"gas";1672.36;94.44
64;41;"2021-08-05";"gas";1210.29;102.75
65;25;"2024-02-24";"gas";634.25;53.79
66;90;"2023-03-24";"gas";183.54;26.65
67;89;"2022-08-16";"gas";1496.19;121.79
68;7;"2023-04-12";"gas";148.2;23.04
69;94;"2022-08-18";"electricity";498.36;47.86
70;94;"2023-05-15";"gas";530.34;78.7
71;67;"2021-12-20";"electricity";361.53;41.52
72;98;"2022-03-30";"gas";451.34;62.43
73;82;"2023-02-15";"gas";201.84;40.23
74;34;"2022-03-15";"gas";288.37;24.0
75;27;"2023-01-27";"electricity";300.65;48.04
76;91;"2023-07-24";"electricity";1843.29;111.52
77;18;"2021-10-25";"electricity";809.08;61.97
78;66;"2023-12-24";"gas";163.51;18.18
79;1;"2021-07-26";"electricity";971.85;107.84
80;57;"2022-02-16";"gas";1804.13;123.76
81;64;"2024-03-24";"electricity";43.38;6.95
82;87;"2022-06-14";"gas";278.81;45.25
83;8;"2022-04-15";"electricity";656.28;49.49
84;1;"2023-05-08";"electricity";768.48;95.09
85;75;"2022-07-08";"electricity";601.66;86.3
86;49;"2022-09-05";"gas";1627.02;150.03
87;81;"2022-03-12";"electricity";432.11;51.34
88;79;"2023-05-12";"electricity";340.68;39.4
89;58;"2022-10-04";"electricity";380.6;66.25
90;71;"2022-03-19";"gas";845.72;69.29
91;28;"2022-03-04";"gas";874.13;73.1
92;68;"2023-02-13";"gas";1946.12;171.03
93;20;"2021-08-11";"electricity";1039.2;56.72
94;50;"2023-10-25";"gas";83.28;15.78
95;53;"2021-08-16";"gas";319.48;33.08
96;57;"2021-11-25";"gas";1575.69;90.88
97;100;"2024-01-11";"electricity";92.21;10.85
98;37;"2022-12-18";"gas";1825.26;144.87
99;9;"2021-07-10";"gas";982.72;136.98
100;4;"2021-08-18";"electricity";450.76;66.11
101;84;"2021-10-07";"gas";367.35;36.45
102;90;"2021-09-01";"electricity";401.87;50.15
103;76;"2022-09-25";"gas";170.0;18.4
104;86;"2021-06-30";"gas";929.56;84.45
105;32;"2022-05-30";"gas";208.98;27.0
106;50;"2023-03-20";"electricity";357.13;57.0
107;65;"2023-03-24";"electricity";1911.59;102.13
108;78;"2023-02-05";"gas";97.32;19.46
109;54;"2024-05-25";"electricity";210.31;40.97
110;98;"2022-12-10";"electricity";266.94;44.89
111;69;"2021-10-05";"electricity";1957.93;124.5
112;42;"2024-05-05";"gas";1943.15;176.22
113;70;"2021-08-29";"gas";964.1;127.61
114;25;"2022-12-02";"gas";422.64;38.28
115;39;"2023-03-16";"electricity";374.07;51.85
116;64;"2022-11-13";"electricity";317.52;36.54
117;82;"2022-05-07";"gas";223.87;32.86
118;98;"2023-07-11";"gas";231.75;35.34
119;87;"2024-04-03";"electricity";392.98;40.39
120;15;"2023-03-13";"electricity";638.33;73.49
121;4;"2024-05-12";"electricity";249.82;29.7
122;61;"2021-07-31";"gas";247.83;28.63
123;50;"2023-08-21";"electricity";211.36;39.72
124;5;"2022-09-04";"electricity";977.79;92.16
125;48;"2024-04-21";"gas";1186.85;64.44
126;42;"2022-02-08";"gas";1620.57;124.47
127;76;"2024-02-22";"electricity";426.75;58.04
128;47;"2022-09-15";"electricity";563.51;75.8
129;39;"2022-08-06";"electricity";17.04;3.1
130;56;"2023-09-26";"gas";112.94;15.51
131;16;"2022-02-21";"gas";515.15;33.08
132;41;"2022-08-25";"gas";784.6;47.01
133;59;"2023-05-01";"electricity";1957.48;108.63
134;70;"2024-03-07";"gas";748.99;107.27
135;1;"2023-02-07";"electricity";869.63;121.95
136;21;"2023-04-15";"gas";176.81;21.91
137;43;"2022-03-09";"gas";387.9;38.72
138;71;"2022-06-17";"electricity";286.21;39.92
139;35;"2022-01-26";"electricity";531.06;38.88
140;60;"2023-01-07";"gas";115.96;19.78
141;17;"2022-02-26";"electricity";119.57;15.24
142;4;"2023-12-05";"electricity";412.31;57.39
143;65;"2023-08-11";"gas";625.2;46.7
144;70;"2022-12-21";"gas";596.69;63.27
145;68;"2022-10-23";"electricity";1658.88;164.61
146;42;"2023-03-04";"electricity";1183.27;62.35
147;40;"2023-01-03";"gas";499.54;67.94
148;8;"2022-03-12";"gas";758.92;75.72
149;83;"2021-08-16";"electricity";532.66;64.35
150;85;"2022-05-14";"electricity";622.43;66.62
151;40;"2022-02-26";"electricity";180.14;32.42
152;90;"2022-01-06";"electricity";62.69;11.95
153;95;"2022-08-05";"gas";1423.81;76.17
154;51;"2024-01-26";"electricity";896.29;69.77
155;77;"2022-07-14";"gas";587.13;37.03
156;67;"2024-02-24";"gas";405.98;45.82
157;1;"2021-09-26";"electricity";545.59;58.05
158;15;"2024-01-07";"gas";570.2;66.69
159;80;"2024-04-22";"gas";1917.62;191.45
160;62;"2022-10-23";"gas";523.26;63.62
161;13;"2023-04-07";"gas";20.8;4.06
162;43;"2023-06-14";"gas";222.04;29.73
163;97;"2023-05-13";"gas";636.97;45.5
164;19;"2021-11-28";"gas";566.49;52.54
165;19;"2022-06-09";"gas";601.02;58.39
166;28;"2021-11-18";"electricity";1747.58;126.91
167;33;"2022-06-16";"electricity";535.88;30.51
168;24;"2023-11-09";"electricity";1963.95;124.53
169;22;"2023-03-09";"electricity";686.14;58.78
170;25;"2022-01-20";"electricity";847.75;72.24
171;68;"2024-03-07";"electricity";1785.57;135.9
172;10;"2022-08-22";"electricity";60.88;11.69
173;64;"2022-11-20";"electricity";491.22;56.91
174;43;"2022-03-09";"electricity";528.0;59.39
175;8;"2021-09-30";"electricity";1649.17;105.91
176;57;"2023-05-09";"electricity";510.06;42.37
177;33;"2022-09-25";"gas";601.01;56.26
178;32;"2022-11-02";"electricity";804.46;120.5
179;78;"2023-03-06";"electricity";426.47;44.38
180;53;"2024-02-27";"gas";954.9;102.75
181;32;"2023-04-23";"electricity";223.87;22.76
182;18;"2023-03-11";"gas";837.46;56.15
183;69;"2023-11-01";"electricity";1191.17;76.82
184;33;"2023-03-15";"electricity";1229.08;103.1
185;75;"2022-03-11";"gas";647.77;59.49
186;51;"2021-11-26";"electricity";864.89;62.19
187;73;"2023-01-04";"gas";219.9;25.93
188;86;"2022-07-13";"electricity";1041.13;78.08
189;13;"2022-05-14";"electricity";175.47;24.19
190;11;"2024-02-03";"gas";287.47;45.8
191;62;"2022-05-09";"gas";304.87;35.71
192;69;"2022-01-11";"electricity";1586.92;150.99
193;30;"2022-06-02";"electricity";433.33;42.45
194;78;"2023-04-12";"electricity";221.79;26.73
195;21;"2022-03-14";"electricity";274.91;26.04
196;45;"2021-09-20";"gas";1613.51;86.33
197;37;"2022-04-12";"gas";672.02;35.0
198;9;"2021-07-21";"gas";974.61;120.23
199;37;"2021-11-17";"gas";1630.15;158.59
200;36;"2022-02-07";"gas";1220.56;77.97
201;59;"2022-04-03";"gas";800.22;44.31
202;91;"2022-04-20";"electricity";1038.4;56.28
203;26;"2023-12-17";"gas";1087.66;92.68
204;95;"2023-04-10";"electricity";1466.24;85.07
205;88;"2023-06-21";"electricity";408.49;46.1
206;69;"2022-04-15";"electricity";1201.96;83.62
207;2;"2024-03-01";"electricity";559.41;83.49
208;37;"2024-04-26";"electricity";730.09;52.12
209;83;"2024-04-11";"electricity";251.22;32.79
210;89;"2022-06-18";"gas";1361.83;89.93
211;54;"2023-01-11";"gas";164.07;19.16
212;89;"2023-04-29";"electricity";589.26;53.97
213;98;"2022-04-18";"gas";292.13;57.98
214;73;"2023-10-06";"gas";499.39;95.89
215;22;"2022-04-13";"electricity";554.6;73.14
216;17;"2021-12-18";"gas";227.05;23.76
217;26;"2021-07-23";"gas";1711.94;107.21
218;24;"2023-03-10";"gas";1582.89;120.18
219;91;"2022-07-30";"electricity";1749.53;91.83
220;61;"2021-11-29";"electricity";291.56;33.35
221;41;"2021-07-31";"electricity";1473.11;112.13
222;21;"2022-03-27";"gas";504.65;45.65
223;20;"2023-08-12";"electricity";1032.45;89.05
224;34;"2021-09-21";"gas";430.77;34.79
225;97;"2024-03-07";"electricity";575.72;38.47
226;53;"2022-10-09";"gas";338.87;45.15
227;65;"2022-05-01";"gas";946.44;64.25
228;73;"2023-01-05";"electricity";272.88;31.36
229;49;"2024-02-05";"electricity";1769.09;170.69
230;71;"2022-11-21";"gas";864.78;88.3
231;26;"2022-11-19";"electricity";621.84;39.21
232;32;"2022-05-13";"electricity";931.75;90.96
233;9;"2024-03-18";"electricity";108.23;9.09
234;23;"2024-02-19";"electricity";670.61;88.25
235;61;"2023-05-23";"electricity";248.23;35.34
236;78;"2023-12-15";"electricity";288.15;52.0
237;16;"2024-03-13";"electricity";1877.17;142.84
238;88;"2021-07-16";"electricity";905.08;81.42
239;44;"2024-01-08";"gas";257.63;49.99
240;24;"2021-11-01";"electricity";1297.64;71.27
241;63;"2021-08-17";"gas";913.09;99.8
242;100;"2024-02-08";"electricity";496.72;52.57
243;37;"2022-12-11";"gas";1683.6;87.21
244;54;"2024-03-06";"electricity";231.17;30.95
245;91;"2023-11-10";"gas";755.62;52.68
246;6;"2024-03-01";"electricity";1552.22;80.8
247;91;"2021-08-24";"electricity";1480.4;126.16
248;73;"2022-02-08";"gas";389.29;55.09
249;61;"2023-04-16";"electricity";277.06;22.71
250;34;"2023-01-19";"electricity";891.58;123.65
251;72;"2022-01-09";"electricity";311.88;38.67
252;51;"2023-07-29";"electricity";1732.4;148.51
253;8;"2023-06-10";"electricity";816.28;51.83
254;73;"2022-06-16";"gas";306.28;57.95
255;88;"2024-05-11";"gas";337.29;33.05
256;100;"2024-02-01";"gas";315.16;52.84
257;41;"2021-08-01";"electricity";1763.88;112.52
258;7;"2021-11-19";"gas";131.76;21.25
259;20;"2022-09-23";"gas";591.65;57.57
260;71;"2023-07-15";"electricity";969.94;84.97
261;51;"2024-03-12";"gas";1424.37;78.88
262;97;"2023-07-15";"gas";1664.34;109.97
263;83;"2021-08-16";"gas";382.16;46.25
264;95;"2024-04-25";"electricity";1666.96;138.15
265;80;"2023-02-15";"gas";546.04;31.69
266;27;"2023-01-29";"electricity";126.07;18.42
267;33;"2023-05-11";"gas";1274.93;82.89
268;33;"2021-06-24";"electricity";875.92;69.68
269;45;"2023-11-20";"electricity";947.74;65.76
270;77;"2021-09-25";"gas";1921.81;146.14
271;58;"2024-02-22";"electricity";380.54;71.17
272;71;"2021-10-07";"gas";580.13;62.95
273;91;"2021-09-21";"electricity";884.14;62.97
274;87;"2022-05-01";"electricity";421.88;49.12
275;91;"2022-07-30";"electricity";995.84;59.61
276;65;"2021-08-10";"gas";1357.93;72.58
277;27;"2023-12-24";"electricity";419.15;45.67
278;7;"2024-04-20";"electricity";275.6;34.47
279;5;"2021-11-03";"electricity";1662.61;83.36
280;14;"2023-03-21";"gas";400.27;43.91
281;4;"2022-02-04";"electricity";552.45;56.07
282;37;"2023-01-14";"gas";1305.82;92.66
283;27;"2022-08-10";"gas";406.46;43.25
284;92;"2022-07-04";"electricity";482.23;53.47
285;12;"2023-06-06";"gas";638.78;78.05
286;58;"2021-09-18";"electricity";42.78;5.66
287;24;"2022-05-10";"gas";1941.65;99.23
288;15;"2023-02-27";"electricity";633.4;51.39
289;43;"2024-03-14";"electricity";125.46;15.86
290;78;"2022-03-08";"electricity";272.85;49.94
291;52;"2023-06-02";"gas";1138.9;105.47
292;39;"2024-01-07";"gas";453.28;81.8
293;82;"2023-09-21";"gas";166.84;20.66
294;39;"2022-02-21";"gas";30.62;6.05
295;14;"2021-12-07";"electricity";490.08;51.47
296;55;"2024-01-05";"electricity";199.39;27.39
297;3;"2024-03-22";"electricity";448.05;60.55
298;65;"2024-03-23";"gas";1608.21;91.23
299;50;"2024-01-24";"gas";452.46;49.27
300;63;"2022-04-20";"gas";752.5;107.42
301;59;"2023-05-11";"electricity";1839.11;167.88
302;92;"2023-02-22";"electricity";532.96;71.55
303;44;"2023-12-12";"gas";149.35;28.49
304;33;"2022-03-02";"electricity";1754.64;88.26
305;41;"2023-04-28";"electricity";1615.13;113.21
306;78;"2022-08-27";"electricity";485.95;79.31
307;59;"2023-12-23";"electricity";722.52;57.7
308;77;"2022-12-31";"electricity";747.59;72.31
309;7;"2024-03-13";"electricity";433.6;65.15
310;44;"2024-04-07";"electricity";433.08;70.9
311;53;"2023-01-30";"electricity";790.59;80.09
312;32;"2022-02-14";"electricity";887.15;122.81
313;86;"2023-02-18";"gas";1059.21;93.11
314;22;"2023-12-05";"electricity";608.13;84.16
315;69;"2021-09-27";"gas";1797.92;93.36
316;42;"2023-02-19";"gas";1959.29;137.99
317;32;"2023-06-02";"gas";966.5;132.23
318;92;"2021-11-27";"electricity";513.13;43.52
319;35;"2022-02-18";"electricity";1081.51;105.33
320;78;"2023-03-13";"gas";437.83;68.78
321;28;"2022-12-08";"gas";1088.25;86.6
322;24;"2024-01-02";"electricity";560.86;49.02
323;55;"2023-05-19";"gas";277.62;40.73
324;99;"2022-06-01";"gas";966.7;125.08
325;1;"2021-10-16";"gas";587.81;68.6
326;76;"2023-06-27";"gas";626.77;57.51
327;70;"2021-07-20";"electricity";989.72;125.26
328;60;"2024-05-21";"gas";355.05;44.87
329;26;"2024-03-08";"electricity";1289.47;119.32
330;14;"2021-06-25";"gas";299.07;42.78
331;24;"2021-10-09";"electricity";1011.05;52.02
332;84;"2024-03-15";"electricity";522.34;70.12
333;44;"2024-03-15";"gas";260.97;40.51
334;8;"2023-06-09";"electricity";1651.41;91.7
335;4;"2023-08-27";"gas";172.88;19.21
336;92;"2021-08-09";"gas";795.24;116.63
337;83;"2021-07-13";"gas";328.17;37.3
338;25;"2024-01-25";"gas";311.27;41.52
339;77;"2022-06-23";"gas";617.38;39.52
340;8;"2024-05-21";"gas";638.69;34.33
341;81;"2023-07-15";"electricity";999.26;138.99
342;59;"2023-09-21";"gas";690.67;57.97
343;17;"2023-06-25";"gas";965.62;135.45
344;88;"2023-07-03";"electricity";343.4;30.88
345;100;"2021-12-13";"gas";153.0;23.7
346;74;"2021-12-30";"electricity";333.84;34.07
347;49;"2023-02-17";"gas";1281.32;128.09
348;53;"2024-05-08";"gas";363.64;40.95
349;89;"2023-11-24";"electricity";814.77;67.81
350;67;"2022-08-11";"gas";386.07;41.31
351;14;"2023-11-04";"gas";39.29;5.83
352;65;"2024-02-08";"electricity";599.97;43.61
353;63;"2022-02-12";"electricity";973.48;91.35
354;42;"2024-02-17";"electricity";1726.76;105.92
355;12;"2022-05-27";"electricity";819.77;105.27
356;84;"2023-06-24";"gas";151.21;21.47
357;44;"2024-04-12";"electricity";34.0;3.53
358;65;"2023-07-21";"gas";1883.66;117.14
359;49;"2023-08-09";"electricity";1065.58;79.32
360;45;"2023-06-19";"electricity";1761.79;117.48
361;6;"2023-07-18";"gas";579.01;48.91
362;45;"2024-04-04";"gas";1149.34;61.16
363;47;"2021-10-15";"electricity";737.2;90.97
364;58;"2023-07-04";"gas";88.48;16.94
365;42;"2023-11-03";"electricity";817.31;62.1
366;99;"2024-03-18";"electricity";546.63;73.14
367;3;"2021-11-25";"electricity";308.43;48.72
368;55;"2022-03-12";"electricity";101.31;13.67
369;54;"2022-01-04";"gas";435.37;81.23
370;84;"2022-04-22";"electricity";850.69;107.38
371;47;"2022-11-01";"gas";289.42;37.31
372;81;"2021-11-02";"electricity";458.36;53.56
373;21;"2022-03-29";"gas";234.0;34.11
374;95;"2021-12-16";"gas";1675.44;107.19
375;37;"2024-01-09";"gas";1614.38;122.42
376;84;"2022-07-27";"gas";480.51;49.34
377;57;"2023-09-19";"gas";556.43;38.89
378;17;"2021-08-12";"gas";710.22;68.08
379;67;"2023-11-23";"gas";453.62;48.51
380;58;"2022-03-02";"electricity";216.94;26.8
381;33;"2022-11-20";"electricity";1955.13;149.17
382;31;"2022-10-31";"gas";773.25;104.16
383;62;"2023-01-01";"electricity";756.65;63.11
384;41;"2023-12-02";"gas";1302.85;126.26
385;80;"2024-04-11";"electricity";1772.31;88.95
386;96;"2021-09-16";"gas";1683.39;121.37
387;7;"2023-04-03";"gas";378.5;43.58
388;97;"2024-01-12";"gas";1482.18;119.89
389;65;"2023-10-17";"electricity";916.48;64.14
390;72;"2022-01-05";"gas";237.99;27.53
391;45;"2023-04-21";"electricity";1780.22;148.45
392;67;"2023-05-18";"electricity";764.26;99.12
393;58;"2023-07-25";"gas";275.38;41.07
394;97;"2021-07-30";"electricity";1512.53;92.1
395;48;"2023-11-05";"gas";1036.74;94.99
396;5;"2021-11-12";"gas";723.44;49.68
397;51;"2023-06-27";"gas";1234.17;113.46
398;45;"2022-04-05";"electricity";1081.84;108.0
399;79;"2022-07-10";"gas";125.13;18.15
400;46;"2022-07-18";"electricity";677.21;41.9
401;76;"2022-02-26";"electricity";304.61;24.84
402;66;"2022-12-27";"gas";239.26;33.17
403;14;"2022-11-21";"gas";280.65;51.4
404;58;"2023-08-15";"electricity";142.31;21.89
405;84;"2023-05-12";"gas";219.73;27.07
406;58;"2022-07-17";"gas";58.56;11.03
407;56;"2021-08-04";"gas";217.53;38.75
408;39;"2022-05-23";"electricity";172.07;34.31
409;33;"2022-03-26";"gas";516.11;43.22
410;9;"2022-07-17";"electricity";541.69;61.8
411;87;"2023-06-18";"gas";446.9;78.82
412;3;"2023-04-13";"gas";360.84;59.42
413;37;"2022-06-01";"gas";695.97;48.05
414;94;"2023-05-17";"electricity";307.08;34.0
415;96;"2022-05-06";"electricity";1133.84;91.77
416;65;"2022-02-11";"electricity";1818.6;116.84
417;44;"2022-11-06";"electricity";209.37;21.79
418;29;"2024-04-23";"electricity";1081.84;66.52
419;65;"2024-04-30";"gas";1692.98;141.12
420;32;"2023-10-29";"gas";995.02;99.99
421;4;"2022-03-26";"electricity";506.23;73.74
422;90;"2023-04-23";"gas";397.08;51.59
423;76;"2023-08-03";"electricity";956.73;100.51
424;8;"2023-07-07";"electricity";1775.88;89.48
425;54;"2024-05-05";"gas";70.25;7.73
426;52;"2023-12-11";"gas";787.45;61.07
427;23;"2022-05-05";"electricity";515.61;47.32
428;93;"2021-06-20";"electricity";777.68;39.2
429;88;"2023-03-03";"gas";978.4;81.93
430;29;"2023-09-09";"gas";1861.48;102.14
431;88;"2022-03-13";"gas";412.03;48.11
432;77;"2021-12-03";"electricity";1161.82;85.42
433;8;"2024-02-10";"gas";1984.22;163.12
434;41;"2024-05-17";"gas";1001.83;66.33
435;17;"2023-04-07";"gas";973.07;104.89
436;9;"2024-02-22";"electricity";832.31;72.73
437;75;"2023-11-20";"electricity";415.09;53.17
438;93;"2022-07-27";"electricity";1358.27;99.61
439;10;"2023-04-03";"electricity";170.52;21.78
440;53;"2022-11-07";"electricity";861.07;113.83
441;59;"2023-10-31";"gas";1254.07;103.61
442;94;"2021-09-06";"electricity";802.77;115.95
443;80;"2023-06-19";"gas";1581.43;91.48
444;61;"2023-12-07";"gas";791.09;93.3
445;32;"2024-01-26";"gas";212.36;17.02
446;95;"2022-08-18";"gas";990.02;62.62
447;88;"2022-04-04";"electricity";564.27;68.51
448;75;"2022-06-27";"electricity";504.04;41.2
449;9;"2022-06-02";"gas";175.34;23.43
450;61;"2021-06-01";"gas";778.93;77.25
451;84;"2024-01-04";"electricity";580.66;47.58
452;74;"2023-11-27";"gas";168.93;30.69
453;99;"2024-01-09";"electricity";603.77;61.35
454;63;"2022-08-19";"electricity";541.06;59.6
455;56;"2024-05-02";"gas";49.98;7.7
456;14;"2023-10-30";"gas";82.93;14.8
457;46;"2022-01-29";"gas";1368.9;124.75
458;38;"2022-04-23";"gas";474.02;92.64
459;91;"2023-03-01";"electricity";1403.87;99.85
460;64;"2022-09-29";"gas";242.84;39.19
461;28;"2021-11-16";"gas";1661.73;135.44
462;23;"2021-07-27";"gas";468.17;50.49
463;76;"2022-11-19";"gas";903.88;73.15
464;76;"2023-06-23";"gas";216.82;19.31
465;97;"2023-11-20";"electricity";1490.07;139.53
466;52;"2022-06-03";"gas";1193.33;75.47
467;92;"2022-10-20";"electricity";930.4;113.21
468;29;"2022-09-30";"gas";549.35;42.52
469;24;"2023-05-04";"gas";698.1;69.35
470;20;"2021-11-30";"gas";588.13;31.68
471;82;"2022-12-30";"electricity";204.93;36.34
472;70;"2021-07-29";"electricity";878.48;92.16
473;38;"2022-08-20";"gas";73.85;13.3
474;17;"2024-04-14";"electricity";121.43;13.99
475;47;"2023-06-24";"electricity";205.78;27.18
476;22;"2021-08-26";"gas";745.44;79.48
477;10;"2024-05-19";"gas";444.33;74.5
478;52;"2022-09-11";"gas";1699.79;145.2
479;37;"2023-01-22";"gas";1389.79;112.39
480;14;"2023-04-28";"electricity";392.24;40.74
481;70;"2022-10-10";"electricity";380.98;39.43
482;68;"2022-10-07";"electricity";1157.1;94.23
483;68;"2023-01-26";"gas";1862.58;176.26
484;54;"2022-10-07";"gas";208.31;37.52
485;7;"2023-01-09";"electricity";165.43;21.73
486;59;"2021-12-04";"gas";1434.8;82.09
487;82;"2022-04-02";"electricity";218.38;27.77
488;31;"2021-07-14";"electricity";748.52;99.58
489;37;"2021-09-15";"electricity";1920.74;171.61
490;46;"2021-05-30";"gas";786.33;64.35
491;89;"2023-12-04";"gas";1614.44;141.13
492;78;"2022-10-09";"electricity";276.97;33.18
493;75;"2024-02-12";"gas";933.42;89.64
494;29;"2022-02-19";"gas";1330.06;93.67
495;63;"2024-02-04";"electricity";507.59;58.98
496;96;"2023-07-12";"electricity";1701.97;150.12
497;57;"2021-07-20";"electricity";1955.58;116.5
498;83;"2021-06-10";"electricity";835.02;107.48
499;3;"2022-05-10";"gas";146.02;21.14
500;85;"2022-02-08";"electricity";444.23;60.59
501;67;"2021-10-06";"gas";646.88;86.06
502;53;"2022-12-04";"gas";459.93;63.15
503;13;"2022-02-14";"electricity";264.57;26.98
504;18;"2021-11-10";"electricity";1918.14;160.93
505;45;"2021-08-28";"gas";1665.91;99.93
506;59;"2023-12-21";"gas";873.68;43.75
507;15;"2022-02-27";"gas";353.78;44.0
508;94;"2024-01-06";"gas";501.48;73.74
509;39;"2021-12-02";"electricity";158.17;25.17
510;90;"2023-11-02";"gas";104.6;20.62
511;70;"2023-04-29";"electricity";673.83;59.4
512;10;"2022-08-29";"electricity";94.02;13.91
513;49;"2021-10-14";"gas";1881.73;120.92
514;43;"2024-04-27";"gas";636.03;84.56
515;31;"2022-12-28";"gas";719.56;71.23
516;61;"2022-04-19";"electricity";529.34;70.2
517;40;"2023-08-25";"gas";453.77;59.93
518;13;"2022-10-26";"electricity";271.63;52.47
519;23;"2022-02-12";"gas";304.42;26.83
520;25;"2023-09-29";"electricity";126.47;18.77
521;96;"2023-06-22";"electricity";1941.24;146.03
522;74;"2023-01-06";"electricity";444.32;60.7
523;36;"2022-08-28";"gas";1544.5;93.83
524;58;"2021-09-06";"gas";124.6;19.81
525;68;"2021-09-11";"gas";1139.19;97.43
526;88;"2022-11-25";"gas";768.68;82.84
527;49;"2023-07-19";"electricity";1237.11;108.48
528;31;"2023-06-23";"gas";561.07;54.15
529;30;"2024-01-23";"gas";108.77;10.62
530;78;"2023-07-12";"gas";358.12;61.96
531;93;"2022-02-06";"electricity";1826.16;175.72
532;95;"2021-10-07";"electricity";1097.6;96.06
533;44;"2021-08-24";"electricity";221.96;42.91
534;48;"2022-04-05";"electricity";802.14;52.14
535;87;"2022-10-08";"electricity";360.42;48.27
536;1;"2022-12-22";"gas";335.72;46.83
537;91;"2022-04-18";"electricity";1816.35;102.54
538;35;"2024-01-28";"gas";1223.73;83.97
539;23;"2021-09-25";"gas";176.65;16.68
540;2;"2021-07-07";"gas";330.46;48.53
541;76;"2024-05-09";"electricity";900.57;107.74
542;92;"2022-04-17";"gas";316.47;42.22
543;31;"2024-03-02";"electricity";390.13;46.86
544;15;"2021-08-01";"gas";367.75;29.86
545;33;"2023-02-20";"gas";1578.58;149.82
546;30;"2022-07-15";"gas";306.59;27.68
547;91;"2022-11-18";"gas";522.23;32.88
548;68;"2023-03-16";"electricity";1395.72;88.27
549;54;"2023-09-09";"electricity";475.31;66.93
550;46;"2023-06-29";"gas";587.27;36.52
551;99;"2023-08-13";"gas";721.12;81.31
552;90;"2023-09-26";"electricity";204.8;40.2
553;52;"2022-04-04";"gas";1860.66;155.29
554;20;"2024-04-29";"gas";984.8;55.14
555;14;"2021-05-30";"electricity";328.86;37.97
556;56;"2023-08-20";"electricity";12.9;1.7
557;24;"2024-03-16";"electricity";635.93;57.26
558;26;"2021-06-21";"electricity";1223.88;74.1
559;1;"2023-03-05";"electricity";196.02;26.82
560;16;"2021-09-19";"gas";764.63;43.48
561;99;"2024-03-13";"gas";610.04;67.22
562;56;"2023-05-14";"electricity";426.12;61.24
563;79;"2023-02-08";"electricity";440.62;46.79
564;83;"2023-02-25";"electricity";740.48;99.85
565;96;"2021-10-17";"electricity";1627.94;100.4
566;6;"2022-05-18";"electricity";880.72;52.01
567;44;"2022-05-19";"electricity";237.05;37.01
568;38;"2023-03-11";"electricity";401.12;77.13
569;35;"2022-07-17";"electricity";1924.84;116.17
570;28;"2023-07-15";"electricity";1625.0;101.88
571;76;"2021-08-25";"gas";389.97;45.7
572;21;"2024-03-03";"electricity";957.15;114.34
573;85;"2023-08-04";"gas";275.76;37.58
574;1;"2021-08-26";"gas";176.74;14.88
575;49;"2022-04-22";"electricity";1950.71;193.56
576;12;"2023-11-20";"gas";516.05;44.02
577;86;"2021-12-02";"electricity";1240.65;86.46
578;4;"2023-02-18";"gas";519.83;69.53
579;96;"2023-09-22";"gas";717.32;65.33
580;90;"2024-02-01";"electricity";292.08;36.02
581;63;"2021-10-27";"gas";543.16;48.41
582;37;"2023-01-30";"electricity";1414.93;133.12
583;20;"2022-12-24";"gas";1774.5;93.1
584;38;"2021-08-23";"electricity";199.38;28.95
585;86;"2022-07-17";"gas";1955.75;128.7
586;19;"2024-03-14";"gas";824.27;102.34
587;64;"2022-06-07";"gas";342.22;36.73
588;86;"2022-06-21";"gas";1760.39;90.34
589;7;"2021-07-05";"gas";90.39;13.71
590;84;"2024-03-21";"gas";519.32;50.02
591;94;"2023-03-04";"electricity";609.77;57.51
592;99;"2023-11-23";"gas";920.99;81.5
593;92;"2021-08-12";"gas";537.15;66.02
594;86;"2024-01-02";"electricity";1473.66;75.99
595;69;"2022-06-04";"electricity";1507.17;102.02
596;14;"2022-01-22";"gas";356.86;54.6
597;85;"2023-01-19";"electricity";493.38;42.74
598;79;"2022-11-06";"electricity";85.84;10.13
599;96;"2021-06-07";"gas";614.35;57.39
600;37;"2022-07-30";"gas";920.38;77.39
601;10;"2023-03-11";"electricity";114.65;19.89
602;74;"2021-11-10";"electricity";490.72;58.89
603;12;"2024-02-14";"gas";323.13;40.72
604;68;"2024-02-24";"gas";842.67;78.87
605;33;"2023-01-13";"electricity";1693.27;126.14
606;79;"2022-01-01";"gas";50.59;8.51
607;14;"2023-12-10";"electricity";137.85;26.57
608;8;"2022-04-09";"gas";1721.12;126.2
609;29;"2023-06-25";"electricity";1269.14;97.29
610;5;"2023-04-19";"electricity";1529.67;143.37
611;87;"2022-06-20";"electricity";131.38;13.51
612;87;"2022-04-22";"gas";271.18;47.14
613;93;"2023-04-25";"gas";643.62;54.02
614;20;"2022-07-06";"electricity";517.57;30.49
615;67;"2024-02-22";"gas";529.7;71.15
616;48;"2024-02-18";"electricity";774.55;50.04
617;42;"2023-10-10";"electricity";954.01;54.37
618;34;"2024-01-28";"gas";404.42;42.19
619;66;"2022-09-10";"electricity";176.23;28.65
620;16;"2023-02-19";"gas";893.41;62.38
621;100;"2021-12-02";"gas";428.89;61.26
622;24;"2023-10-27";"gas";621.33;42.81
623;60;"2023-01-23";"gas";77.2;11.01
624;8;"2021-10-22";"electricity";1563.75;132.36
625;32;"2022-03-30";"electricity";834.97;94.77
626;27;"2023-12-22";"gas";226.93;38.81
627;3;"2024-03-02";"gas";288.55;55.56
628;72;"2022-12-04";"gas";364.24;52.77
629;37;"2024-03-14";"electricity";1010.5;79.5
630;85;"2023-08-28";"gas";466.62;61.4
631;77;"2022-04-18";"gas";1066.37;79.97
632;97;"2022-08-30";"gas";1803.93;154.88
633;59;"2021-12-01";"electricity";1583.94;93.18
634;43;"2022-02-14";"gas";223.65;31.16
635;3;"2023-03-20";"electricity";216.4;42.03
636;42;"2022-07-29";"electricity";1815.51;146.46
637;41;"2022-11-12";"electricity";1996.0;143.76
638;55;"2021-10-28";"electricity";209.52;31.85
639;16;"2021-08-17";"gas";1304.73;104.37
640;81;"2022-12-17";"electricity";688.46;88.0
641;95;"2021-09-17";"electricity";1174.79;114.12
642;57;"2023-06-15";"electricity";1000.09;88.37
643;10;"2023-10-08";"gas";193.05;37.34
644;89;"2023-03-31";"electricity";821.68;45.61
645;31;"2023-03-09";"electricity";188.97;27.65
646;73;"2023-10-27";"gas";315.49;62.46
647;93;"2022-10-04";"electricity";1895.5;168.75
648;57;"2023-04-08";"gas";1037.02;74.1
649;63;"2023-02-24";"gas";169.25;23.22
650;96;"2024-03-14";"gas";842.08;66.68
651;50;"2023-10-16";"gas";55.46;9.71
652;89;"2021-08-03";"electricity";1092.78;57.33
653;89;"2024-05-13";"electricity";1103.87;56.79
654;81;"2023-03-07";"electricity";225.97;33.6
655;80;"2024-01-10";"electricity";1258.62;74.65
656;57;"2022-09-29";"electricity";1122.7;76.27
657;46;"2022-06-09";"gas";1704.46;145.14
658;95;"2021-06-10";"gas";1502.9;129.48
659;100;"2022-02-12";"gas";456.72;85.26
660;21;"2022-08-16";"electricity";488.24;72.63
661;63;"2022-05-10";"gas";807.29;118.66
662;82;"2023-06-18";"electricity";478.6;69.05
663;44;"2021-11-29";"electricity";246.24;34.77
664;56;"2023-11-10";"gas";29.85;5.65
665;89;"2023-02-18";"electricity";1871.25;132.83
666;42;"2023-09-01";"gas";913.23;45.67
667;34;"2021-07-02";"electricity";754.24;103.52
668;18;"2022-08-07";"electricity";1739.43;112.44
669;37;"2022-11-06";"electricity";1974.81;185.09
670;85;"2022-04-19";"gas";676.94;82.11
671;49;"2022-07-20";"electricity";1294.98;85.52
672;80;"2022-04-21";"gas";1959.95;164.81
673;77;"2021-08-22";"electricity";1378.23;78.01
674;11;"2023-06-05";"electricity";494.76;74.52
675;42;"2022-07-30";"gas";1015.93;92.34
676;43;"2023-11-03";"electricity";723.48;76.43
677;94;"2022-01-06";"electricity";414.19;58.56
678;6;"2021-06-26";"gas";880.9;70.84
679;80;"2024-05-10";"electricity";1934.65;168.36
680;90;"2021-09-13";"gas";321.3;48.05
681;67;"2023-08-04";"electricity";182.63;25.28
682;71;"2024-04-07";"gas";850.16;122.73
683;93;"2023-08-14";"gas";1914.28;109.62
684;28;"2022-05-21";"electricity";1039.57;88.38
685;82;"2023-11-08";"electricity";181.77;31.11
686;74;"2023-12-21";"electricity";387.84;57.81
687;11;"2023-05-16";"gas";18.76;3.15
688;49;"2024-02-11";"gas";1343.75;91.82
689;100;"2023-01-02";"electricity";242.16;30.5
690;28;"2022-02-11";"electricity";781.85;48.29
691;30;"2023-06-16";"electricity";461.58;51.51
692;29;"2022-09-06";"electricity";861.84;59.19
693;14;"2022-12-12";"electricity";40.5;7.54
694;36;"2022-02-28";"electricity";766.54;40.91
695;27;"2022-04-01";"gas";316.62;55.62
696;62;"2023-07-04";"electricity";610.89;83.2
697;86;"2023-10-03";"gas";765.81;65.09
698;77;"2021-07-07";"gas";1894.64;151.14
699;45;"2022-07-02";"gas";1309.72;107.43
700;36;"2022-11-09";"gas";1063.75;93.81
701;95;"2023-02-05";"gas";777.53;61.57
702;19;"2024-02-20";"gas";195.39;23.65
703;21;"2022-04-08";"gas";654.8;90.53
704;51;"2022-05-25";"gas";1721.4;145.8
705;91;"2023-12-10";"gas";1339.93;93.11
706;17;"2021-10-13";"gas";401.52;44.42
707;4;"2022-02-02";"electricity";930.22;130.33
708;41;"2021-08-25";"gas";679.31;64.93
709;86;"2022-11-14";"electricity";672.14;52.81
710;42;"2022-02-26";"electricity";1238.1;87.51
711;70;"2022-09-27";"electricity";646.24;73.62
712;38;"2023-07-02";"gas";313.95;56.31
713;13;"2022-11-02";"gas";485.2;90.61
714;84;"2024-01-09";"electricity";509.81;46.84
715;20;"2021-07-24";"gas";1882.62;158.96
716;64;"2022-07-29";"electricity";450.6;61.51
717;77;"2022-03-10";"gas";1185.86;115.3
718;43;"2022-02-26";"electricity";616.21;88.38
719;56;"2022-11-14";"gas";396.72;43.96
720;84;"2021-11-29";"electricity";413.19;33.23
721;55;"2023-01-22";"gas";225.31;28.22
722;30;"2024-02-23";"electricity";182.33;17.3
723;12;"2022-10-23";"electricity";675.56;54.52
724;92;"2023-09-29";"gas";123.51;18.14
725;98;"2024-02-08";"gas";484.11;56.84
726;13;"2023-04-28";"electricity";66.42;11.74
727;100;"2024-04-19";"gas";139.0;21.05
728;55;"2021-12-15";"electricity";297.66;46.81
729;15;"2022-05-01";"gas";862.01;123.66
730;15;"2022-08-20";"electricity";243.45;21.16
731;63;"2024-03-25";"electricity";680.5;97.05
732;58;"2024-04-18";"gas";307.71;51.73
733;77;"2021-07-13";"electricity";1894.19;164.36
734;95;"2022-08-08";"electricity";1194.41;63.57
735;71;"2023-11-16";"gas";292.87;24.88
736;48;"2023-10-31";"gas";799.28;72.99
737;33;"2021-07-02";"electricity";1918.51;113.31
738;48;"2023-08-21";"electricity";1024.17;82.27
739;68;"2023-03-30";"gas";1982.69;191.56
740;24;"2024-03-11";"electricity";1349.78;124.29
741;14;"2021-07-05";"gas";21.57;2.31
742;18;"2022-04-29";"gas";1501.62;109.1
743;89;"2022-12-06";"gas";1268.41;75.63
744;29;"2023-04-11";"electricity";609.38;60.85
745;41;"2022-07-31";"electricity";1491.99;91.72
746;4;"2023-11-16";"electricity";773.47;74.6
747;63;"2022-02-25";"gas";126.69;12.16
748;88;"2023-04-17";"gas";683.51;81.77
749;75;"2021-06-18";"gas";703.3;67.79
750;41;"2024-01-12";"electricity";1677.63;91.05
751;23;"2022-10-31";"electricity";167.66;23.93
752;13;"2023-01-20";"gas";297.85;47.19
753;36;"2022-07-28";"gas";1280.61;101.4
754;55;"2023-08-20";"gas";241.68;27.09
755;61;"2024-04-07";"electricity";986.37;104.03
756;96;"2022-04-17";"electricity";1080.28;57.79
757;38;"2023-08-26";"gas";239.36;37.35
758;89;"2022-11-15";"electricity";1526.52;140.48
759;37;"2021-11-24";"electricity";1278.0;109.23
760;27;"2023-08-13";"electricity";232.22;27.66
761;39;"2023-05-20";"electricity";167.25;26.39
762;80;"2023-03-28";"gas";1764.55;141.7
763;71;"2022-12-24";"electricity";306.02;39.0
764;38;"2024-02-17";"electricity";43.56;8.58
765;73;"2023-10-21";"electricity";417.29;71.71
766;2;"2023-12-06";"electricity";820.07;96.28
767;2;"2022-10-18";"gas";147.07;21.75
768;44;"2021-06-05";"electricity";189.42;29.63
769;32;"2022-04-15";"electricity";940.04;127.08
770;65;"2022-09-03";"electricity";1807.6;158.28
771;93;"2021-10-08";"gas";1663.27;127.11
772;6;"2023-12-18";"gas";1675.68;136.99
773;65;"2021-08-01";"electricity";1990.27;175.7
774;74;"2021-08-11";"electricity";212.33;31.8
775;16;"2022-08-22";"electricity";1419.39;93.18
776;49;"2021-07-09";"electricity";1270.18;110.73
777;48;"2022-07-11";"gas";799.92;66.98
778;58;"2021-06-06";"gas";373.68;64.6
779;77;"2024-05-12";"electricity";694.25;43.02
780;13;"2023-06-02";"gas";486.44;93.22
781;90;"2023-02-07";"gas";496.17;53.15
782;18;"2023-09-20";"electricity";1472.92;120.47
783;67;"2023-07-04";"gas";479.19;45.22
784;10;"2023-09-21";"electricity";134.52;15.98
785;46;"2022-08-31";"electricity";1213.8;79.1
786;66;"2022-08-01";"gas";83.94;12.82
787;37;"2022-07-23";"electricity";1602.21;124.14
788;13;"2023-07-30";"gas";251.57;38.91
789;14;"2023-02-26";"gas";428.15;79.46
790;55;"2024-04-28";"electricity";351.86;56.76
791;84;"2022-04-12";"gas";964.67;128.88
792;49;"2023-08-22";"electricity";1128.33;59.24
793;31;"2022-11-10";"electricity";151.09;21.43
794;95;"2023-05-21";"electricity";984.74;70.37
795;9;"2024-04-09";"gas";786.81;88.13
796;12;"2022-02-11";"electricity";422.12;35.4
797;54;"2022-10-16";"gas";420.88;65.5
798;35;"2023-11-28";"gas";1548.63;87.22
799;35;"2023-06-10";"gas";968.73;80.92
800;72;"2022-06-06";"electricity";168.8;17.55
801;23;"2021-09-17";"electricity";111.56;11.17
802;75;"2022-06-21";"gas";620.36;75.89
803;36;"2024-03-08";"electricity";1839.0;107.76
804;16;"2023-07-31";"electricity";1858.54;114.62
805;87;"2022-04-10";"gas";368.28;71.77
806;17;"2023-04-14";"electricity";364.0;42.48
807;43;"2023-03-29";"electricity";592.12;83.43
808;100;"2022-05-07";"gas";221.26;36.51
809;42;"2023-03-31";"electricity";755.52;71.92
810;13;"2021-09-30";"electricity";246.46;32.14
811;92;"2021-11-29";"gas";319.0;38.9
812;56;"2021-06-15";"gas";237.21;25.58
813;54;"2023-01-16";"electricity";389.06;43.96
814;24;"2021-10-14";"electricity";1097.16;96.02
815;24;"2022-03-04";"gas";772.66;60.96
816;16;"2023-08-05";"electricity";1341.21;109.55
817;81;"2023-07-31";"electricity";453.78;59.57
818;41;"2023-10-03";"gas";1043.76;99.0
819;99;"2022-09-12";"gas";669.97;79.34
820;87;"2024-01-14";"electricity";472.17;79.35
821;1;"2024-03-16";"electricity";251.6;30.13
822;77;"2021-07-20";"gas";699.02;53.1
823;89;"2022-05-02";"gas";869.35;52.5
824;92;"2023-07-15";"electricity";791.84;93.3
825;91;"2021-06-16";"electricity";853.66;65.16
826;99;"2023-09-27";"gas";953.39;79.02
827;29;"2024-01-30";"gas";1704.59;155.11
828;22;"2022-11-07";"gas";698.31;59.6
829;77;"2022-05-16";"gas";1642.43;148.67
830;42;"2024-01-08";"gas";1508.66;105.31
831;5;"2023-09-14";"gas";1859.02;155.95
832;49;"2023-06-14";"gas";1462.16;119.69
833;12;"2022-04-11";"electricity";897.22;114.95
834;2;"2021-05-30";"gas";231.18;32.23
835;38;"2022-05-17";"gas";22.59;3.99
836;63;"2024-04-06";"gas";552.4;56.23
837;6;"2021-07-05";"electricity";1015.15;86.74
838;38;"2024-02-13";"gas";111.5;17.51
839;83;"2021-10-04";"electricity";313.14;26.55
840;92;"2024-01-17";"electricity";281.75;40.74
841;4;"2021-06-19";"gas";269.66;36.67
842;56;"2023-02-09";"gas";357.09;43.79
843;61;"2023-11-05";"gas";163.37;19.21
844;82;"2022-10-29";"electricity";225.54;41.65
845;19;"2023-11-06";"electricity";101.01;12.31
846;35;"2022-05-18";"electricity";832.18;66.34
847;98;"2024-01-08";"gas";33.61;5.19
848;49;"2023-06-15";"gas";653.24;52.44
849;8;"2023-11-29";"electricity";1779.96;94.67
850;83;"2021-11-10";"electricity";501.5;46.96
851;68;"2024-05-02";"gas";977.84;64.07
852;23;"2022-04-14";"gas";644.57;68.99
853;45;"2022-12-15";"electricity";843.34;83.9
854;7;"2023-12-14";"electricity";363.97;36.8
855;92;"2023-06-08";"gas";477.3;50.22
856;17;"2024-01-19";"gas";891.82;106.19
857;38;"2023-01-23";"electricity";57.76;6.46
858;51;"2022-07-11";"gas";1873.08;153.01
859;56;"2023-05-15";"electricity";463.97;53.35
860;14;"2022-12-21";"gas";483.08;96.44
861;61;"2022-10-30";"electricity";102.93;9.11
862;33;"2023-09-22";"electricity";881.35;80.93
863;40;"2023-06-13";"electricity";214.41;31.7
864;76;"2022-05-04";"electricity";247.81;31.16
865;59;"2022-10-17";"electricity";1007.55;76.59
866;5;"2021-11-22";"gas";1658.35;159.6
867;63;"2022-05-28";"gas";159.97;18.77
868;50;"2021-09-28";"electricity";357.2;46.26
869;78;"2022-09-27";"electricity";406.04;56.55
870;58;"2022-07-16";"gas";94.85;18.07
871;3;"2023-04-24";"electricity";241.89;30.03
872;33;"2024-02-06";"gas";1620.09;125.01
873;33;"2024-01-03";"electricity";1891.07;144.16
874;89;"2022-10-11";"electricity";739.24;40.42
875;5;"2022-06-27";"gas";565.76;50.67
876;73;"2021-12-24";"electricity";112.06;21.93
877;57;"2023-09-24";"electricity";1896.78;130.7
878;3;"2024-01-21";"electricity";41.97;7.29
879;26;"2023-01-05";"gas";1172.94;89.72
880;7;"2023-04-17";"gas";209.81;26.37
881;94;"2023-11-20";"electricity";716.69;88.28
882;92;"2023-11-23";"electricity";545.43;59.0
883;38;"2022-05-15";"electricity";144.92;16.12
884;56;"2023-06-21";"gas";130.47;16.65
885;95;"2024-03-21";"gas";1071.13;93.75
886;75;"2022-09-24";"electricity";507.78;42.36
887;40;"2022-04-09";"electricity";398.3;54.02
888;15;"2021-11-19";"electricity";816.12;122.31
889;32;"2023-09-19";"electricity";243.78;28.44
890;47;"2022-04-21";"gas";434.11;48.18
891;13;"2022-06-29";"electricity";369.01;63.55
892;96;"2024-03-22";"gas";744.46;59.03
893;29;"2023-11-20";"electricity";1032.92;66.77
894;6;"2023-08-21";"electricity";1405.3;130.43
895;55;"2021-11-04";"gas";418.73;61.29
896;3;"2022-05-25";"gas";78.22;12.05
897;37;"2021-12-23";"electricity";1918.16;116.73
898;42;"2022-12-26";"gas";1646.8;141.18
899;99;"2021-08-18";"electricity";598.75;84.07
900;27;"2022-09-11";"gas";287.08;45.94
901;61;"2023-04-15";"gas";716.57;104.04
902;76;"2024-02-11";"electricity";325.31;38.83
903;54;"2023-10-14";"gas";331.46;51.66
904;91;"2022-03-26";"gas";1423.7;137.57
905;27;"2022-03-21";"gas";387.06;69.62
906;84;"2021-08-08";"electricity";394.18;36.18
907;68;"2022-09-20";"gas";1054.53;71.27
908;38;"2023-09-04";"electricity";184.35;20.99
909;30;"2024-04-11";"electricity";984.06;90.71
910;84;"2023-04-23";"electricity";267.27;21.54
911;82;"2021-09-07";"electricity";397.51;75.05
912;9;"2023-05-03";"electricity";315.11;28.53
913;87;"2023-12-17";"electricity";361.36;62.42
914;56;"2022-06-09";"gas";360.16;54.0
915;84;"2024-03-19";"gas";792.05;72.65
916;41;"2023-10-15";"electricity";1891.83;106.59
917;78;"2023-02-25";"electricity";365.77;43.19
918;78;"2024-01-21";"electricity";58.06;10.77
919;79;"2022-11-16";"gas";78.36;11.83
920;29;"2024-02-23";"gas";1012.37;65.84
921;27;"2022-08-27";"electricity";422.24;56.16
922;58;"2024-05-13";"electricity";52.36;8.06
923;30;"2021-08-15";"electricity";773.55;97.32
924;50;"2021-10-24";"electricity";85.73;11.94
925;67;"2022-04-24";"electricity";668.12;95.96
926;72;"2023-05-08";"electricity";221.15;34.27
927;91;"2022-03-06";"electricity";1102.05;101.7
928;34;"2023-10-20";"gas";421.01;58.86
929;72;"2022-01-03";"gas";66.05;8.12
930;82;"2022-11-23";"gas";206.51;35.34
931;14;"2022-11-03";"electricity";334.33;51.7
932;28;"2022-10-05";"gas";1177.22;88.67
933;85;"2022-02-15";"gas";101.14;14.65
934;94;"2023-12-15";"electricity";446.96;38.26
935;15;"2023-01-21";"electricity";604.34;89.31
936;5;"2022-05-15";"gas";1493.73;94.34
937;57;"2021-06-06";"gas";1262.85;76.98
938;18;"2023-04-22";"electricity";531.07;48.54
939;83;"2023-07-27";"gas";440.32;52.76
940;88;"2024-04-23";"gas";249.48;33.26
941;16;"2022-09-03";"electricity";1529.96;86.21
942;52;"2023-10-13";"gas";1437.91;96.31
943;92;"2024-03-22";"gas";991.8;90.79
944;54;"2023-11-10";"electricity";146.4;27.99
945;9;"2024-01-01";"electricity";456.43;39.18
946;94;"2021-08-01";"electricity";713.69;57.95
947;16;"2022-08-19";"gas";1136.34;107.55
948;79;"2023-07-29";"gas";469.43;61.19
949;92;"2021-09-06";"gas";320.6;35.57
950;58;"2022-10-05";"electricity";430.86;47.76
951;34;"2023-09-22";"gas";801.5;117.47
952;83;"2022-09-09";"electricity";511.89;68.47
953;59;"2024-04-06";"gas";1106.58;106.64
954;1;"2023-06-07";"electricity";425.37;45.59
955;76;"2021-07-06";"electricity";204.8;29.57
956;60;"2021-07-31";"electricity";287.26;34.42
957;76;"2022-12-22";"gas";793.53;69.79
958;24;"2022-03-26";"gas";1865.74;121.57
959;39;"2021-06-03";"electricity";254.08;43.23
960;51;"2022-06-16";"gas";544.13;28.08
961;26;"2023-08-06";"electricity";783.26;46.35
962;100;"2021-10-16";"gas";53.78;7.29
963;76;"2023-09-10";"electricity";872.32;117.82
964;2;"2022-02-21";"gas";953.28;89.45
965;10;"2024-02-09";"gas";84.7;11.87
966;5;"2024-03-02";"electricity";616.52;31.63
967;67;"2021-06-12";"electricity";113.69;10.33
968;45;"2023-09-08";"gas";1146.8;96.98
969;54;"2023-01-31";"electricity";139.08;22.48
970;1;"2023-05-02";"gas";550.86;81.64
971;59;"2022-05-16";"electricity";1269.53;75.5
972;4;"2022-08-20";"gas";626.68;83.96
973;19;"2023-01-22";"gas";616.84;74.76
974;7;"2023-10-11";"gas";185.5;28.21
975;91;"2024-02-03";"gas";1664.46;140.68
976;92;"2021-07-01";"gas";156.31;17.23
977;8;"2022-04-23";"electricity";1713.17;154.57
978;66;"2023-03-03";"electricity";93.26;13.47
979;52;"2023-01-11";"gas";1710.76;128.26
980;70;"2023-10-10";"gas";900.37;110.84
981;72;"2024-02-14";"electricity";273.0;48.69
982;100;"2022-11-20";"gas";453.73;82.46
983;34;"2024-01-01";"electricity";318.73;40.51
984;19;"2023-11-14";"gas";515.91;53.88
985;50;"2021-12-18";"gas";275.68;31.42
986;96;"2023-10-17";"gas";1745.19;169.97
987;41;"2022-03-24";"electricity";1961.17;113.79
988;61;"2022-07-02";"electricity";247.41;26.4
989;7;"2021-09-11";"gas";441.02;84.75
990;37;"2023-03-08";"gas";1798.51;142.61
991;17;"2022-12-20";"gas";777.0;72.64
992;10;"2022-10-21";"gas";438.82;56.43
993;1;"2023-02-24";"electricity";229.01;32.44
994;77;"2024-02-07";"electricity";566.16;52.15
995;11;"2024-04-25";"gas";100.77;12.87
996;2;"2023-07-02";"electricity";453.1;40.43
997;55;"2022-01-27";"electricity";64.25;12.65
998;91;"2023-03-22";"electricity";1566.52;118.89
999;53;"2021-09-30";"electricity";889.75;96.89
1000;87;"2022-10-25";"gas";281.94;36.32
1001;61;"2023-10-05";"gas";359.57;35.84
1002;15;"2022-11-12";"gas";597.49;73.22
1003;81;"2022-12-15";"gas";672.48;54.47
1004;57;"2023-01-19";"electricity";1287.38;89.42
1005;26;"2022-02-15";"gas";1432.92;119.09
1006;49;"2022-07-22";"electricity";1131.03;68.57
1007;66;"2022-08-13";"electricity";119.66;17.25
1008;2;"2022-12-19";"electricity";283.16;25.19
1009;53;"2023-06-12";"electricity";442.57;57.69
1010;90;"2022-07-25";"electricity";473.13;71.52
1011;77;"2024-01-01";"electricity";1719.54;101.06
1012;53;"2023-12-01";"electricity";550.68;54.19
1013;91;"2021-06-27";"gas";1751.41;92.73
1014;18;"2023-01-25";"gas";631.54;37.41
1015;85;"2022-03-22";"electricity";228.73;30.85
1016;39;"2022-03-07";"gas";343.05;50.85
1017;2;"2024-05-27";"electricity";675.77;76.26
1018;88;"2023-12-23";"electricity";708.2;78.67
1019;23;"2022-08-08";"gas";275.26;31.54
1020;51;"2022-01-29";"electricity";1969.12;161.08
1021;16;"2023-02-11";"gas";769.24;50.46
1022;87;"2023-09-30";"gas";436.14;52.53
1023;85;"2021-07-04";"gas";288.33;34.58
1024;16;"2023-07-26";"electricity";1338.29;121.7
1025;14;"2021-10-18";"electricity";374.8;64.19
1026;25;"2022-07-07";"electricity";403.89;50.78
1027;27;"2023-04-13";"electricity";318.99;43.79
1028;28;"2022-12-03";"electricity";1040.76;92.33
1029;25;"2021-09-04";"electricity";577.76;54.66
1030;47;"2021-12-21";"gas";169.52;15.17
1031;84;"2021-06-24";"gas";349.14;46.99
1032;90;"2022-06-26";"electricity";401.02;46.27
1033;78;"2022-12-12";"gas";199.91;22.64
1034;60;"2021-06-28";"electricity";339.97;34.61
1035;89;"2024-03-15";"gas";856.63;44.69
1036;87;"2023-12-01";"gas";237.84;38.13
1037;6;"2022-02-16";"gas";806.62;58.15
1038;69;"2023-11-03";"gas";1697.12;160.44
1039;35;"2024-01-08";"gas";1540.4;105.12
1040;52;"2022-05-29";"electricity";956.48;73.0
1041;52;"2021-12-19";"gas";585.93;36.54
1042;92;"2022-05-26";"gas";942.42;105.55
1043;23;"2021-06-06";"electricity";799.69;99.08
1044;96;"2021-12-24";"gas";896.94;55.05
1045;28;"2021-11-19";"electricity";1387.58;76.44
1046;28;"2023-02-10";"gas";741.05;68.18
1047;54;"2021-06-24";"electricity";376.53;66.76
1048;34;"2023-10-08";"electricity";534.71;70.92
1049;22;"2022-02-04";"electricity";568.73;48.48
1050;53;"2023-07-25";"gas";253.17;26.41
1051;34;"2022-11-16";"electricity";548.3;72.48
1052;74;"2024-01-30";"electricity";142.26;20.32
1053;35;"2023-05-04";"gas";1707.33;110.88
1054;38;"2022-07-29";"electricity";276.3;29.17
1055;12;"2022-10-04";"gas";752.43;103.83
1056;58;"2021-10-28";"electricity";146.95;18.73
1057;1;"2022-10-22";"electricity";419.94;48.8
1058;21;"2022-03-24";"electricity";480.67;44.3
1059;85;"2022-05-30";"gas";879.26;112.8
1060;36;"2022-01-09";"electricity";1655.83;154.29
1061;53;"2024-03-11";"gas";386.52;52.31
1062;2;"2023-02-18";"electricity";600.12;79.57
1063;99;"2021-08-31";"gas";136.04;14.15
1064;21;"2022-06-16";"electricity";527.36;64.48
1065;60;"2023-10-12";"electricity";303.28;46.15
1066;65;"2022-05-14";"gas";1015.42;89.15
1067;24;"2024-04-12";"electricity";937.29;47.38
1068;25;"2022-08-24";"electricity";746.94;87.56
1069;33;"2024-04-29";"electricity";1402.79;72.05
1070;35;"2021-09-15";"electricity";966.36;75.62
1071;37;"2022-01-18";"electricity";1836.93;122.33
1072;45;"2023-02-27";"electricity";1329.69;91.14
1073;58;"2024-03-14";"gas";438.7;77.84
1074;23;"2023-06-18";"electricity";781.23;71.67
1075;73;"2024-01-23";"electricity";320.1;38.55
1076;40;"2022-04-26";"electricity";97.0;19.18
1077;52;"2023-08-06";"gas";1534.66;142.93
1078;45;"2022-11-16";"gas";729.18;37.77
1079;69;"2024-03-08";"electricity";540.12;51.51
1080;13;"2021-07-10";"gas";37.31;4.71
1081;26;"2022-05-20";"electricity";1578.36;114.52
1082;4;"2023-08-06";"electricity";188.17;26.29
1083;15;"2022-07-18";"gas";962.83;136.74
1084;37;"2024-04-16";"electricity";858.62;59.09
1085;22;"2023-06-30";"gas";867.83;70.0
1086;97;"2023-02-22";"electricity";836.11;66.17
1087;60;"2023-11-27";"gas";273.75;32.26
1088;52;"2022-03-04";"electricity";906.86;57.28
1089;32;"2022-11-26";"electricity";843.0;77.45
1090;78;"2024-03-07";"electricity";112.73;15.11
1091;85;"2022-02-12";"gas";950.13;105.3
1092;43;"2022-04-15";"electricity";421.11;36.64
1093;39;"2023-06-04";"gas";461.53;59.79
1094;37;"2023-09-28";"gas";973.19;48.83
1095;24;"2022-12-02";"gas";927.53;59.54
1096;67;"2022-03-04";"gas";432.05;54.74
1097;33;"2024-01-19";"electricity";1900.92;189.64
1098;22;"2022-04-18";"electricity";374.52;53.5
1099;99;"2021-12-10";"electricity";948.19;105.45
1100;94;"2022-05-21";"gas";793.23;107.78
1101;40;"2022-03-11";"electricity";313.66;50.17
1102;6;"2023-02-16";"gas";1662.93;120.87
1103;37;"2022-06-07";"gas";730.49;64.86
1104;70;"2023-06-05";"gas";138.51;12.88
1105;5;"2021-10-22";"gas";1719.77;113.52
1106;21;"2021-09-18";"gas";922.98;90.76
1107;76;"2023-02-09";"electricity";897.61;104.61
1108;47;"2023-12-01";"gas";500.17;71.57
1109;48;"2022-07-04";"gas";940.36;92.26
1110;46;"2021-08-03";"gas";613.57;38.66
1111;41;"2022-06-17";"gas";1748.94;134.48
1112;73;"2022-05-18";"electricity";441.19;64.62
1113;96;"2022-08-17";"gas";628.7;42.09
1114;99;"2024-05-04";"electricity";742.02;103.94
1115;43;"2021-06-05";"gas";109.21;12.87
1116;26;"2024-01-12";"electricity";1832.92;159.02
1117;90;"2023-06-20";"electricity";153.88;21.79
1118;46;"2021-09-26";"electricity";786.18;70.26
1119;17;"2022-02-13";"gas";250.73;29.15
1120;87;"2022-02-21";"electricity";107.21;15.0
1121;73;"2021-08-05";"electricity";130.9;25.46
1122;2;"2023-05-11";"electricity";247.62;22.45
1123;79;"2021-09-02";"electricity";343.19;60.51
1124;77;"2021-07-20";"gas";785.26;55.01
1125;91;"2023-09-04";"gas";729.8;55.78
1126;75;"2023-12-10";"gas";126.82;16.33
1127;83;"2022-03-20";"gas";957.34;101.23
1128;91;"2021-08-18";"gas";1089.93;92.93
1129;96;"2021-08-20";"electricity";1384.34;134.09
1130;60;"2022-12-12";"gas";361.13;70.49
1131;84;"2023-05-29";"electricity";620.01;88.36
1132;51;"2022-12-17";"gas";1305.34;91.63
1133;35;"2023-06-17";"gas";1718.23;142.22
1134;83;"2022-07-19";"gas";780.41;75.38
1135;97;"2023-12-25";"electricity";1051.75;96.4
1136;63;"2023-03-29";"electricity";568.19;72.75
1137;33;"2024-05-05";"gas";1183.72;108.72
1138;11;"2022-12-05";"electricity";160.73;25.33
1139;2;"2023-05-23";"electricity";797.4;75.72
1140;67;"2023-06-23";"gas";467.56;43.81
1141;9;"2021-08-23";"electricity";936.5;104.89
1142;13;"2022-02-10";"electricity";450.29;49.34
1143;84;"2022-12-04";"electricity";307.31;30.56
1144;8;"2021-12-30";"gas";1360.63;128.11
1145;62;"2022-02-10";"gas";212.42;25.05
1146;50;"2021-07-23";"electricity";475.91;66.06
1147;77;"2023-09-03";"electricity";1281.17;111.52
1148;34;"2022-05-05";"electricity";201.72;26.55
1149;77;"2022-09-10";"gas";1654.1;91.51
1150;78;"2022-04-12";"electricity";408.93;59.17
1151;15;"2022-04-05";"gas";219.79;26.9
1152;74;"2021-10-10";"gas";164.6;26.61
1153;51;"2024-03-31";"electricity";668.08;39.01
1154;40;"2023-09-01";"electricity";407.52;61.02
1155;97;"2022-06-23";"gas";1792.97;137.37
1156;42;"2022-06-17";"gas";1005.91;89.89
1157;24;"2024-04-02";"gas";1364.3;129.63
1158;59;"2022-07-08";"electricity";880.47;55.35
1159;73;"2021-09-24";"electricity";109.69;11.29
1160;94;"2023-05-08";"gas";512.26;76.3
1161;43;"2022-02-28";"electricity";439.26;48.7
1162;8;"2024-03-13";"electricity";501.86;32.17
1163;22;"2024-05-16";"gas";523.66;44.8
1164;98;"2023-12-19";"electricity";279.02;46.03
1165;40;"2021-07-01";"gas";308.29;33.7
1166;2;"2021-09-08";"gas";521.63;42.15
1167;80;"2021-11-26";"gas";1763.55;135.98
1168;11;"2022-10-21";"electricity";261.89;28.59
1169;23;"2023-12-31";"electricity";692.66;70.5
1170;14;"2023-11-08";"gas";211.62;38.31
1171;30;"2024-05-02";"electricity";875.47;92.17
1172;8;"2022-09-15";"electricity";655.02;32.93
1173;1;"2022-01-04";"electricity";387.68;33.84
1174;20;"2022-10-20";"electricity";590.48;36.63
1175;33;"2021-11-05";"electricity";1668.24;137.63
1176;14;"2021-07-13";"gas";227.81;23.61
1177;61;"2023-04-24";"gas";820.51;72.6
1178;36;"2021-12-18";"gas";1010.6;60.49
1179;14;"2022-09-16";"gas";317.4;45.3
1180;71;"2023-01-05";"gas";942.81;135.03
1181;1;"2023-04-28";"electricity";223.79;19.04
1182;50;"2022-04-01";"gas";228.63;29.96
1183;7;"2021-09-30";"electricity";374.46;51.58
1184;8;"2022-04-25";"gas";1771.92;91.53
1185;14;"2021-09-07";"electricity";212.57;31.17
1186;2;"2023-05-24";"electricity";345.64;29.32
1187;41;"2021-10-05";"electricity";1497.21;96.18
1188;40;"2024-05-03";"electricity";178.19;33.54
1189;72;"2023-09-25";"electricity";481.59;69.36
1190;90;"2024-01-20";"electricity";399.51;74.94
1191;93;"2023-05-17";"gas";885.9;71.7
1192;53;"2021-11-29";"gas";405.27;55.4
1193;80;"2022-05-15";"electricity";732.31;42.54
1194;75;"2021-06-10";"gas";801.17;93.39
1195;99;"2022-01-10";"electricity";246.5;21.56
1196;6;"2021-10-23";"electricity";1948.05;112.89
1197;2;"2023-03-25";"electricity";359.14;42.89
1198;29;"2023-07-18";"electricity";540.94;51.25
1199;34;"2021-10-31";"electricity";219.25;18.42
1200;7;"2023-04-25";"electricity";279.32;49.02
1201;70;"2023-09-07";"gas";830.22;122.38
1202;63;"2023-04-14";"gas";412.5;45.78
1203;35;"2021-08-04";"electricity";1700.77;151.0
1204;99;"2022-04-09";"electricity";253.56;29.54
1205;47;"2022-10-22";"electricity";601.7;55.5
1206;22;"2022-11-15";"gas";755.58;107.0
1207;44;"2021-12-06";"gas";319.22;60.11
1208;62;"2023-06-23";"electricity";623.98;57.55
1209;1;"2022-09-28";"electricity";765.81;68.06
1210;91;"2021-09-26";"electricity";1855.87;139.2
1211;67;"2022-07-28";"electricity";900.48;100.84
1212;87;"2022-04-11";"electricity";407.95;49.49
1213;38;"2021-06-01";"electricity";137.59;19.88
1214;94;"2023-09-01";"gas";149.96;18.68
1215;24;"2021-10-22";"electricity";1890.85;169.31
1216;60;"2023-08-08";"gas";445.77;48.15
1217;30;"2022-01-05";"electricity";111.41;10.66
1218;41;"2021-11-23";"electricity";1197.92;89.92
1219;12;"2022-09-21";"electricity";660.61;88.69
1220;40;"2023-03-23";"gas";198.9;26.67
1221;85;"2023-07-02";"gas";521.29;64.27
1222;63;"2023-07-29";"gas";498.59;71.51
1223;10;"2024-04-06";"gas";283.9;51.84
1224;92;"2023-11-21";"gas";120.62;17.24
1225;12;"2023-12-03";"gas";397.05;57.19
1226;8;"2023-01-16";"gas";1503.29;83.02
1227;47;"2024-05-16";"electricity";362.0;54.11
1228;13;"2022-11-27";"gas";258.14;34.17
1229;59;"2021-11-28";"electricity";1949.73;168.26
1230;66;"2022-09-04";"electricity";419.38;82.41
1231;87;"2023-12-29";"gas";332.37;59.5
1232;41;"2024-04-19";"electricity";1368.98;113.42
1233;90;"2022-01-30";"gas";471.27;89.61
1234;14;"2023-12-06";"gas";391.85;48.04
1235;4;"2023-12-14";"electricity";570.53;52.07
1236;34;"2022-01-06";"gas";308.02;34.27
1237;97;"2024-03-26";"gas";1758.13;114.02
1238;31;"2024-02-13";"gas";161.42;16.43
1239;6;"2023-06-07";"electricity";1979.78;112.87
1240;26;"2021-05-31";"gas";560.5;37.86
1241;97;"2022-06-20";"gas";1982.77;150.83
1242;91;"2023-01-23";"electricity";1298.89;89.45
1243;25;"2022-04-27";"electricity";308.3;27.07
1244;100;"2022-02-16";"gas";277.3;34.83
1245;87;"2023-03-15";"gas";16.15;2.77
1246;62;"2023-07-09";"gas";334.86;40.58
1247;22;"2022-05-10";"electricity";592.22;57.11
1248;2;"2021-07-01";"electricity";580.04;61.79
1249;86;"2023-02-22";"gas";837.34;82.15
1250;61;"2023-02-14";"electricity";215.28;26.37
1251;41;"2022-02-19";"gas";605.73;45.83
1252;86;"2023-02-03";"electricity";1660.06;142.34
1253;87;"2023-09-14";"gas";87.02;13.02
1254;71;"2024-02-24";"gas";434.59;50.58
1255;44;"2022-02-14";"gas";301.75;32.91
1256;38;"2023-12-25";"electricity";207.11;28.62
1257;8;"2024-03-16";"electricity";504.69;44.48
1258;14;"2022-02-27";"gas";416.49;81.07
1259;23;"2024-01-22";"gas";341.85;39.53
1260;15;"2021-12-24";"gas";115.41;12.57
1261;33;"2022-11-22";"electricity";854.47;65.17
1262;34;"2022-12-11";"gas";571.82;66.28
1263;38;"2024-02-16";"gas";56.88;10.4
1264;77;"2023-08-31";"electricity";765.39;66.35
1265;8;"2022-11-10";"gas";1219.03;88.75
1266;100;"2022-04-21";"electricity";360.62;48.86
1267;29;"2022-07-09";"electricity";544.76;34.49
1268;66;"2022-07-26";"gas";207.56;22.51
1269;27;"2022-12-31";"electricity";69.91;12.48
1270;3;"2021-12-21";"electricity";46.21;6.96
1271;81;"2024-02-15";"gas";455.85;48.14
1272;12;"2023-02-22";"gas";908.46;101.9
1273;72;"2022-11-28";"gas";139.47;22.73
1274;71;"2022-07-10";"electricity";939.31;80.59
1275;57;"2022-01-04";"gas";1683.86;92.48
1276;64;"2023-05-05";"electricity";425.31;55.1
1277;3;"2024-04-29";"gas";227.12;29.34
1278;83;"2022-08-30";"gas";114.6;12.64
1279;94;"2021-12-30";"gas";894.33;76.11
1280;80;"2023-10-01";"electricity";1648.99;111.13
1281;43;"2021-10-31";"electricity";564.03;83.39
1282;84;"2023-08-05";"electricity";689.83;71.89
1283;100;"2022-02-19";"gas";429.79;46.11
1284;41;"2024-04-08";"electricity";1519.8;79.06
1285;45;"2021-10-05";"gas";536.86;53.65
1286;31;"2023-08-13";"gas";989.09;92.91
1287;72;"2023-03-05";"electricity";479.99;56.92
1288;25;"2024-01-01";"electricity";665.17;60.3
1289;68;"2021-10-10";"electricity";516.29;40.89
1290;73;"2023-11-15";"electricity";467.82;91.77
1291;5;"2024-04-26";"electricity";1479.93;122.75
1292;34;"2023-06-10";"electricity";113.81;15.56
1293;60;"2023-04-04";"gas";98.52;14.99
1294;21;"2023-01-21";"electricity";444.74;42.86
1295;24;"2024-02-03";"gas";893.53;70.8
1296;62;"2024-03-10";"gas";428.15;62.82
1297;33;"2024-02-09";"gas";1198.2;70.5
1298;45;"2021-09-24";"gas";619.0;34.71
1299;67;"2021-05-30";"electricity";942.36;132.78
1300;68;"2023-04-11";"gas";823.48;75.87
1301;20;"2022-11-22";"electricity";1050.46;55.55
1302;32;"2022-08-19";"electricity";666.85;99.69
1303;25;"2023-10-02";"gas";968.31;136.96
1304;70;"2022-04-13";"electricity";248.33;21.35
1305;4;"2023-04-29";"gas";700.99;62.95
1306;31;"2022-05-28";"gas";219.68;19.12
1307;69;"2023-12-11";"electricity";1882.04;174.64
1308;43;"2022-02-10";"electricity";404.89;53.24
1309;83;"2023-12-13";"gas";896.95;133.57
1310;80;"2021-11-23";"electricity";923.73;73.28
1311;86;"2021-07-27";"gas";632.01;45.85
1312;94;"2024-03-08";"electricity";901.35;101.87
1313;99;"2021-12-05";"electricity";223.67;23.89
1314;41;"2023-05-04";"gas";1194.39;60.22
1315;31;"2023-06-09";"gas";676.35;100.19
1316;84;"2024-03-11";"electricity";356.5;35.48
1317;35;"2022-03-13";"gas";966.64;58.55
1318;78;"2023-01-15";"gas";236.21;29.57
1319;78;"2024-02-18";"gas";34.25;5.12
1320;40;"2022-10-04";"gas";78.45;10.42
1321;76;"2021-08-28";"electricity";353.22;30.83
1322;23;"2022-04-21";"gas";611.23;58.83
1323;12;"2021-10-04";"gas";331.63;41.38
1324;68;"2021-11-29";"gas";591.97;31.64
1325;86;"2023-07-24";"gas";991.66;88.28
1326;65;"2024-04-12";"gas";1909.94;116.42
1327;100;"2021-12-25";"electricity";208.43;24.03
1328;48;"2021-06-28";"electricity";1832.36;153.71
1329;51;"2023-11-08";"electricity";1953.89;148.3
1330;59;"2023-12-23";"electricity";1113.74;81.84
1331;3;"2023-04-15";"electricity";249.22;28.11
1332;2;"2023-07-10";"gas";748.02;62.94
1333;98;"2023-08-09";"electricity";302.28;52.88
1334;85;"2023-01-07";"electricity";230.86;24.31
1335;48;"2023-08-03";"electricity";1787.63;154.26
1336;5;"2023-01-26";"gas";557.32;28.16
1337;13;"2023-07-02";"electricity";443.63;63.07
1338;17;"2024-03-04";"gas";836.23;92.67
1339;49;"2022-04-10";"electricity";840.92;55.79
1340;67;"2022-09-09";"electricity";602.88;81.92
1341;37;"2022-08-04";"gas";1363.87;69.78
1342;77;"2022-01-28";"gas";1359.37;115.73
1343;84;"2021-11-24";"gas";745.99;82.55
1344;2;"2023-05-22";"electricity";714.65;82.74
1345;70;"2021-11-07";"electricity";404.93;57.52
1346;54;"2023-11-23";"electricity";379.28;40.84
1347;11;"2022-10-12";"electricity";58.43;8.39
1348;55;"2024-01-09";"electricity";183.94;30.9
1349;24;"2023-09-18";"electricity";1523.94;124.69
1350;60;"2023-10-30";"gas";313.04;54.08
1351;29;"2024-04-04";"gas";1116.41;104.04
1352;99;"2022-05-23";"electricity";655.36;56.75
1353;15;"2023-07-18";"gas";555.27;76.41
1354;16;"2024-02-28";"electricity";790.34;73.1
1355;88;"2024-02-03";"electricity";406.54;51.85
1356;54;"2023-12-31";"gas";88.45;9.95
1357;53;"2022-11-11";"electricity";144.29;20.22
1358;12;"2021-09-18";"electricity";493.33;58.27
1359;3;"2023-09-27";"electricity";197.48;24.29
1360;2;"2022-04-29";"electricity";534.28;71.91
1361;87;"2022-09-23";"electricity";445.13;53.62
1362;25;"2024-04-30";"electricity";543.46;65.88
1363;27;"2021-11-19";"gas";256.19;50.11
1364;17;"2023-07-12";"gas";160.02;22.58
1365;81;"2023-05-12";"electricity";826.63;107.76
1366;67;"2021-06-20";"gas";573.96;65.64
1367;23;"2023-01-18";"gas";209.22;22.98
1368;93;"2022-02-15";"electricity";1112.49;107.95
1369;33;"2023-07-09";"gas";1298.57;114.96
1370;34;"2023-10-25";"electricity";709.41;86.63
1371;62;"2021-11-03";"electricity";266.93;39.05
1372;45;"2022-09-29";"electricity";1775.58;120.97
1373;1;"2024-02-03";"gas";490.1;40.64
1374;31;"2021-06-29";"gas";478.99;47.43
1375;91;"2022-06-30";"gas";1298.01;128.65
1376;38;"2021-06-23";"gas";17.31;1.94
1377;2;"2021-10-14";"gas";941.52;93.84
1378;62;"2022-01-22";"gas";516.57;48.87
1379;11;"2023-02-05";"electricity";319.84;42.51
1380;28;"2021-10-12";"gas";1392.97;107.13
1381;46;"2022-10-28";"electricity";1688.25;99.2
1382;64;"2022-12-16";"electricity";108.93;13.42
1383;78;"2023-08-29";"gas";420.73;54.49
1384;23;"2022-10-31";"electricity";763.2;94.55
1385;26;"2022-12-26";"electricity";818.3;68.25
1386;34;"2023-06-18";"electricity";948.05;120.85
1387;55;"2021-06-26";"gas";158.65;30.27
1388;46;"2024-02-02";"electricity";655.09;57.27
1389;18;"2023-02-09";"gas";639.63;50.65
1390;27;"2022-07-26";"electricity";358.23;66.92
1391;73;"2021-08-21";"gas";77.97;10.79
1392;36;"2022-07-24";"gas";1526.27;80.4
1393;50;"2021-12-18";"gas";102.74;20.17
1394;18;"2021-07-17";"gas";1041.52;73.61
1395;31;"2022-12-11";"electricity";895.73;75.82
1396;49;"2022-06-26";"electricity";775.82;39.98
1397;79;"2024-03-31";"electricity";376.02;39.32
1398;100;"2022-08-26";"gas";119.4;18.66
1399;15;"2023-08-17";"electricity";606.73;51.94
1400;26;"2024-05-12";"electricity";1935.02;166.36
1401;67;"2024-01-12";"gas";549.09;65.36
1402;76;"2023-01-14";"electricity";783.21;113.72
1403;95;"2021-11-13";"gas";773.15;44.79
1404;66;"2022-06-04";"electricity";218.6;34.74
1405;41;"2023-05-22";"gas";848.3;46.57
1406;15;"2024-03-14";"electricity";467.14;63.85
1407;69;"2024-03-04";"electricity";1611.46;134.35
1408;17;"2023-04-19";"gas";766.98;112.79
1409;90;"2022-10-31";"gas";40.19;6.95
1410;63;"2022-05-12";"gas";520.24;68.75
1411;82;"2023-07-27";"gas";423.62;82.03
1412;10;"2022-11-27";"gas";175.26;34.17
1413;48;"2023-08-18";"electricity";1118.48;74.91
1414;50;"2022-08-19";"gas";360.95;39.1
1415;19;"2022-04-04";"gas";197.98;24.79
1416;15;"2021-12-09";"gas";967.53;129.11
1417;56;"2022-11-08";"electricity";124.51;23.54
1418;14;"2023-01-01";"gas";17.58;3.12
1419;27;"2021-12-10";"electricity";403.51;43.41
1420;34;"2021-07-09";"electricity";914.65;104.48
1421;86;"2024-03-03";"electricity";763.88;43.95
1422;25;"2022-05-28";"gas";645.25;72.0
1423;84;"2023-03-19";"electricity";191.04;26.05
1424;60;"2024-01-20";"electricity";113.78;12.67
1425;3;"2023-08-18";"gas";233.14;24.8
1426;49;"2023-08-28";"gas";527.38;46.51
1427;99;"2024-05-17";"gas";720.17;65.08
1428;81;"2022-07-18";"gas";825.41;115.48
1429;49;"2023-08-08";"electricity";1790.44;128.9
1430;8;"2021-08-30";"electricity";1640.92;143.22
1431;39;"2024-04-05";"gas";94.61;14.78
1432;99;"2021-08-11";"electricity";993.07;100.03
1433;79;"2021-08-09";"gas";260.35;42.28
1434;74;"2023-08-15";"gas";411.23;53.08
1435;18;"2021-06-13";"gas";579.61;55.47
1436;63;"2023-05-20";"electricity";478.42;59.46
1437;1;"2024-02-29";"gas";670.97;90.99
1438;15;"2021-12-16";"electricity";658.9;74.01
1439;74;"2023-03-19";"electricity";441.64;62.46
1440;32;"2021-07-14";"gas";424.95;54.55
1441;8;"2021-07-10";"electricity";1689.24;102.01
1442;48;"2023-03-14";"gas";1031.02;67.67
1443;77;"2023-07-09";"gas";1581.24;127.63
1444;6;"2023-03-05";"electricity";1364.92;129.04
1445;52;"2022-01-11";"gas";570.77;54.31
1446;12;"2023-10-13";"electricity";313.79;39.93
1447;43;"2024-05-10";"electricity";281.15;41.47
1448;81;"2024-01-02";"gas";332.68;39.68
1449;39;"2023-06-18";"electricity";412.79;58.15
1450;68;"2021-09-12";"electricity";1458.45;137.63
1451;38;"2023-10-06";"electricity";380.83;71.15
1452;23;"2023-07-17";"electricity";228.19;20.94
1453;60;"2023-01-25";"gas";233.99;29.5
1454;23;"2024-03-07";"gas";956.79;112.89
1455;23;"2022-07-02";"electricity";459.65;44.9
1456;36;"2023-09-05";"electricity";960.21;74.47
1457;28;"2023-10-22";"gas";798.42;68.93
1458;81;"2022-04-27";"gas";517.85;57.53
1459;99;"2022-12-17";"gas";316.21;33.55
1460;20;"2023-06-26";"gas";1166.0;61.65
1461;98;"2021-06-16";"gas";29.92;5.74
1462;63;"2022-04-08";"electricity";471.96;68.38
1463;30;"2021-10-18";"electricity";467.74;46.08
1464;59;"2022-01-22";"electricity";1498.58;103.0
1465;50;"2022-12-12";"gas";122.15;21.02
1466;80;"2021-10-07";"gas";892.01;89.02
1467;13;"2022-07-28";"electricity";12.78;2.21
1468;42;"2022-05-05";"gas";1310.06;129.91
1469;27;"2023-02-10";"gas";372.74;67.62
1470;5;"2023-07-03";"gas";1419.47;124.3
1471;35;"2022-01-05";"gas";1859.09;109.8
1472;59;"2023-09-25";"gas";1086.81;80.13
1473;16;"2023-11-18";"gas";1676.34;139.01
1474;70;"2022-05-07";"gas";536.36;56.38
1475;25;"2022-02-08";"electricity";411.29;59.0
1476;8;"2023-04-07";"electricity";689.23;64.74
1477;47;"2021-12-03";"gas";527.44;67.58
1478;20;"2021-06-26";"gas";601.06;48.95
1479;77;"2022-09-20";"gas";567.93;34.48
1480;61;"2024-01-12";"gas";761.13;104.17
1481;55;"2022-09-17";"electricity";276.7;32.12
1482;25;"2024-03-10";"gas";257.83;21.87
1483;4;"2021-07-31";"gas";131.52;15.48
1484;14;"2023-11-09";"electricity";458.2;64.89
1485;69;"2024-04-30";"gas";597.97;37.84
1486;55;"2024-03-27";"gas";211.02;21.81
1487;34;"2023-02-22";"electricity";282.78;34.55
1488;29;"2024-04-15";"electricity";1139.99;75.91
1489;79;"2021-10-16";"electricity";71.77;7.83
1490;58;"2023-08-04";"electricity";365.75;50.42
1491;75;"2022-07-01";"gas";499.39;71.17
1492;36;"2022-06-15";"gas";691.53;42.03
1493;17;"2023-06-12";"gas";515.22;74.37
1494;78;"2022-05-23";"electricity";236.08;37.67
1495;94;"2023-07-10";"electricity";239.58;33.41
1496;4;"2022-11-26";"electricity";802.31;99.24
1497;61;"2022-08-14";"gas";195.97;23.06
1498;62;"2022-07-04";"gas";838.62;91.92
1499;73;"2022-04-09";"gas";216.73;29.87
1500;43;"2024-04-12";"electricity";636.4;91.07
1501;19;"2022-09-10";"electricity";353.8;38.9
1502;98;"2024-01-26";"gas";399.66;57.41
1503;88;"2021-08-06";"gas";209.41;18.58
1504;64;"2023-04-04";"gas";300.34;33.37
1505;55;"2023-01-21";"gas";71.38;9.8
1506;94;"2022-04-05";"electricity";428.55;54.8
1507;100;"2023-09-09";"gas";383.68;54.77
1508;95;"2021-06-28";"electricity";1387.16;74.75
1509;45;"2022-10-08";"gas";562.01;45.9
1510;58;"2024-01-25";"electricity";87.01;14.28
1511;85;"2023-07-21";"electricity";385.2;32.11
1512;46;"2022-01-25";"gas";1963.28;121.31
1513;23;"2023-01-31";"electricity";208.78;31.08
1514;23;"2022-12-08";"gas";962.88;89.99
1515;5;"2021-11-23";"electricity";1122.47;66.44
1516;60;"2021-08-16";"electricity";430.09;83.02
1517;46;"2022-03-08";"gas";1073.53;82.99
1518;43;"2021-12-15";"gas";252.18;36.54
1519;58;"2023-04-18";"gas";184.73;23.37
1520;7;"2023-09-13";"gas";267.0;46.86
1521;27;"2023-10-05";"gas";328.09;51.4
1522;28;"2022-04-27";"gas";1848.09;102.68
1523;96;"2021-06-24";"gas";505.05;42.91
1524;54;"2023-12-19";"electricity";194.59;26.49
1525;4;"2024-02-02";"electricity";668.56;57.39
1526;46;"2022-09-17";"electricity";1591.76;93.16
1527;52;"2021-10-08";"gas";1469.45;74.98
1528;98;"2024-03-16";"gas";341.04;35.62
1529;57;"2024-03-05";"electricity";1382.79;117.07
1530;4;"2023-12-18";"gas";148.47;18.08
1531;76;"2024-04-04";"gas";748.55;60.18
1532;96;"2024-01-15";"gas";1883.83;149.95
1533;58;"2021-07-24";"gas";346.72;50.76
1534;22;"2024-05-22";"gas";412.3;36.48
1535;62;"2022-11-19";"gas";466.91;40.19
1536;75;"2022-09-30";"gas";660.71;90.04
1537;13;"2023-08-14";"electricity";90.82;11.85
1538;57;"2022-03-17";"electricity";1013.16;61.52
1539;12;"2022-10-20";"gas";992.74;106.49
1540;58;"2022-07-21";"gas";94.34;10.43
1541;88;"2022-03-01";"gas";254.59;29.1
1542;20;"2021-12-20";"electricity";907.41;74.69
1543;42;"2022-09-10";"electricity";1373.05;79.27
1544;16;"2022-07-27";"electricity";1666.74;86.22
1545;19;"2022-05-12";"electricity";763.73;62.38
1546;34;"2024-03-12";"gas";380.04;52.23
1547;68;"2021-12-22";"gas";1562.35;131.14
1548;25;"2023-05-26";"gas";425.35;53.98
1549;93;"2023-12-28";"gas";1391.35;100.17
1550;5;"2021-10-02";"electricity";1929.9;145.65
1551;50;"2024-02-04";"gas";87.46;13.53
1552;21;"2021-10-30";"gas";788.19;63.49
1553;59;"2022-07-10";"electricity";1643.89;104.38
1554;92;"2022-02-18";"electricity";487.01;62.63
1555;43;"2024-05-12";"gas";504.48;41.53
1556;89;"2021-11-24";"gas";1204.69;106.37
1557;79;"2021-06-20";"gas";221.88;35.27
1558;100;"2023-05-05";"gas";62.82;9.44
1559;30;"2022-01-08";"gas";553.06;65.66
1560;95;"2023-06-02";"gas";835.79;82.67
1561;9;"2021-12-30";"gas";746.74;101.8
1562;93;"2021-06-04";"gas";641.88;46.1
1563;67;"2024-02-04";"electricity";939.1;81.19
1564;55;"2023-02-09";"gas";377.0;42.57
1565;50;"2023-01-31";"gas";198.21;36.28
1566;86;"2023-01-01";"gas";1490.23;78.59
1567;97;"2023-05-05";"electricity";1504.02;104.8
1568;45;"2021-10-31";"electricity";1091.58;62.92
1569;25;"2022-11-17";"electricity";228.5;26.51
1570;11;"2024-01-30";"gas";146.55;23.77
1571;18;"2021-12-25";"gas";1530.75;151.59
1572;8;"2021-08-21";"gas";1006.65;62.99
1573;85;"2023-09-24";"gas";541.19;62.39
1574;29;"2023-05-20";"gas";1777.05;110.8
1575;4;"2022-07-31";"gas";160.26;19.95
1576;70;"2022-06-28";"gas";810.68;87.79
1577;32;"2021-07-08";"gas";613.94;50.91
1578;4;"2021-07-14";"electricity";816.22;87.87
1579;87;"2021-06-24";"electricity";153.82;20.6
1580;85;"2021-11-17";"gas";880.53;113.46
1581;66;"2024-04-23";"electricity";265.04;27.65
1582;46;"2022-06-12";"electricity";1014.81;61.04
1583;21;"2021-08-08";"gas";956.4;134.12
1584;20;"2021-10-21";"electricity";1396.0;117.58
1585;43;"2023-08-05";"electricity";373.45;52.3
1586;49;"2022-04-21";"gas";1064.68;87.8
1587;34;"2022-01-14";"gas";103.62;14.13
1588;40;"2023-01-04";"gas";202.34;35.51
1589;32;"2022-04-03";"electricity";265.91;29.82
1590;70;"2024-04-12";"gas";864.88;73.59
1591;100;"2024-05-25";"gas";480.42;55.83
1592;51;"2022-06-29";"electricity";967.27;86.29
1593;100;"2021-05-31";"electricity";364.04;51.81
1594;45;"2021-07-09";"gas";1754.1;155.56
1595;62;"2022-06-09";"electricity";469.8;62.85
1596;98;"2022-01-22";"electricity";462.66;90.56
1597;91;"2023-01-28";"gas";1027.95;53.92
1598;2;"2021-09-13";"electricity";380.14;40.47
1599;96;"2022-11-05";"gas";1096.95;85.95
1600;77;"2021-09-19";"gas";1430.2;82.29
1601;48;"2022-01-18";"electricity";1264.22;73.13
1602;60;"2023-03-30";"gas";16.68;3.02
1603;90;"2023-06-18";"electricity";84.28;13.55
1604;14;"2022-12-18";"electricity";377.46;59.73
1605;56;"2021-07-12";"gas";74.52;13.61
1606;36;"2024-01-22";"electricity";1090.81;62.09
1607;12;"2022-01-07";"electricity";456.76;52.49
1608;24;"2021-06-05";"gas";1705.38;100.2
1609;98;"2021-07-19";"electricity";426.47;51.22
1610;17;"2023-07-13";"gas";445.24;62.9
1611;91;"2022-11-06";"gas";1535.81;150.31
1612;71;"2022-05-01";"gas";147.45;19.24
1613;92;"2024-02-14";"electricity";439.16;46.42
1614;93;"2021-08-31";"gas";834.08;44.48
1615;47;"2022-09-22";"electricity";354.09;34.63
1616;55;"2022-06-28";"electricity";154.04;18.79
1617;43;"2022-06-11";"gas";244.3;33.21
1618;23;"2022-05-03";"electricity";154.04;18.78
1619;74;"2023-09-03";"electricity";100.72;18.38
1620;49;"2023-12-01";"gas";1317.1;102.35
1621;28;"2022-03-20";"electricity";761.28;52.16
1622;2;"2022-11-04";"electricity";709.44;71.87
1623;10;"2022-11-02";"electricity";158.49;19.13
1624;58;"2021-12-06";"gas";31.46;3.5
1625;81;"2022-10-30";"gas";186.58;19.07
1626;70;"2022-02-28";"gas";370.63;33.1
1627;13;"2022-09-18";"electricity";95.05;11.83
1628;13;"2023-06-02";"electricity";54.77;6.76
1629;38;"2023-04-10";"electricity";309.82;37.42
1630;89;"2023-06-10";"gas";934.47;91.52
1631;98;"2023-09-29";"electricity";267.93;31.55
1632;46;"2023-06-25";"gas";1209.68;94.78
1633;97;"2023-04-26";"electricity";754.99;55.48
1634;94;"2022-05-21";"gas";870.39;123.24
1635;74;"2021-12-27";"electricity";389.74;39.66
1636;33;"2021-11-07";"electricity";1558.04;106.95
1637;30;"2021-09-21";"gas";897.06;102.43
1638;67;"2024-01-06";"gas";501.5;56.43
1639;30;"2023-02-27";"electricity";379.7;42.61
1640;6;"2021-06-04";"electricity";1422.85;120.73
1641;42;"2021-09-26";"electricity";1767.39;114.5
1642;84;"2022-10-17";"electricity";365.33;46.07
1643;83;"2022-07-29";"gas";687.75;94.93
1644;86;"2022-09-05";"electricity";1180.5;64.74
1645;23;"2022-07-12";"gas";397.65;55.84
1646;47;"2023-07-18";"gas";145.44;16.54
1647;37;"2022-07-18";"gas";1174.99;101.11
1648;70;"2023-09-06";"electricity";957.19;93.58
1649;41;"2021-06-16";"gas";1372.88;69.97
1650;70;"2022-10-19";"gas";503.18;50.75
1651;17;"2023-12-07";"gas";190.2;21.33
1652;10;"2022-08-27";"gas";427.3;47.1
1653;88;"2024-01-11";"electricity";310.91;28.93
1654;69;"2022-05-21";"electricity";1584.06;144.84
1655;66;"2021-08-31";"electricity";400.59;60.03
1656;94;"2022-12-14";"gas";177.96;26.24
1657;32;"2023-06-05";"gas";126.03;14.62
1658;26;"2023-10-11";"gas";603.62;32.33
1659;56;"2021-09-19";"electricity";75.22;9.08
1660;1;"2023-01-30";"electricity";173.58;18.02
1661;88;"2022-04-01";"electricity";470.22;38.84
1662;79;"2023-08-22";"gas";255.15;43.16
1663;95;"2022-05-13";"electricity";1934.51;97.97
1664;32;"2023-06-23";"gas";727.64;66.17
1665;7;"2024-03-04";"gas";377.12;54.04
1666;9;"2022-05-02";"gas";335.7;33.37
1667;64;"2023-12-02";"electricity";61.69;7.39
1668;49;"2023-10-06";"gas";1589.11;119.71
1669;94;"2023-02-15";"gas";895.22;116.81
1670;95;"2021-10-18";"gas";618.19;48.33
1671;56;"2021-09-10";"gas";180.26;31.57
1672;67;"2024-05-06";"gas";972.29;135.69
1673;92;"2024-02-29";"electricity";152.62;18.9
1674;92;"2023-11-05";"gas";295.35;32.46
1675;41;"2024-03-24";"electricity";1205.54;97.43
1676;55;"2023-10-07";"gas";30.0;3.71
1677;10;"2023-12-02";"electricity";214.76;24.54
1678;12;"2022-03-08";"electricity";381.05;57.05
1679;13;"2023-03-15";"gas";195.64;25.54
1680;64;"2021-07-16";"gas";128.74;13.17
1681;17;"2023-12-11";"gas";915.09;82.91
1682;55;"2023-05-25";"gas";475.52;82.32
1683;25;"2022-06-14";"gas";582.79;84.74
1684;31;"2021-07-18";"electricity";304.67;37.75
1685;40;"2021-09-24";"gas";172.67;24.17
1686;52;"2022-09-06";"gas";797.49;48.79
1687;89;"2022-08-23";"electricity";956.4;85.05
1688;87;"2022-06-28";"electricity";285.78;37.5
1689;100;"2022-07-15";"electricity";271.05;54.1
1690;2;"2023-03-16";"gas";470.86;50.19
1691;48;"2022-09-11";"electricity";622.55;41.47
1692;11;"2024-03-01";"electricity";281.48;42.67
1693;17;"2022-07-26";"electricity";390.65;31.89
1694;15;"2022-02-18";"electricity";780.54;115.48
1695;86;"2021-12-19";"electricity";1168.82;114.43
1696;13;"2022-04-03";"gas";64.89;12.71
1697;35;"2021-12-01";"gas";649.9;38.42
1698;28;"2024-03-14";"gas";1635.99;144.82
1699;4;"2024-03-05";"electricity";881.17;109.3
1700;100;"2021-08-21";"electricity";120.67;13.19
1701;48;"2021-10-29";"gas";1151.41;79.21
1702;46;"2023-05-08";"gas";951.9;91.37
1703;16;"2022-10-22";"gas";819.68;41.03
1704;24;"2022-04-24";"gas";1360.89;120.65
1705;77;"2024-03-08";"gas";1414.9;82.4
1706;45;"2022-07-05";"gas";1051.61;82.86
1707;30;"2021-12-01";"gas";451.63;46.94
1708;65;"2022-07-22";"electricity";1481.84;137.66
1709;38;"2024-04-02";"gas";439.72;45.26
1710;19;"2021-07-06";"gas";688.91;56.17
1711;53;"2023-09-14";"electricity";242.02;28.3
1712;54;"2023-10-31";"electricity";157.91;25.02
1713;81;"2022-10-25";"gas";919.4;100.87
1714;66;"2022-10-27";"electricity";143.64;23.52
1715;88;"2023-03-17";"gas";833.95;104.58
1716;57;"2022-08-07";"electricity";1968.96;106.23
1717;50;"2021-06-30";"gas";425.08;83.16
1718;64;"2024-04-22";"gas";447.49;76.13
1719;67;"2023-11-21";"electricity";198.89;24.94
1720;23;"2022-03-29";"electricity";591.86;80.95
1721;87;"2022-01-05";"electricity";446.89;88.02
1722;61;"2024-03-23";"gas";920.44;88.86
1723;21;"2022-04-11";"electricity";544.02;63.11
1724;70;"2024-01-21";"electricity";569.3;72.97
1725;68;"2021-12-10";"electricity";1737.91;95.47
1726;19;"2022-03-16";"electricity";371.68;48.11
1727;2;"2021-09-01";"gas";145.13;18.85
1728;95;"2023-01-02";"gas";599.0;37.78
1729;44;"2022-07-08";"gas";414.2;48.78
1730;35;"2022-06-26";"gas";823.52;47.62
1731;23;"2023-11-23";"electricity";657.96;55.33
1732;87;"2023-08-26";"gas";337.35;34.79
1733;17;"2021-10-09";"gas";193.29;17.28
1734;10;"2024-01-15";"electricity";185.51;22.59
1735;94;"2023-01-03";"electricity";696.73;102.36
1736;32;"2024-02-13";"gas";936.24;131.94
1737;35;"2024-02-10";"gas";1386.22;83.62
1738;98;"2023-03-11";"electricity";31.27;5.49
1739;59;"2021-12-13";"electricity";1906.21;189.59
1740;16;"2024-04-29";"gas";558.93;37.27
1741;66;"2021-06-28";"electricity";86.03;12.83
1742;26;"2022-10-20";"electricity";1357.82;104.82
1743;87;"2022-05-26";"gas";68.86;11.07
1744;91;"2024-04-01";"gas";1816.91;154.79
1745;90;"2024-01-21";"electricity";331.5;61.17
1746;80;"2024-04-26";"electricity";1932.62;107.39
1747;72;"2023-12-10";"gas";95.66;9.8
1748;19;"2021-10-20";"electricity";202.82;24.21
1749;82;"2023-04-02";"electricity";130.82;21.91
1750;86;"2022-01-08";"gas";1666.36;92.4
1751;34;"2021-11-16";"gas";452.52;54.16
1752;71;"2021-05-31";"gas";161.43;15.13
1753;9;"2023-10-02";"gas";630.33;67.41
1754;57;"2023-06-22";"gas";770.49;66.58
1755;30;"2024-04-02";"gas";351.1;52.18
1756;70;"2021-06-24";"gas";345.45;36.14
1757;30;"2023-12-12";"electricity";488.78;39.75
1758;57;"2022-03-16";"gas";590.11;42.83
1759;46;"2022-10-28";"gas";1849.94;165.04
1760;52;"2021-08-15";"electricity";1396.35;122.0
1761;51;"2023-02-12";"gas";1429.41;96.09
1762;27;"2022-09-22";"gas";439.69;74.84
1763;8;"2023-03-22";"electricity";545.82;50.79
1764;85;"2023-08-25";"gas";881.12;82.46
1765;96;"2022-07-15";"electricity";590.44;45.12
1766;67;"2021-12-19";"gas";681.23;70.53
1767;41;"2022-04-28";"gas";1116.98;61.89
1768;38;"2023-12-12";"gas";463.63;54.31
1769;56;"2022-04-03";"gas";185.03;30.84
1770;29;"2024-02-19";"gas";1377.57;93.92
1771;56;"2022-05-19";"gas";303.36;32.81
1772;9;"2022-02-14";"gas";935.08;120.99
1773;62;"2023-06-30";"gas";559.16;77.89
1774;14;"2024-04-14";"gas";490.75;84.89
1775;61;"2024-02-06";"electricity";296.94;31.45
1776;75;"2021-10-03";"gas";205.56;18.31
1777;65;"2021-09-15";"electricity";1263.75;78.23
1778;92;"2023-03-27";"gas";325.31;30.51
1779;96;"2023-05-31";"electricity";1690.0;106.21
1780;67;"2024-03-28";"electricity";660.95;97.85
1781;65;"2023-11-29";"electricity";876.18;72.38
1782;87;"2022-08-09";"electricity";316.93;43.4
1783;68;"2022-07-12";"electricity";1747.47;97.76
1784;5;"2021-08-09";"electricity";1749.59;94.71
1785;6;"2022-02-05";"gas";1203.39;76.53
1786;29;"2023-07-08";"electricity";875.11;83.52
1787;93;"2021-11-15";"electricity";890.5;56.9
1788;35;"2022-01-06";"gas";1302.04;96.78
1789;10;"2022-11-02";"electricity";413.99;69.43
1790;16;"2023-08-22";"electricity";1301.25;66.48
1791;64;"2023-10-22";"gas";110.38;17.25
1792;95;"2021-09-28";"electricity";1123.16;91.09
1793;68;"2021-07-03";"electricity";1027.63;78.88
1794;20;"2023-10-23";"gas";875.52;87.4
1795;37;"2022-02-10";"electricity";1327.48;120.32
1796;87;"2023-05-28";"electricity";146.91;24.97
1797;60;"2021-07-23";"electricity";460.33;56.1
1798;20;"2021-11-02";"gas";627.8;56.34
1799;99;"2022-09-09";"gas";996.65;120.9
1800;50;"2022-07-25";"gas";97.82;18.43
1801;52;"2023-03-16";"electricity";1723.84;98.43
1802;33;"2022-11-28";"gas";1731.06;163.91
1803;79;"2021-06-22";"electricity";471.95;80.02
1804;30;"2023-07-04";"gas";267.52;28.74
1805;25;"2022-06-02";"electricity";423.32;41.34
1806;57;"2022-02-27";"gas";1124.11;83.04
1807;9;"2022-06-15";"gas";418.66;51.32
1808;74;"2022-11-19";"electricity";271.44;42.64
1809;39;"2024-03-02";"gas";215.24;41.24
1810;47;"2024-02-27";"gas";140.9;14.03
1811;7;"2023-05-18";"gas";167.59;25.06
1812;64;"2023-11-27";"electricity";380.94;61.36
1813;85;"2022-12-05";"gas";382.76;52.02
1814;39;"2022-02-27";"electricity";315.99;35.3
1815;37;"2022-02-10";"gas";1646.97;97.04
1816;53;"2022-11-13";"gas";606.08;83.9
1817;90;"2022-05-02";"gas";179.71;22.08
1818;100;"2024-02-19";"electricity";488.84;97.62
1819;38;"2022-01-20";"electricity";178.29;28.9
1820;63;"2021-07-12";"gas";674.01;69.29
1821;42;"2023-10-17";"gas";769.29;75.15
1822;68;"2023-07-22";"gas";506.93;48.79
1823;62;"2024-03-07";"gas";853.88;83.11
1824;73;"2022-01-29";"electricity";138.76;19.95
1825;20;"2022-10-11";"gas";1632.47;153.91
1826;74;"2021-08-31";"electricity";339.9;59.26
1827;32;"2022-12-28";"gas";523.97;76.22
1828;64;"2023-12-06";"gas";142.87;26.98
1829;97;"2021-12-04";"gas";644.74;56.09
1830;99;"2022-03-24";"gas";607.02;75.29
1831;29;"2024-02-18";"gas";1859.27;105.01
1832;10;"2021-07-08";"gas";109.02;19.59
1833;97;"2024-02-05";"gas";1052.27;82.65
1834;69;"2022-08-28";"gas";1018.51;66.88
1835;32;"2021-08-19";"gas";763.2;104.02
1836;100;"2024-01-02";"electricity";477.72;58.21
1837;56;"2024-04-22";"gas";138.07;21.71
1838;56;"2022-01-28";"electricity";406.24;80.2
1839;59;"2024-03-27";"electricity";1279.56;118.56
1840;27;"2023-07-03";"gas";455.83;68.12
1841;75;"2022-01-05";"electricity";962.79;131.66
1842;45;"2021-07-09";"gas";1625.4;137.37
1843;34;"2022-10-06";"gas";170.27;25.24
1844;23;"2022-10-23";"electricity";481.04;51.96
1845;2;"2023-07-03";"gas";976.71;81.29
1846;76;"2022-02-22";"gas";261.14;34.09
1847;89;"2022-12-25";"gas";1345.35;70.38
1848;7;"2021-11-24";"electricity";206.06;32.19
1849;59;"2022-02-20";"electricity";1445.21;92.82
1850;18;"2023-03-21";"electricity";971.96;80.38
1851;60;"2023-07-07";"electricity";400.18;74.66
1852;41;"2021-09-08";"gas";1115.5;71.94
1853;86;"2023-11-01";"gas";770.83;57.62
1854;16;"2022-03-20";"electricity";1911.1;109.54
1855;20;"2023-04-09";"electricity";1744.14;155.78
1856;88;"2021-08-20";"electricity";534.96;70.92
1857;24;"2022-01-02";"gas";508.22;38.73
1858;70;"2024-01-02";"electricity";303.86;24.38
1859;90;"2024-01-16";"gas";149.14;27.18
1860;97;"2022-03-22";"gas";1526.41;142.04
1861;91;"2023-06-10";"electricity";1838.13;154.76
1862;61;"2022-04-09";"electricity";138.57;18.99
1863;91;"2023-10-31";"electricity";764.04;67.96
1864;59;"2021-06-07";"electricity";740.88;71.84
1865;98;"2022-03-07";"electricity";345.5;50.35
1866;60;"2023-03-25";"gas";115.56;22.79
1867;51;"2023-10-04";"electricity";904.44;73.04
1868;58;"2021-09-07";"electricity";39.42;7.19
1869;48;"2021-12-02";"electricity";763.89;52.24
1870;12;"2024-03-19";"electricity";145.52;11.9
1871;17;"2024-05-04";"gas";977.65;102.26
1872;16;"2022-03-05";"electricity";1128.2;73.13
1873;55;"2021-08-14";"gas";61.69;8.59
1874;93;"2023-04-05";"electricity";1082.77;92.29
1875;33;"2024-02-19";"electricity";911.39;53.38
1876;27;"2021-12-07";"electricity";165.14;17.56
1877;94;"2023-11-10";"electricity";933.23;97.89
1878;40;"2023-12-26";"gas";300.15;58.29
1879;34;"2023-05-05";"electricity";745.72;68.05
1880;3;"2023-10-20";"electricity";428.06;60.74
1881;66;"2024-03-01";"electricity";313.73;38.74
1882;84;"2022-09-10";"gas";632.04;84.51
1883;67;"2022-02-12";"electricity";887.89;110.92
1884;98;"2024-05-03";"gas";420.58;64.14
1885;64;"2024-05-03";"electricity";372.0;50.51
1886;16;"2022-08-20";"gas";1689.36;121.3
1887;28;"2023-12-23";"electricity";1873.61;101.52
1888;30;"2021-08-02";"electricity";753.64;67.96
1889;28;"2022-05-19";"gas";1426.28;119.4
1890;40;"2022-06-28";"gas";392.81;59.03
1891;93;"2023-12-05";"gas";1836.06;113.5
1892;21;"2023-12-25";"gas";400.81;34.23
1893;67;"2021-08-22";"gas";501.35;56.77
1894;52;"2022-03-30";"gas";1953.04;156.63
1895;9;"2021-06-01";"gas";910.43;119.84
1896;61;"2022-07-06";"electricity";535.7;64.58
1897;34;"2021-09-08";"electricity";965.5;142.84
1898;26;"2022-09-28";"gas";716.21;40.3
1899;76;"2022-10-24";"gas";792.81;82.88
1900;40;"2022-04-12";"gas";136.31;24.29
1901;68;"2021-12-21";"electricity";1344.58;73.42
1902;44;"2022-06-06";"electricity";327.18;57.61
1903;65;"2023-08-03";"electricity";1837.05;147.74
1904;10;"2022-03-19";"electricity";103.93;13.73
1905;69;"2023-02-26";"gas";786.81;40.02
1906;24;"2022-07-26";"electricity";1922.82;153.79
1907;28;"2023-10-23";"electricity";1906.72;145.23
1908;5;"2021-10-24";"electricity";1334.85;101.81
1909;70;"2021-09-04";"electricity";940.02;131.02
1910;96;"2023-02-28";"gas";1574.37;89.96
1911;30;"2021-08-24";"gas";981.0;145.28
1912;32;"2021-09-15";"gas";684.22;84.76
1913;9;"2022-10-21";"gas";861.38;80.74
1914;62;"2022-02-08";"gas";651.22;62.09
1915;84;"2022-10-01";"electricity";190.25;23.96
1916;49;"2022-05-01";"electricity";715.27;63.2
1917;92;"2022-11-17";"gas";186.13;14.97
1918;11;"2022-11-15";"electricity";325.13;61.96
1919;13;"2022-04-14";"gas";37.88;5.61
1920;69;"2021-06-02";"electricity";548.43;40.52
1921;56;"2024-01-30";"gas";308.58;53.81
1922;32;"2021-07-03";"gas";716.57;91.76
1923;65;"2023-10-06";"electricity";1769.39;172.97
1924;95;"2021-11-17";"electricity";1353.4;123.98
1925;9;"2021-10-03";"gas";718.32;83.88
1926;28;"2023-09-26";"gas";779.3;39.9
1927;99;"2023-05-07";"electricity";810.76;101.01
1928;69;"2021-12-06";"gas";1892.4;171.5
1929;31;"2022-06-27";"electricity";809.14;106.59
1930;71;"2024-04-16";"gas";668.06;65.53
1931;35;"2023-08-19";"electricity";1730.27;151.51
1932;30;"2024-01-03";"gas";902.15;98.45
1933;59;"2023-11-12";"electricity";664.08;44.05
1934;88;"2022-09-05";"gas";814.48;118.92
1935;12;"2022-09-07";"gas";221.51;28.92
1936;43;"2023-04-03";"gas";689.54;64.03
1937;94;"2022-11-09";"gas";256.94;30.45
1938;1;"2021-06-21";"electricity";142.06;17.34
1939;51;"2021-12-14";"gas";1360.4;135.79
1940;44;"2023-04-13";"gas";301.63;41.33
1941;8;"2023-02-10";"gas";712.4;42.11
1942;61;"2023-02-21";"electricity";276.58;35.81
1943;11;"2023-09-18";"electricity";318.55;60.1
1944;84;"2023-02-27";"gas";369.55;30.43
1945;54;"2024-01-06";"electricity";460.14;52.15
1946;100;"2023-04-17";"electricity";186.86;24.95
1947;20;"2021-07-12";"electricity";1000.34;83.22
1948;7;"2023-01-28";"electricity";192.69;24.85
1949;21;"2022-10-21";"electricity";859.92;85.26
1950;96;"2022-12-14";"gas";796.85;48.1
1951;8;"2021-08-23";"gas";1848.19;167.9
1952;68;"2021-11-13";"electricity";1417.18;97.13
1953;60;"2023-09-12";"electricity";252.86;29.42
1954;20;"2022-08-16";"gas";1664.09;113.85
1955;94;"2023-07-08";"gas";829.42;110.53
1956;18;"2022-06-20";"electricity";676.82;39.34
1957;21;"2023-07-11";"gas";445.51;39.32
1958;79;"2023-03-30";"gas";147.47;27.03
1959;9;"2021-11-15";"gas";958.79;103.69
1960;45;"2023-03-08";"gas";1172.18;74.8
1961;72;"2023-02-07";"gas";424.06;58.25
1962;76;"2023-01-31";"gas";936.26;104.34
1963;7;"2023-12-31";"gas";271.65;48.3
1964;92;"2022-06-16";"electricity";173.66;19.53
1965;34;"2023-08-17";"gas";848.87;93.89
1966;30;"2023-03-17";"gas";244.82;32.53
1967;20;"2021-08-17";"gas";1020.0;88.11
1968;38;"2024-04-22";"gas";104.63;10.87
1969;7;"2023-02-11";"gas";213.76;37.87
1970;43;"2023-02-21";"gas";418.0;58.03
1971;43;"2023-12-13";"electricity";731.82;91.39
1972;5;"2022-02-24";"gas";943.72;64.15
1973;14;"2022-08-02";"gas";131.35;19.79
1974;79;"2022-03-22";"electricity";123.14;20.07
1975;51;"2022-05-27";"electricity";1906.88;124.32
1976;61;"2023-06-13";"electricity";848.94;84.41
1977;12;"2021-09-24";"gas";412.6;41.75
1978;47;"2023-06-03";"gas";941.37;122.07
1979;9;"2022-02-23";"gas";202.38;24.11
1980;99;"2023-07-25";"gas";755.87;103.74
1981;73;"2021-06-15";"gas";336.41;53.42
1982;17;"2022-12-06";"gas";339.47;37.57
1983;86;"2023-09-10";"electricity";554.06;39.04
1984;3;"2023-05-09";"gas";296.15;43.61
1985;50;"2022-12-24";"gas";341.44;48.53
1986;20;"2022-06-13";"gas";1066.52;106.24
1987;75;"2024-01-30";"electricity";640.08;61.95
1988;74;"2021-11-08";"electricity";90.89;14.57
1989;41;"2021-09-12";"gas";1244.15;123.11
1990;79;"2021-06-08";"gas";146.9;25.82
1991;79;"2023-04-08";"gas";61.71;12.27
1992;12;"2022-12-10";"electricity";924.67;83.12
1993;7;"2023-02-13";"electricity";318.4;43.89
1994;68;"2022-08-05";"electricity";1502.98;119.4
1995;50;"2021-12-05";"gas";25.51;3.76
1996;73;"2021-07-04";"electricity";191.01;20.63
1997;63;"2023-06-28";"electricity";266.22;31.32
1998;86;"2021-06-09";"gas";1281.12;66.46
1999;68;"2022-05-15";"electricity";630.39;53.52
2000;72;"2021-07-02";"electricity";236.04;37.73
2001;42;"2021-10-31";"electricity";1985.43;139.39
2002;45;"2021-08-14";"electricity";1738.69;91.62
2003;45;"2024-01-08";"electricity";1952.14;110.41
2004;41;"2022-08-12";"electricity";1842.08;113.36
2005;4;"2021-07-16";"electricity";217.75;17.91
2006;92;"2022-08-29";"gas";114.06;10.47
2007;9;"2023-04-03";"electricity";353.56;44.52
2008;40;"2023-08-08";"electricity";413.55;64.08
2009;20;"2023-12-20";"gas";1114.01;73.1
2010;81;"2021-11-02";"electricity";979.85;100.32
2011;95;"2023-08-28";"electricity";804.9;78.88
2012;19;"2023-07-15";"electricity";739.33;85.04
2013;49;"2023-04-21";"gas";1150.65;95.24
2014;40;"2024-05-08";"gas";72.67;8.96
2015;68;"2021-11-08";"electricity";1257.7;122.28
2016;65;"2022-03-30";"electricity";1755.96;144.26
2017;75;"2021-07-22";"electricity";929.66;87.41
2018;4;"2021-06-22";"gas";413.56;39.48
2019;41;"2023-03-14";"gas";658.83;54.45
2020;1;"2024-04-14";"gas";549.43;81.49
2021;37;"2022-07-19";"electricity";1820.82;157.92
2022;27;"2021-08-20";"electricity";414.28;69.49
2023;93;"2021-09-07";"electricity";853.1;60.67
2024;27;"2022-02-26";"gas";321.93;48.09
2025;81;"2021-09-24";"gas";887.4;115.51
2026;80;"2022-09-12";"gas";1732.85;137.18
2027;86;"2024-03-15";"electricity";1926.45;102.34
2028;62;"2022-06-27";"gas";530.08;50.28
2029;90;"2023-01-09";"electricity";285.35;55.04
2030;87;"2021-11-26";"gas";398.89;42.32
2031;25;"2022-08-03";"electricity";994.03;134.27
2032;2;"2021-07-06";"gas";919.32;74.62
2033;21;"2021-11-09";"gas";217.43;20.16
2034;91;"2024-03-21";"gas";1232.44;100.04
2035;12;"2023-12-13";"electricity";427.84;58.09
2036;90;"2022-06-03";"electricity";476.85;65.94
2037;96;"2024-05-15";"electricity";605.08;48.24
2038;8;"2023-06-13";"gas";1694.73;114.46
2039;60;"2022-01-22";"gas";356.83;43.9
2040;6;"2021-11-13";"electricity";1021.88;56.04
2041;7;"2023-05-28";"gas";103.91;19.58
2042;68;"2023-05-02";"gas";1206.66;67.97
2043;79;"2022-07-27";"gas";212.48;41.57
2044;5;"2021-06-16";"gas";1259.93;121.56
2045;95;"2024-02-19";"gas";647.83;59.78
2046;20;"2024-04-17";"electricity";1447.78;124.51
2047;99;"2022-10-15";"gas";994.67;142.06
2048;63;"2023-03-01";"electricity";111.95;12.56
2049;24;"2021-06-01";"electricity";559.23;44.46
2050;7;"2023-03-09";"gas";187.41;31.18
2051;4;"2022-11-26";"gas";228.52;20.88
2052;16;"2021-06-17";"electricity";1826.94;100.86
2053;59;"2023-06-22";"electricity";1824.28;175.82
2054;41;"2022-03-03";"electricity";1532.6;126.55
2055;77;"2021-12-01";"gas";570.13;45.46
2056;24;"2022-04-06";"electricity";1311.86;98.8
2057;62;"2022-08-16";"gas";429.27;60.12
2058;25;"2022-08-30";"gas";663.33;56.74
2059;50;"2021-10-14";"gas";148.61;18.76
2060;14;"2022-10-22";"electricity";314.67;44.58
2061;61;"2021-10-08";"gas";735.34;87.22
2062;37;"2023-04-21";"gas";722.96;71.48
2063;25;"2022-01-26";"electricity";919.21;105.39
2064;53;"2022-10-10";"gas";260.21;24.01
2065;28;"2022-02-14";"gas";1215.55;83.6
2066;16;"2024-05-18";"electricity";1072.55;107.06
2067;42;"2022-03-17";"gas";1287.55;104.92
2068;24;"2024-02-05";"electricity";662.58;56.16
2069;5;"2023-06-16";"electricity";1808.71;112.21
2070;82;"2022-08-26";"electricity";384.62;51.0
2071;51;"2023-04-17";"gas";1351.51;134.25
2072;28;"2023-01-17";"gas";1155.23;67.71
2073;71;"2021-08-10";"electricity";671.93;56.77
2074;10;"2023-03-03";"electricity";347.04;41.72
2075;29;"2022-06-23";"gas";1959.72;128.29
2076;70;"2021-12-17";"gas";292.01;37.0
2077;53;"2022-07-29";"electricity";745.05;95.81
2078;28;"2022-08-28";"gas";562.99;40.72
2079;22;"2023-07-05";"electricity";335.15;50.0
2080;35;"2021-11-13";"electricity";1756.24;124.38
2081;81;"2022-07-01";"electricity";519.18;62.08
2082;59;"2023-01-30";"gas";940.55;47.82
2083;33;"2023-06-20";"gas";932.84;82.89
2084;51;"2024-01-20";"gas";1425.05;81.05
2085;32;"2023-02-01";"gas";548.99;78.06
2086;29;"2024-04-25";"gas";619.46;40.8
2087;18;"2023-12-17";"gas";1637.97;153.94
2088;91;"2023-07-23";"gas";742.44;47.31
2089;63;"2023-07-09";"electricity";725.57;59.54
2090;56;"2024-01-09";"gas";468.57;64.05
2091;54;"2023-01-01";"gas";402.54;59.63
2092;96;"2023-12-04";"gas";1327.22;116.63
2093;65;"2021-06-06";"gas";1936.76;113.74
2094;39;"2024-02-28";"electricity";319.2;37.85
2095;75;"2023-08-12";"electricity";463.77;59.34
2096;15;"2021-06-04";"gas";877.0;81.69
2097;43;"2022-02-24";"electricity";737.46;108.07
2098;61;"2021-09-05";"gas";266.57;26.95
2099;82;"2022-03-31";"gas";380.68;41.67
2100;79;"2023-05-28";"electricity";199.3;31.32
2101;54;"2021-12-28";"electricity";393.1;51.62
2102;95;"2023-07-06";"electricity";790.05;45.25
2103;80;"2023-02-19";"electricity";1093.11;71.62
2104;16;"2022-09-23";"gas";1957.36;186.66
2105;53;"2022-08-20";"electricity";455.02;38.06
2106;73;"2021-10-27";"gas";485.06;88.11
2107;92;"2022-12-21";"gas";655.76;67.78
2108;57;"2021-08-23";"electricity";1972.5;186.33
2109;82;"2022-10-15";"gas";76.88;14.42
2110;69;"2023-11-12";"gas";698.95;36.02
2111;21;"2022-12-14";"electricity";541.24;69.56
2112;77;"2022-01-24";"gas";806.17;42.01
2113;59;"2023-09-08";"gas";886.51;58.56
2114;45;"2023-05-09";"electricity";1515.66;138.88
2115;69;"2023-06-29";"gas";1565.89;108.35
2116;91;"2021-10-16";"gas";983.27;68.08
2117;14;"2021-12-11";"electricity";310.44;61.18
2118;19;"2022-03-28";"electricity";909.02;77.06
2119;54;"2021-12-04";"gas";161.77;19.22
2120;28;"2023-08-13";"gas";1372.67;112.93
2121;51;"2022-04-26";"gas";1044.85;67.32
2122;20;"2023-07-26";"electricity";1000.33;62.35
2123;36;"2022-01-26";"electricity";1636.26;140.11
2124;98;"2024-04-24";"electricity";354.19;62.72
2125;99;"2022-10-27";"gas";184.32;17.97
2126;17;"2022-10-07";"electricity";350.11;31.73
2127;39;"2022-12-24";"gas";33.32;6.24
2128;62;"2022-08-30";"gas";935.75;122.14
2129;99;"2022-08-28";"electricity";971.95;124.05
2130;90;"2022-07-05";"gas";58.92;8.85
2131;30;"2023-12-25";"electricity";699.42;71.27
2132;83;"2021-12-25";"electricity";310.6;33.91
2133;80;"2023-02-28";"gas";1538.76;115.36
2134;67;"2022-09-15";"electricity";535.64;76.6
2135;5;"2022-10-31";"gas";1683.24;112.17
2136;98;"2023-10-03";"electricity";473.21;92.85
2137;64;"2021-11-28";"electricity";112.04;11.84
2138;90;"2023-10-04";"gas";279.37;33.84
2139;94;"2021-11-25";"gas";620.03;90.96
2140;45;"2022-10-10";"electricity";1714.5;122.92
2141;67;"2022-06-11";"electricity";126.18;15.76
2142;98;"2021-11-27";"electricity";497.42;86.38
2143;20;"2021-08-16";"gas";1863.25;176.74
2144;39;"2023-04-02";"gas";496.86;95.8
2145;13;"2024-05-02";"electricity";14.8;2.75
2146;80;"2022-07-29";"electricity";969.72;53.12
2147;71;"2022-12-20";"gas";337.05;48.59
2148;60;"2023-03-31";"electricity";475.24;90.09
2149;59;"2023-10-07";"gas";1521.84;122.57
2150;67;"2023-07-03";"gas";538.68;53.87
2151;80;"2021-09-25";"gas";1746.38;93.52
2152;43;"2021-07-05";"gas";132.82;16.54
2153;19;"2023-10-12";"electricity";559.0;76.2
2154;18;"2023-06-14";"gas";1590.93;157.94
2155;93;"2021-06-08";"electricity";1296.44;111.26
2156;45;"2022-06-27";"electricity";1582.27;102.95
2157;80;"2023-03-22";"gas";600.21;33.99
2158;12;"2023-04-03";"electricity";282.34;31.84
2159;62;"2024-03-04";"electricity";562.29;45.22
2160;68;"2024-04-22";"gas";1328.74;123.31
2161;72;"2022-09-30";"gas";410.71;55.4
2162;63;"2022-08-07";"electricity";832.45;108.42
2163;68;"2021-11-11";"electricity";812.53;41.88
2164;62;"2022-09-13";"gas";695.19;94.67
2165;4;"2021-12-18";"gas";261.52;32.64
2166;46;"2021-10-12";"gas";1145.74;76.28
2167;84;"2021-08-19";"gas";763.14;95.26
2168;33;"2021-08-16";"electricity";568.97;43.44
2169;89;"2021-07-20";"gas";1209.18;100.71
2170;2;"2022-02-23";"electricity";148.44;20.98
2171;22;"2022-04-17";"gas";899.43;95.11
2172;73;"2022-04-05";"electricity";441.98;82.36
2173;24;"2023-06-12";"gas";708.28;64.49
2174;64;"2021-06-17";"gas";475.49;48.29
2175;89;"2022-06-13";"gas";987.04;81.58
2176;72;"2021-06-03";"electricity";405.15;42.3
2177;13;"2022-07-07";"electricity";482.56;87.22
2178;42;"2021-11-12";"electricity";1690.06;124.73
2179;15;"2023-01-30";"gas";911.96;79.47
2180;35;"2024-05-07";"gas";1151.94;59.7
2181;100;"2022-09-08";"electricity";404.25;45.6
2182;34;"2021-08-26";"electricity";560.94;71.5
2183;67;"2021-12-08";"electricity";118.29;12.82
2184;88;"2023-10-24";"electricity";326.81;41.55
2185;80;"2023-08-21";"electricity";523.86;31.2
2186;51;"2023-06-04";"gas";1259.28;63.09
2187;59;"2021-10-22";"gas";602.34;30.12
2188;27;"2023-05-30";"gas";435.08;80.12
2189;96;"2023-01-05";"gas";891.64;87.54
2190;99;"2023-03-13";"gas";970.0;89.76
2191;81;"2023-04-07";"gas";822.32;80.4
2192;1;"2023-08-01";"electricity";966.11;119.75
2193;34;"2022-01-23";"gas";508.22;45.27
2194;89;"2021-06-29";"electricity";1694.96;129.11
2195;62;"2021-10-08";"gas";531.73;59.09
2196;22;"2023-07-14";"gas";454.56;37.13
2197;72;"2022-04-05";"gas";156.61;23.63
2198;58;"2022-08-09";"gas";443.15;64.16
2199;55;"2023-12-12";"electricity";120.02;12.75
2200;38;"2023-05-06";"gas";445.85;67.86
2201;5;"2024-03-26";"electricity";901.99;48.68
2202;42;"2022-10-07";"electricity";1656.16;112.7
2203;26;"2023-01-15";"electricity";1894.66;162.08
2204;11;"2022-01-28";"gas";263.11;46.62
2205;29;"2023-03-24";"electricity";1574.95;93.26
2206;45;"2021-06-30";"electricity";1233.61;67.61
2207;100;"2024-05-09";"electricity";469.28;57.65
2208;45;"2024-02-26";"electricity";1942.93;177.4
2209;88;"2023-06-12";"electricity";635.5;93.66
2210;56;"2022-05-18";"electricity";366.99;45.21
2211;83;"2021-11-18";"gas";520.17;42.96
2212;85;"2024-03-03";"electricity";312.83;30.12
2213;4;"2023-07-26";"electricity";439.47;52.57
2214;88;"2023-08-21";"gas";971.87;131.6
2215;43;"2023-05-07";"electricity";664.82;89.06
2216;76;"2022-12-23";"gas";775.56;66.09
2217;99;"2022-12-06";"electricity";740.45;67.64
2218;2;"2022-02-26";"gas";856.49;73.75
2219;90;"2023-12-13";"electricity";413.36;81.22
2220;90;"2022-12-21";"electricity";180.19;32.99
2221;77;"2024-02-23";"gas";1302.35;68.03
2222;47;"2023-01-18";"gas";601.48;65.87
2223;100;"2023-04-23";"electricity";365.45;62.06
2224;6;"2022-01-14";"gas";1409.04;132.53
2225;79;"2024-05-09";"electricity";99.98;12.05
2226;28;"2024-04-07";"gas";699.47;59.12
2227;57;"2022-09-29";"electricity";1749.09;151.25
2228;61;"2023-03-13";"gas";935.71;81.2
2229;100;"2023-12-26";"electricity";115.46;21.75
2230;39;"2023-11-22";"gas";353.72;43.64
2231;65;"2021-09-17";"electricity";1146.58;59.99
2232;43;"2024-02-02";"gas";862.69;73.08
2233;30;"2024-02-26";"gas";945.11;117.29
2234;35;"2021-11-09";"electricity";1847.85;123.54
2235;49;"2022-08-13";"electricity";1462.39;125.09
2236;42;"2022-09-24";"electricity";1488.49;117.4
2237;87;"2023-02-21";"gas";434.56;81.27
2238;69;"2024-04-26";"gas";1149.23;96.43
2239;83;"2022-03-27";"electricity";574.26;67.0
2240;21;"2023-08-17";"gas";656.26;73.77
2241;16;"2024-01-02";"gas";1403.89;104.29
2242;42;"2024-05-01";"electricity";818.55;69.96
2243;27;"2021-12-02";"electricity";337.31;50.37
2244;70;"2021-10-17";"electricity";675.15;77.14
2245;72;"2022-10-08";"electricity";425.3;80.7
2246;84;"2024-02-24";"electricity";660.61;67.91
2247;75;"2023-07-07";"gas";568.29;55.38
2248;71;"2024-05-24";"gas";210.17;24.13
2249;11;"2022-08-27";"gas";437.53;60.88
2250;17;"2023-12-11";"electricity";460.99;54.57
2251;61;"2021-09-22";"electricity";620.99;53.75
2252;1;"2023-01-07";"electricity";686.27;90.88
2253;50;"2022-08-04";"gas";72.17;10.62
2254;84;"2023-03-29";"gas";847.96;106.85
2255;38;"2021-07-08";"electricity";75.67;8.56
2256;42;"2021-11-11";"electricity";1837.23;158.24
2257;56;"2022-09-04";"electricity";157.73;17.39
2258;28;"2021-07-12";"gas";1866.54;119.99
2259;90;"2023-10-22";"electricity";84.0;12.55
2260;37;"2022-07-05";"electricity";1353.78;127.48
2261;3;"2023-08-21";"gas";268.3;45.81
2262;52;"2022-03-15";"electricity";1896.04;123.56
2263;49;"2022-11-19";"gas";648.2;64.28
2264;75;"2023-10-31";"electricity";334.7;38.2
2265;68;"2022-05-15";"gas";1190.29;70.18
2266;4;"2023-11-14";"gas";203.4;29.41
2267;89;"2023-11-30";"gas";1474.98;116.24
2268;77;"2023-01-16";"gas";506.23;30.61
2269;10;"2022-10-05";"gas";121.21;23.82
2270;37;"2021-06-09";"gas";1239.82;80.75
2271;66;"2024-03-02";"gas";45.15;6.9
2272;25;"2023-01-22";"gas";375.17;42.53
2273;19;"2023-01-23";"electricity";200.46;25.14
2274;27;"2022-10-22";"electricity";283.31;33.25
2275;29;"2023-12-20";"electricity";1059.35;97.21
2276;100;"2023-04-20";"gas";394.7;48.24
2277;95;"2023-08-10";"gas";1446.95;116.69
2278;76;"2023-07-23";"electricity";357.49;48.18
2279;76;"2023-05-05";"electricity";817.79;121.58
2280;52;"2022-11-05";"electricity";1591.66;130.94
2281;79;"2022-04-05";"electricity";21.99;2.34
2282;15;"2024-04-13";"gas";202.79;22.83
2283;8;"2024-01-01";"gas";1798.02;135.26
2284;89;"2023-05-09";"gas";1757.83;156.26
2285;9;"2023-10-24";"gas";521.32;66.27
2286;65;"2022-09-24";"gas";558.33;33.64
2287;23;"2021-06-23";"gas";708.64;103.32
2288;22;"2022-12-27";"gas";499.44;65.31
2289;66;"2023-03-15";"gas";361.53;41.62
2290;17;"2023-01-02";"electricity";991.29;119.29
2291;4;"2024-04-29";"electricity";587.59;69.63
2292;52;"2021-11-28";"electricity";553.21;32.14
2293;9;"2021-11-03";"gas";289.15;36.24
2294;87;"2024-05-18";"gas";59.93;10.12
2295;73;"2022-04-30";"gas";325.49;59.0
2296;81;"2023-07-21";"gas";541.28;57.73
2297;14;"2023-09-01";"gas";197.5;29.33
2298;8;"2023-04-17";"electricity";1133.41;57.04
2299;68;"2023-12-26";"electricity";1677.78;144.34
2300;94;"2021-08-21";"electricity";352.31;51.4
2301;98;"2023-12-27";"gas";81.01;10.95
2302;54;"2023-12-24";"gas";222.4;37.73
2303;58;"2023-03-15";"gas";252.38;37.27
2304;50;"2023-04-26";"electricity";463.54;50.74
2305;26;"2023-10-26";"electricity";626.52;34.02
2306;87;"2022-05-18";"electricity";282.0;48.81
2307;43;"2023-05-03";"gas";314.11;36.42
2308;8;"2023-07-08";"gas";1933.8;103.84
2309;45;"2022-01-24";"gas";528.2;40.28
2310;48;"2022-02-12";"electricity";1529.13;113.01
2311;13;"2023-09-02";"gas";417.96;64.36
2312;46;"2022-11-26";"electricity";577.32;41.57
2313;41;"2023-12-09";"gas";1470.74;134.7
2314;65;"2022-04-17";"electricity";1330.44;109.89
2315;58;"2023-06-04";"gas";129.75;15.21
2316;77;"2024-05-13";"electricity";680.86;53.7
2317;37;"2024-05-26";"gas";1667.47;91.01
2318;31;"2023-10-02";"gas";322.87;45.96
2319;46;"2021-09-13";"gas";1411.04;88.43
2320;24;"2023-03-25";"gas";1740.94;155.38
2321;71;"2023-07-31";"gas";960.31;108.53
2322;28;"2024-05-01";"electricity";1055.87;102.82
2323;15;"2022-11-14";"gas";428.07;50.4
2324;71;"2023-05-25";"gas";353.38;36.83
2325;42;"2024-02-08";"gas";545.58;50.36
2326;16;"2022-11-27";"gas";1064.75;79.15
2327;90;"2021-08-01";"electricity";120.31;14.56
2328;63;"2023-07-22";"electricity";632.42;63.66
2329;10;"2022-09-19";"electricity";454.21;66.56
2330;7;"2022-05-13";"electricity";145.61;20.89
2331;88;"2023-04-10";"electricity";950.12;137.45
2332;74;"2022-07-01";"gas";320.28;35.59
2333;20;"2023-04-16";"electricity";1304.49;100.82
2334;49;"2021-07-04";"electricity";1150.49;80.85
2335;74;"2022-07-04";"gas";154.67;27.83
2336;87;"2023-02-25";"gas";168.22;20.71
2337;13;"2023-01-13";"gas";201.49;21.38
2338;30;"2022-10-18";"electricity";769.74;89.82
2339;63;"2022-12-20";"electricity";797.39;83.44
2340;67;"2023-06-07";"gas";574.41;76.1
2341;58;"2021-07-01";"gas";14.5;1.45
2342;92;"2024-02-22";"gas";405.97;42.15
2343;74;"2023-11-08";"gas";262.99;29.29
2344;54;"2021-11-02";"electricity";464.02;54.73
2345;22;"2023-01-04";"electricity";992.22;80.88
2346;17;"2021-06-02";"gas";375.02;32.02
2347;19;"2023-10-28";"gas";937.78;77.44
2348;28;"2022-10-26";"electricity";1045.32;99.26
2349;28;"2022-10-09";"electricity";1326.92;68.97
2350;88;"2023-05-05";"gas";353.93;52.16
2351;17;"2022-02-25";"electricity";805.58;118.45
2352;3;"2021-08-25";"electricity";127.6;14.46
2353;48;"2021-08-13";"gas";909.81;49.79
2354;17;"2022-10-31";"electricity";568.35;70.44
2355;46;"2023-07-19";"gas";1784.17;174.51
2356;69;"2021-08-23";"electricity";1762.67;171.85
2357;23;"2022-05-16";"electricity";768.76;93.77
2358;36;"2022-12-10";"electricity";1974.12;105.12
2359;79;"2023-10-29";"electricity";444.85;54.78
2360;26;"2022-10-18";"electricity";1811.01;93.52
2361;77;"2023-03-12";"gas";938.83;77.51
2362;54;"2023-10-26";"gas";318.47;62.86
2363;81;"2024-01-29";"gas";582.69;49.5
2364;30;"2023-04-04";"electricity";962.11;94.17
2365;33;"2024-03-03";"electricity";1492.65;110.77
2366;84;"2023-08-15";"gas";924.81;124.21
2367;99;"2023-05-01";"gas";647.51;83.45
2368;32;"2024-05-08";"electricity";146.11;14.53
2369;58;"2022-05-29";"gas";28.65;4.16
2370;32;"2023-09-27";"electricity";797.75;85.37
2371;10;"2023-02-24";"electricity";425.37;81.98
2372;45;"2022-10-24";"electricity";1596.12;115.66
2373;83;"2023-05-29";"electricity";143.18;17.36
2374;33;"2021-06-29";"gas";626.79;38.56
2375;99;"2023-01-22";"gas";473.65;59.91
2376;45;"2023-09-23";"electricity";954.11;82.1
2377;19;"2022-02-13";"gas";596.93;71.55
2378;17;"2024-02-14";"electricity";817.17;102.38
2379;46;"2021-10-10";"gas";1339.61;98.35
2380;51;"2023-07-20";"gas";1062.28;82.42
2381;18;"2023-06-21";"gas";969.38;55.14
2382;3;"2023-11-23";"electricity";291.47;34.04
2383;6;"2022-05-25";"electricity";1813.48;158.86
2384;42;"2024-04-12";"gas";715.84;35.95
2385;72;"2021-07-20";"electricity";268.03;32.59
2386;56;"2022-06-18";"gas";153.55;25.34
2387;24;"2022-01-25";"electricity";1936.3;180.7
2388;74;"2023-03-07";"electricity";88.86;10.81
2389;98;"2023-03-15";"electricity";333.99;40.01
2390;79;"2023-09-13";"electricity";347.72;63.85
2391;29;"2023-02-27";"gas";682.08;48.93
2392;87;"2022-08-30";"electricity";183.48;28.36
2393;18;"2024-04-15";"gas";1259.9;121.34
2394;33;"2024-04-14";"gas";600.5;44.18
2395;55;"2023-10-23";"electricity";277.24;39.2
2396;98;"2023-06-07";"gas";457.79;67.62
2397;74;"2024-04-07";"gas";351.12;61.93
2398;19;"2023-10-14";"electricity";887.29;114.45
2399;12;"2022-02-12";"gas";189.57;23.38
2400;91;"2024-02-03";"electricity";733.6;64.67
2401;60;"2023-12-17";"electricity";84.96;8.75
2402;13;"2021-10-30";"gas";439.83;49.44
2403;14;"2023-08-24";"electricity";446.64;58.27
2404;73;"2021-12-01";"gas";338.5;59.47
2405;43;"2023-04-10";"gas";476.06;51.25
2406;5;"2022-07-30";"electricity";1670.51;105.76
2407;63;"2022-01-05";"electricity";581.09;46.94
2408;65;"2021-06-30";"gas";520.43;33.98
2409;67;"2021-10-14";"electricity";254.3;35.05
2410;11;"2022-10-09";"electricity";81.25;15.05
2411;91;"2023-02-20";"gas";797.18;60.8
2412;29;"2022-12-10";"gas";1500.53;143.15
2413;8;"2021-08-18";"gas";1850.44;139.16
2414;13;"2021-09-26";"electricity";390.69;63.22
2415;10;"2021-09-14";"gas";125.96;15.39
2416;32;"2022-03-14";"gas";601.25;77.08
2417;2;"2021-09-17";"electricity";127.96;18.29
2418;99;"2021-06-13";"gas";758.27;72.97
2419;77;"2022-04-27";"electricity";1717.62;135.6
2420;38;"2021-12-29";"gas";492.43;51.94
2421;24;"2021-11-23";"electricity";1918.3;189.69
2422;15;"2023-05-08";"gas";980.18;103.25
2423;25;"2023-05-02";"gas";680.02;55.54
2424;92;"2022-07-23";"gas";643.19;70.47
2425;94;"2023-07-31";"gas";565.12;77.0
2426;37;"2022-03-22";"electricity";1157.98;65.57
2427;25;"2022-07-12";"electricity";912.16;105.77
2428;67;"2024-03-02";"electricity";585.32;64.61
2429;22;"2024-05-17";"electricity";320.4;36.59
2430;1;"2021-06-23";"electricity";177.39;24.51
2431;51;"2021-12-28";"electricity";608.49;42.26
2432;100;"2022-08-01";"gas";223.79;25.79
2433;83;"2024-04-09";"electricity";236.49;26.94
2434;95;"2021-10-15";"electricity";766.78;54.98
2435;74;"2022-03-16";"electricity";173.73;22.52
2436;78;"2023-09-16";"gas";96.77;15.41
2437;10;"2024-04-16";"gas";369.64;42.9
2438;42;"2022-08-09";"gas";592.95;41.8
2439;86;"2023-11-16";"gas";1922.37;165.89
2440;92;"2021-11-24";"electricity";703.87;95.52
2441;38;"2024-03-03";"electricity";325.28;35.17
2442;19;"2022-04-07";"gas";475.52;54.85
2443;18;"2021-08-26";"electricity";1823.95;133.04
2444;28;"2023-01-26";"gas";1624.53;154.56
2445;82;"2022-01-03";"electricity";136.76;24.15
2446;59;"2021-12-24";"gas";505.2;31.77
2447;66;"2023-01-13";"electricity";486.43;63.22
2448;70;"2022-11-02";"gas";109.99;15.24
2449;75;"2022-01-22";"electricity";626.26;80.79
2450;37;"2023-05-10";"gas";1582.39;154.77
2451;80;"2023-04-10";"electricity";1444.44;127.71
2452;75;"2021-08-21";"gas";476.44;61.93
2453;21;"2023-11-19";"gas";281.56;37.94
2454;86;"2023-11-30";"electricity";1869.42;135.0
2455;91;"2022-08-31";"electricity";687.22;54.84
2456;47;"2023-12-23";"gas";603.67;68.95
2457;1;"2022-02-26";"electricity";577.96;65.65
2458;48;"2024-04-06";"electricity";1406.35;79.94
2459;24;"2023-09-03";"gas";1482.67;79.02
2460;18;"2022-05-04";"electricity";1992.09;137.6
2461;69;"2024-02-05";"gas";1252.23;66.66
2462;69;"2022-10-14";"electricity";1399.52;75.16
2463;65;"2023-08-14";"electricity";1818.77;164.93
2464;46;"2024-05-07";"electricity";680.6;34.92
2465;4;"2022-02-10";"gas";202.37;25.25
2466;50;"2023-05-17";"electricity";32.42;4.57
2467;41;"2022-01-04";"electricity";690.18;58.99
2468;88;"2022-03-16";"electricity";835.77;94.79
2469;70;"2021-11-12";"gas";871.51;70.17
2470;60;"2024-04-11";"gas";489.45;51.54
2471;65;"2022-06-18";"gas";813.65;48.55
2472;70;"2023-12-30";"electricity";279.64;32.05
2473;76;"2022-04-02";"gas";185.46;24.28
2474;44;"2022-10-24";"electricity";52.22;6.38
2475;15;"2022-09-11";"gas";405.81;35.45
2476;72;"2022-11-14";"gas";161.25;29.55
2477;58;"2022-01-16";"electricity";398.23;77.95
2478;81;"2024-03-06";"electricity";363.49;51.72
2479;60;"2023-11-26";"electricity";233.28;43.74
2480;11;"2021-08-07";"electricity";238.2;41.63
2481;20;"2023-12-21";"electricity";1643.67;147.79
2482;65;"2021-10-11";"gas";753.76;53.14
2483;16;"2022-03-22";"electricity";1333.74;112.05
2484;84;"2022-04-29";"electricity";878.16;88.16
2485;46;"2023-09-23";"gas";1262.52;94.84
2486;84;"2022-12-22";"gas";346.59;35.05
2487;67;"2022-05-02";"gas";635.86;76.39
2488;44;"2022-07-22";"gas";183.95;20.27
2489;42;"2022-12-16";"electricity";864.38;64.2
2490;17;"2023-08-30";"gas";935.53;109.87
2491;44;"2021-06-11";"gas";182.41;28.7
2492;85;"2024-03-02";"gas";730.32;89.07
2493;17;"2024-05-04";"electricity";324.47;35.4
2494;17;"2022-08-28";"electricity";985.11;86.23
2495;3;"2021-07-20";"electricity";368.59;55.57
2496;67;"2022-02-07";"electricity";501.49;49.08
2497;92;"2021-12-10";"electricity";941.9;139.61
2498;84;"2021-08-03";"electricity";138.06;16.06
2499;6;"2024-01-20";"electricity";1599.47;122.45
2500;94;"2024-04-08";"gas";513.99;60.98
2501;70;"2022-07-30";"gas";836.37;111.11
2502;19;"2022-10-11";"gas";385.86;53.56
2503;63;"2023-08-29";"electricity";190.85;17.47
2504;63;"2021-08-06";"electricity";394.48;49.53
2505;48;"2022-12-31";"gas";1926.62;99.62
2506;42;"2022-08-09";"electricity";1486.92;109.17
2507;14;"2024-04-12";"gas";394.83;62.5
2508;99;"2024-02-01";"gas";588.99;80.16
2509;77;"2023-06-07";"gas";1669.76;98.84
2510;7;"2022-08-01";"gas";468.4;49.73
2511;12;"2021-09-22";"electricity";502.48;56.03
2512;70;"2023-09-09";"electricity";884.12;121.81
2513;71;"2023-03-22";"gas";565.45;74.01
2514;44;"2021-11-21";"gas";311.85;40.09
2515;32;"2022-07-28";"gas";160.25;21.43
2516;15;"2023-01-29";"gas";700.43;95.89
2517;69;"2022-02-07";"electricity";1596.67;100.67
2518;27;"2021-05-31";"gas";95.41;16.43
2519;31;"2023-06-16";"gas";724.65;82.63
2520;10;"2022-06-05";"electricity";123.71;13.89
2521;45;"2022-05-19";"gas";1788.97;146.0
2522;43;"2024-05-07";"gas";802.03;65.55
2523;98;"2021-08-28";"electricity";449.12;68.2
2524;58;"2022-08-17";"gas";433.05;85.88
2525;17;"2021-09-12";"gas";426.84;61.44
2526;82;"2023-08-11";"gas";419.02;54.62
2527;59;"2022-06-19";"gas";715.63;68.05
2528;24;"2022-10-25";"gas";834.06;61.88
2529;79;"2023-08-29";"electricity";295.78;56.52
2530;54;"2021-07-10";"gas";142.34;21.35
2531;43;"2024-02-29";"electricity";155.0;13.95
2532;19;"2022-10-07";"electricity";398.39;40.82
2533;91;"2022-09-02";"electricity";1469.84;141.94
2534;43;"2021-09-25";"gas";283.71;27.32
2535;28;"2023-12-15";"electricity";1085.03;105.94
2536;95;"2024-04-12";"electricity";957.67;95.22
2537;66;"2024-01-25";"gas";468.77;52.84
2538;5;"2023-08-07";"gas";1736.79;135.91
2539;26;"2023-12-03";"gas";750.43;44.07
2540;22;"2022-12-30";"electricity";143.37;17.66
2541;61;"2022-09-09";"gas";114.45;14.34
2542;9;"2023-05-02";"electricity";634.57;53.51
2543;23;"2022-09-16";"gas";328.5;33.34
2544;55;"2023-12-27";"gas";340.49;44.2
2545;41;"2022-12-01";"gas";708.1;43.39
2546;17;"2022-08-27";"electricity";242.45;22.7
2547;31;"2024-02-29";"gas";593.95;84.49
2548;3;"2023-07-06";"gas";320.01;42.14
2549;35;"2023-09-07";"gas";1171.24;106.79
2550;20;"2021-08-15";"gas";1613.27;135.87
2551;51;"2021-06-23";"electricity";1210.36;83.19
2552;92;"2021-07-18";"electricity";628.43;82.39
2553;68;"2023-06-16";"electricity";685.53;52.03
2554;83;"2022-12-14";"electricity";136.94;12.3
2555;89;"2022-08-02";"gas";1958.43;166.71
2556;100;"2024-05-11";"electricity";369.1;71.12
2557;43;"2023-10-15";"gas";987.63;113.99
2558;81;"2023-06-03";"electricity";687.01;83.89
2559;16;"2023-01-05";"gas";1923.81;126.16
2560;12;"2022-08-10";"electricity";444.06;49.81
2561;34;"2023-04-22";"gas";679.71;99.9
2562;48;"2023-05-10";"electricity";1109.83;109.15
2563;47;"2021-10-04";"electricity";920.64;83.69
2564;54;"2023-11-21";"gas";287.55;37.76
2565;33;"2023-07-03";"gas";1232.81;70.73
2566;10;"2022-11-05";"gas";386.29;57.9
2567;18;"2022-10-25";"gas";1967.11;110.09
2568;34;"2022-09-05";"gas";436.18;54.89
2569;1;"2022-11-27";"electricity";726.49;82.33
2570;38;"2021-11-19";"electricity";37.86;7.2
2571;45;"2021-11-06";"electricity";1447.96;100.23
2572;28;"2022-04-22";"gas";1378.12;76.22
2573;78;"2022-04-07";"electricity";130.77;14.69
2574;53;"2021-11-10";"electricity";321.09;29.59
2575;93;"2024-02-02";"electricity";1197.44;96.83
2576;25;"2022-10-25";"gas";664.8;98.28
2577;97;"2022-05-18";"electricity";683.43;54.1
2578;36;"2023-12-22";"electricity";919.64;84.4
2579;76;"2022-12-22";"electricity";166.25;22.37
2580;14;"2022-11-05";"electricity";417.87;59.47
2581;69;"2023-10-01";"electricity";527.46;50.17
2582;75;"2022-02-01";"electricity";172.22;20.97
2583;73;"2023-12-13";"electricity";27.58;3.72
2584;23;"2024-03-05";"electricity";276.86;32.87
2585;28;"2023-02-22";"electricity";703.89;46.4
2586;81;"2021-08-29";"electricity";845.6;123.91
2587;69;"2024-05-22";"gas";974.29;80.88
2588;66;"2022-05-25";"electricity";428.27;74.26
2589;8;"2023-04-30";"gas";1375.34;91.38
2590;52;"2022-10-20";"gas";1192.95;105.14
2591;34;"2021-07-17";"gas";616.25;82.27
2592;1;"2021-09-10";"gas";349.47;40.55
2593;19;"2023-03-18";"electricity";554.7;53.75
2594;95;"2023-06-13";"gas";1146.66;89.25
2595;91;"2021-08-07";"gas";1824.27;136.79
2596;66;"2022-06-04";"electricity";374.82;74.48
2597;27;"2024-01-03";"gas";157.48;20.97
2598;7;"2021-10-05";"electricity";44.93;6.31
2599;90;"2021-08-27";"gas";486.94;57.46
2600;48;"2022-07-01";"gas";1012.99;86.59
2601;32;"2022-01-21";"electricity";307.8;43.72
2602;6;"2024-05-20";"electricity";851.84;80.41
2603;74;"2023-05-23";"gas";321.39;33.72
2604;86;"2024-03-29";"gas";841.55;46.03
2605;30;"2021-09-26";"gas";846.43;67.78
2606;29;"2024-04-17";"electricity";1947.74;143.24
2607;62;"2023-06-05";"electricity";651.69;79.78
2608;60;"2022-07-25";"gas";298.51;31.41
2609;35;"2022-06-20";"gas";1876.9;94.9
2610;25;"2023-09-02";"gas";721.18;84.03
2611;68;"2022-10-11";"gas";716.59;69.12
2612;7;"2022-04-13";"gas";207.74;35.89
2613;28;"2024-01-05";"gas";1601.04;144.24
2614;4;"2023-11-13";"electricity";789.5;73.87
2615;43;"2022-10-12";"electricity";641.84;76.1
2616;84;"2023-08-21";"gas";503.15;40.9
2617;85;"2023-06-18";"electricity";439.09;63.28
2618;32;"2023-11-25";"electricity";745.24;67.75
2619;26;"2022-04-25";"gas";1774.91;127.66
2620;85;"2023-09-15";"electricity";524.77;64.81
2621;24;"2021-07-03";"gas";931.43;51.48
2622;89;"2023-10-09";"gas";1131.05;111.53
2623;31;"2023-11-23";"electricity";675.82;95.53
2624;94;"2023-09-22";"electricity";492.27;73.39
2625;57;"2023-03-02";"electricity";732.66;49.41
2626;25;"2022-10-02";"gas";779.73;116.63
2627;85;"2023-09-14";"electricity";846.06;88.13
2628;45;"2022-06-02";"gas";828.27;55.97
2629;83;"2023-08-16";"gas";801.91;93.29
2630;36;"2023-12-31";"gas";1693.38;86.18
2631;86;"2022-10-25";"electricity";1594.82;100.61
2632;98;"2024-01-25";"gas";82.23;11.93
2633;65;"2023-12-16";"electricity";1654.84;132.1
2634;16;"2023-11-16";"electricity";1305.83;105.24
2635;90;"2024-01-28";"gas";498.35;88.24
2636;84;"2023-09-20";"gas";924.46;96.61
2637;76;"2024-03-21";"electricity";263.87;35.96
2638;57;"2021-11-26";"gas";1529.22;105.45
2639;82;"2021-06-21";"gas";445.68;85.69
2640;16;"2022-08-21";"gas";986.38;50.99
2641;56;"2023-10-05";"electricity";363.82;65.45
2642;86;"2023-10-10";"electricity";1607.72;133.42
2643;38;"2023-12-08";"gas";90.65;15.52
2644;41;"2022-12-17";"electricity";647.5;56.45
2645;35;"2023-10-18";"gas";1669.87;129.99
2646;100;"2024-03-06";"gas";407.41;68.83
2647;5;"2022-07-19";"electricity";549.02;41.68
2648;98;"2021-10-17";"gas";227.06;28.03
2649;86;"2022-12-24";"gas";591.44;40.62
2650;72;"2023-01-29";"gas";211.99;24.7
2651;1;"2023-06-18";"gas";898.26;118.53
2652;70;"2022-05-31";"gas";411.87;40.74
2653;58;"2022-12-22";"gas";186.18;29.96
2654;66;"2024-04-24";"gas";302.94;34.78
2655;99;"2023-08-07";"electricity";541.66;48.32
2656;88;"2023-01-16";"electricity";235.38;23.02
2657;33;"2023-12-21";"gas";876.96;81.49
2658;21;"2023-12-29";"gas";799.5;79.01
2659;93;"2023-01-06";"electricity";1759.21;139.26
2660;100;"2021-06-02";"gas";400.4;42.56
2661;62;"2022-06-17";"electricity";508.66;60.89
2662;79;"2023-06-02";"gas";35.77;4.4
2663;11;"2022-09-27";"electricity";26.07;3.62
2664;7;"2023-06-24";"gas";349.85;64.78
2665;43;"2023-12-29";"gas";887.44;79.19
2666;45;"2023-05-30";"gas";1954.52;157.73
2667;60;"2022-07-22";"electricity";290.64;44.6
2668;92;"2021-07-24";"electricity";529.29;73.93
2669;68;"2021-09-25";"electricity";1440.81;95.59
2670;28;"2022-06-23";"electricity";571.89;38.76
2671;26;"2023-04-30";"electricity";926.4;56.47
2672;26;"2021-08-11";"electricity";1586.44;138.71
2673;89;"2021-12-11";"electricity";607.85;32.06
2674;7;"2022-08-26";"gas";182.92;32.29
2675;62;"2022-09-10";"electricity";345.21;46.77
2676;32;"2023-10-30";"electricity";429.14;58.34
2677;46;"2022-07-19";"gas";1063.3;72.11
2678;69;"2022-04-08";"electricity";1702.06;134.3
2679;30;"2021-06-25";"gas";668.87;55.29
2680;60;"2023-04-14";"gas";281.65;35.75
2681;72;"2022-06-28";"gas";356.43;40.84
2682;60;"2022-01-13";"electricity";327.67;53.45
2683;22;"2022-11-04";"gas";108.4;8.89
2684;26;"2023-11-06";"gas";1029.83;82.92
2685;52;"2021-10-22";"electricity";1990.89;173.02
2686;64;"2023-05-13";"gas";363.47;47.52
2687;54;"2022-02-17";"gas";250.46;27.1
2688;69;"2024-01-12";"electricity";653.92;56.85
2689;43;"2021-10-15";"gas";938.84;122.95
2690;10;"2022-09-28";"gas";299.23;57.91
2691;32;"2022-06-15";"gas";245.69;30.47
2692;24;"2024-01-17";"gas";1825.95;122.64
2693;37;"2021-11-21";"electricity";1500.52;106.43
2694;21;"2021-11-18";"gas";436.55;42.66
2695;97;"2023-10-29";"gas";1186.63;100.19
2696;88;"2024-02-16";"electricity";789.64;69.21
2697;13;"2021-07-02";"electricity";96.21;11.81
2698;43;"2023-07-16";"electricity";975.04;132.23
2699;32;"2022-04-03";"gas";404.08;43.32
2700;81;"2023-05-01";"gas";762.28;92.79
2701;92;"2022-10-29";"gas";941.59;140.69
2702;85;"2023-09-18";"electricity";146.95;15.38
2703;41;"2023-02-23";"gas";1319.74;104.77
2704;29;"2022-02-28";"electricity";778.7;71.91
2705;91;"2022-04-22";"electricity";1806.83;118.43
2706;9;"2022-04-16";"gas";383.75;43.63
2707;43;"2023-07-27";"electricity";940.16;119.58
2708;34;"2023-01-12";"gas";753.23;64.64
2709;23;"2021-10-15";"electricity";335.81;46.97
2710;57;"2023-11-06";"electricity";510.18;44.38
2711;7;"2022-01-31";"electricity";102.99;17.38
2712;94;"2023-07-06";"electricity";702.76;93.93
2713;62;"2022-06-06";"gas";489.71;43.58
2714;56;"2022-11-26";"electricity";279.68;41.93
2715;11;"2021-07-22";"gas";464.0;61.65
2716;95;"2022-08-05";"electricity";1912.21;169.41
2717;72;"2022-08-04";"electricity";180.58;21.08
2718;43;"2023-06-20";"gas";960.69;90.21
2719;54;"2023-09-24";"gas";37.18;4.74
2720;23;"2024-01-18";"electricity";160.98;13.89
2721;31;"2022-06-19";"electricity";512.23;50.67
2722;49;"2024-05-17";"gas";1397.95;90.58
2723;32;"2023-08-20";"electricity";582.7;80.43
2724;98;"2022-02-16";"electricity";338.92;64.15
2725;42;"2022-08-22";"electricity";1019.32;98.29
2726;59;"2023-08-09";"electricity";792.67;58.94
2727;22;"2022-09-06";"electricity";772.58;105.35
2728;52;"2022-11-16";"gas";1495.98;118.91
2729;20;"2023-03-17";"gas";1752.98;136.87
2730;54;"2022-04-26";"gas";195.7;33.36
2731;97;"2023-06-05";"electricity";1623.65;106.65
2732;82;"2021-12-17";"gas";369.56;57.27
2733;40;"2024-01-07";"gas";391.65;41.92
2734;52;"2024-03-19";"gas";1495.3;91.16
2735;88;"2022-04-19";"gas";669.57;96.01
2736;87;"2021-10-09";"gas";482.37;90.82
2737;42;"2024-01-21";"gas";532.94;33.28
2738;35;"2021-10-07";"electricity";1936.86;124.78
2739;39;"2022-08-25";"gas";319.26;56.66
2740;99;"2021-08-09";"gas";497.78;61.68
2741;62;"2024-03-23";"electricity";870.29;86.76
2742;57;"2022-03-18";"electricity";1087.54;77.57
2743;67;"2021-07-25";"gas";739.73;77.95
2744;25;"2022-10-30";"electricity";373.11;30.33
2745;24;"2022-08-19";"gas";1303.42;100.83
2746;18;"2023-10-25";"electricity";1927.19;132.06
2747;86;"2023-01-02";"gas";1572.32;95.22
2748;95;"2024-02-24";"gas";683.43;54.13
2749;22;"2024-04-22";"electricity";341.55;31.42
2750;26;"2024-01-19";"electricity";1323.16;112.64
2751;48;"2022-04-13";"gas";1146.29;66.65
2752;23;"2022-03-31";"electricity";114.74;16.85
2753;7;"2022-01-11";"gas";74.24;13.26
2754;63;"2021-06-10";"gas";604.2;49.26
2755;89;"2022-11-19";"electricity";797.26;44.93
2756;51;"2023-06-12";"gas";1958.91;98.68
2757;80;"2022-06-08";"gas";579.51;32.88
2758;60;"2023-12-01";"electricity";39.73;4.49
2759;96;"2022-02-23";"gas";657.93;43.83
2760;11;"2022-06-06";"gas";351.04;38.11
2761;21;"2023-10-07";"electricity";887.83;120.29
2762;78;"2024-05-10";"gas";304.09;50.96
2763;97;"2022-01-23";"electricity";535.33;36.29
2764;42;"2024-05-20";"electricity";1280.68;127.14
2765;17;"2021-11-28";"electricity";442.44;61.85
2766;75;"2023-06-13";"gas";202.67;18.74
2767;15;"2023-07-18";"gas";642.14;86.36
2768;80;"2023-10-20";"gas";902.85;76.27
2769;63;"2022-02-24";"gas";171.29;18.85
2770;91;"2022-09-16";"gas";1209.56;83.43
2771;34;"2023-09-07";"gas";774.3;112.35
2772;15;"2023-02-28";"electricity";411.91;40.38
2773;46;"2023-08-07";"gas";1291.94;76.09
2774;55;"2023-03-03";"gas";83.23;9.92
2775;48;"2022-04-18";"gas";1497.94;123.24
2776;42;"2021-08-31";"gas";717.87;63.98
2777;19;"2023-06-13";"gas";306.21;45.05
2778;71;"2024-05-14";"gas";315.61;30.17
2779;69;"2022-09-28";"gas";1883.3;122.2
2780;2;"2023-10-02";"electricity";986.66;82.74
2781;29;"2022-07-20";"electricity";1619.54;107.66
2782;50;"2023-09-14";"electricity";79.44;10.16
2783;16;"2021-12-29";"gas";1023.46;76.78
2784;22;"2022-11-14";"gas";287.1;37.86
2785;95;"2023-03-16";"gas";1525.89;138.42
2786;63;"2023-10-28";"electricity";459.03;42.8
2787;73;"2021-11-15";"electricity";255.7;46.82
2788;27;"2023-11-05";"electricity";11.45;1.3
2789;2;"2023-07-01";"electricity";235.99;25.78
2790;20;"2022-12-06";"gas";1515.49;91.37
2791;92;"2022-08-27";"electricity";790.18;72.28
2792;97;"2021-08-21";"electricity";606.96;53.7
2793;4;"2024-05-08";"gas";395.92;37.96
2794;42;"2023-08-10";"gas";811.69;70.93
2795;33;"2022-07-12";"electricity";567.25;55.42
2796;77;"2023-10-06";"gas";555.29;51.63
2797;78;"2022-02-08";"gas";134.91;15.03
2798;83;"2023-06-30";"electricity";554.62;60.79
2799;100;"2022-02-09";"gas";442.81;60.19
2800;67;"2023-03-13";"gas";208.64;18.42
2801;78;"2024-04-11";"gas";480.27;67.09
2802;10;"2023-04-01";"gas";298.96;41.53
2803;90;"2023-06-15";"electricity";18.47;1.91
2804;44;"2024-05-24";"electricity";178.09;32.87
2805;31;"2024-01-19";"electricity";969.61;89.63
2806;8;"2023-08-11";"electricity";642.73;34.63
2807;52;"2023-04-02";"electricity";1748.83;94.17
2808;14;"2021-06-18";"electricity";73.97;12.9
2809;37;"2023-11-12";"gas";1035.46;95.4
2810;97;"2022-08-17";"gas";1993.17;188.7
2811;62;"2021-08-28";"gas";287.29;29.09
2812;60;"2021-09-05";"electricity";378.71;67.32
2813;72;"2022-05-31";"electricity";51.71;9.64
2814;13;"2024-05-16";"gas";434.12;75.1
2815;16;"2024-01-20";"electricity";1773.84;149.12
2816;4;"2024-01-01";"gas";868.95;125.61
2817;46;"2024-01-08";"electricity";1768.25;122.1
2818;18;"2024-05-09";"gas";1770.57;122.83
2819;19;"2021-12-18";"electricity";993.21;86.53
2820;20;"2023-07-30";"gas";1481.65;127.59
2821;58;"2023-04-15";"electricity";138.01;21.12
2822;21;"2022-10-07";"electricity";454.97;46.54
2823;2;"2023-11-14";"electricity";456.44;60.02
2824;77;"2023-02-23";"electricity";1467.02;137.48
2825;7;"2023-06-27";"electricity";209.64;22.93
2826;31;"2021-08-24";"gas";377.27;51.93
2827;8;"2021-11-08";"gas";671.6;55.7
2828;17;"2021-11-30";"electricity";488.4;61.96
2829;26;"2022-10-01";"gas";1479.77;113.9
2830;96;"2022-01-22";"electricity";1337.86;83.2
2831;19;"2023-11-13";"electricity";189.26;23.93
2832;29;"2022-11-12";"gas";682.46;63.54
2833;25;"2022-06-08";"electricity";254.49;32.03
2834;24;"2023-02-25";"electricity";617.56;49.69
2835;68;"2022-10-10";"gas";1301.72;120.99
2836;23;"2022-08-11";"electricity";720.98;74.59
2837;88;"2024-01-21";"electricity";257.73;25.38
2838;59;"2022-06-13";"electricity";1930.75;167.02
2839;26;"2023-03-02";"gas";861.4;78.05
2840;6;"2023-08-23";"gas";1011.49;65.46
2841;97;"2021-12-17";"electricity";779.59;72.28
2842;95;"2024-04-22";"gas";1312.31;120.15
2843;54;"2021-10-01";"gas";20.56;2.84
2844;45;"2021-11-16";"gas";1471.56;144.37
2845;74;"2021-09-06";"electricity";477.32;64.0
2846;39;"2021-07-05";"electricity";414.69;42.66
2847;15;"2021-12-27";"electricity";796.27;103.84
2848;60;"2022-12-22";"gas";139.2;22.29
2849;72;"2023-09-05";"gas";55.68;5.62
2850;95;"2021-06-26";"electricity";725.86;48.96
2851;71;"2021-09-04";"gas";137.58;18.49
2852;72;"2022-02-11";"electricity";96.14;11.7
2853;5;"2021-08-24";"gas";1400.66;115.29
2854;78;"2023-09-27";"gas";23.95;4.74
2855;1;"2022-10-06";"gas";547.39;50.95
2856;34;"2022-09-15";"gas";322.3;39.29
2857;5;"2023-07-01";"gas";1564.16;122.23
2858;49;"2022-06-22";"gas";935.87;68.48
2859;74;"2023-06-30";"electricity";272.06;50.12
2860;42;"2022-08-02";"electricity";507.78;44.09
2861;32;"2022-10-25";"electricity";739.73;95.99
2862;45;"2022-06-30";"gas";703.18;55.94
2863;41;"2024-03-29";"gas";691.76;65.5
2864;67;"2022-07-22";"electricity";678.34;101.54
2865;6;"2022-11-20";"gas";510.2;46.43
2866;25;"2022-09-06";"electricity";235.86;30.53
2867;50;"2022-05-12";"electricity";97.07;14.58
2868;89;"2024-02-09";"electricity";1021.47;99.43
2869;55;"2021-08-23";"electricity";196.5;20.46
2870;56;"2023-10-27";"gas";418.51;54.38
2871;36;"2022-10-19";"electricity";1846.47;113.57
2872;73;"2023-03-03";"gas";203.56;36.97
2873;23;"2024-04-12";"electricity";860.14;108.33
2874;31;"2024-03-06";"gas";278.38;23.73
2875;96;"2022-07-10";"gas";557.32;32.53
2876;33;"2023-08-30";"gas";1031.39;101.73
2877;60;"2022-06-26";"gas";282.72;35.88
2878;72;"2021-09-25";"gas";32.31;6.33
2879;38;"2023-12-08";"electricity";451.26;45.69
2880;69;"2023-02-27";"electricity";577.12;29.45
2881;82;"2022-06-20";"electricity";179.58;22.98
2882;98;"2023-01-19";"gas";66.76;10.26
2883;77;"2022-10-30";"electricity";542.35;31.86
2884;24;"2023-12-02";"electricity";607.31;60.28
2885;51;"2023-08-09";"gas";1990.23;144.39
2886;33;"2023-04-19";"electricity";954.04;55.96
2887;80;"2024-03-01";"gas";898.48;73.19
2888;92;"2022-05-31";"gas";442.24;50.06
2889;36;"2021-08-02";"electricity";588.13;29.71
2890;8;"2022-02-06";"electricity";1473.84;127.16
2891;41;"2022-01-30";"electricity";1881.81;130.51
2892;25;"2022-06-06";"electricity";568.51;72.2
2893;26;"2021-06-06";"electricity";1060.97;74.84
2894;6;"2023-04-03";"electricity";1076.68;72.52
2895;85;"2021-06-17";"electricity";626.0;92.16
2896;41;"2023-12-06";"electricity";1048.76;85.72
2897;48;"2022-03-12";"gas";1841.75;110.28
2898;52;"2022-06-13";"gas";559.02;45.8
2899;19;"2022-08-23";"gas";406.58;54.11
2900;57;"2021-08-27";"gas";1096.67;84.96
2901;66;"2023-07-28";"electricity";252.83;49.57
2902;22;"2021-08-16";"electricity";183.06;15.26
2903;12;"2023-12-17";"gas";834.22;99.22
2904;19;"2021-06-12";"electricity";287.93;34.18
2905;66;"2024-03-21";"gas";253.62;27.31
2906;40;"2024-03-12";"electricity";147.56;29.32
2907;79;"2022-03-10";"gas";455.37;75.43
2908;34;"2023-10-03";"electricity";703.31;80.14
2909;100;"2023-12-02";"gas";141.76;26.41
2910;98;"2023-03-16";"gas";12.5;2.1
2911;99;"2021-08-09";"electricity";566.05;74.65
2912;41;"2021-08-15";"gas";1551.78;98.53
2913;6;"2021-08-06";"gas";1834.26;109.39
2914;31;"2023-09-24";"gas";661.82;63.38
2915;77;"2023-01-18";"electricity";1402.53;71.63
2916;48;"2023-12-23";"electricity";539.43;42.17
2917;56;"2023-05-17";"electricity";269.6;30.98
2918;68;"2022-01-20";"electricity";561.38;50.71
2919;77;"2023-07-28";"gas";572.61;43.54
2920;83;"2023-01-12";"gas";966.99;112.86
2921;31;"2021-10-09";"gas";944.17;101.41
2922;42;"2023-01-16";"gas";1895.8;110.46
2923;29;"2022-07-27";"gas";857.73;43.16
2924;1;"2023-11-03";"gas";815.94;103.38
2925;18;"2023-07-17";"electricity";1683.55;92.22
2926;70;"2023-06-06";"electricity";693.36;72.18
2927;66;"2024-05-15";"electricity";262.14;47.07
2928;55;"2024-02-14";"electricity";441.49;52.64
2929;27;"2021-07-29";"electricity";430.98;52.59
2930;81;"2021-12-16";"gas";530.4;68.76
2931;20;"2023-01-22";"electricity";1856.15;162.23
2932;23;"2022-06-17";"gas";952.96;134.49
2933;14;"2023-12-13";"gas";136.95;15.25
2934;81;"2021-09-28";"gas";608.67;54.23
2935;89;"2021-06-04";"gas";900.7;46.15
2936;84;"2021-06-08";"electricity";539.82;59.08
2937;34;"2023-05-07";"electricity";645.89;96.01
2938;40;"2021-07-28";"gas";129.89;20.79
2939;50;"2023-08-22";"electricity";380.56;67.19
2940;11;"2022-04-20";"gas";340.13;43.03
2941;41;"2023-06-05";"gas";1385.04;128.18
2942;54;"2022-06-22";"electricity";385.1;61.35
2943;73;"2024-03-13";"gas";196.2;34.5
2944;27;"2023-06-01";"gas";248.04;44.48
2945;88;"2022-01-04";"gas";666.59;96.01
2946;8;"2023-03-21";"gas";1253.95;89.1
2947;48;"2023-11-27";"electricity";1245.85;116.09
2948;21;"2021-11-07";"electricity";851.17;122.07
2949;13;"2024-03-02";"gas";131.03;16.69
2950;14;"2022-06-06";"gas";241.06;38.27
2951;16;"2024-01-24";"electricity";806.12;71.67
2952;37;"2021-11-07";"gas";1506.03;88.48
2953;87;"2021-10-31";"gas";451.27;70.02
2954;50;"2021-12-20";"electricity";63.45;10.12
2955;39;"2021-07-11";"electricity";122.86;19.13
2956;28;"2022-09-04";"electricity";1827.04;128.32
2957;32;"2021-06-18";"electricity";855.93;108.43
2958;68;"2023-09-07";"gas";1259.22;79.25
2959;66;"2023-03-15";"electricity";161.91;19.9
2960;50;"2021-12-07";"electricity";495.38;78.69
2961;6;"2023-05-13";"electricity";771.88;73.95
2962;92;"2021-10-22";"electricity";591.35;61.23
2963;30;"2022-08-19";"electricity";725.73;80.28
2964;30;"2022-10-15";"gas";521.49;71.39
2965;62;"2024-03-25";"electricity";745.95;87.74
2966;3;"2021-11-17";"gas";84.05;12.77
2967;90;"2022-01-14";"electricity";290.16;40.65
2968;34;"2024-04-29";"electricity";188.45;18.78
2969;53;"2022-06-16";"gas";310.87;24.97
2970;24;"2024-01-10";"gas";1526.44;88.04
2971;86;"2022-12-27";"electricity";1203.86;82.44
2972;67;"2023-08-23";"gas";622.5;56.97
2973;2;"2023-07-14";"gas";208.34;25.77
2974;15;"2024-05-03";"electricity";609.35;82.62
2975;30;"2021-06-23";"gas";987.42;95.96
2976;84;"2022-01-16";"gas";792.06;97.59
2977;81;"2022-11-28";"gas";907.35;114.67
2978;22;"2021-10-23";"electricity";639.15;86.42
2979;82;"2021-07-10";"electricity";403.38;50.52
2980;64;"2023-08-21";"electricity";327.61;38.12
2981;71;"2021-06-19";"gas";212.5;28.21
2982;31;"2021-09-28";"gas";666.91;55.45
2983;97;"2022-09-03";"gas";1282.83;92.09
2984;15;"2022-04-15";"gas";903.41;80.02
2985;22;"2023-03-22";"gas";514.7;42.32
2986;13;"2024-03-16";"gas";237.42;30.06
2987;20;"2021-09-17";"electricity";845.91;71.3
2988;53;"2022-07-24";"electricity";210.77;21.04
2989;73;"2023-02-24";"electricity";223.65;34.05
2990;54;"2023-01-20";"gas";493.51;53.07
2991;79;"2022-05-11";"electricity";119.32;12.23
2992;62;"2024-05-07";"gas";798.64;65.59
2993;69;"2021-10-19";"electricity";1745.13;136.61
2994;21;"2023-07-23";"electricity";454.69;48.1
2995;51;"2023-12-25";"electricity";1264.98;89.16
2996;22;"2022-09-18";"gas";682.07;93.21
2997;55;"2023-11-29";"gas";31.36;5.77
2998;7;"2021-11-29";"gas";102.66;14.75
2999;65;"2024-03-11";"electricity";525.02;52.23
3000;40;"2021-12-29";"electricity";335.04;40.24
3001;62;"2021-11-03";"gas";307.43;31.49
3002;11;"2022-10-21";"electricity";490.36;53.96
3003;51;"2024-01-23";"gas";1259.19;114.93
3004;37;"2022-02-19";"gas";822.27;65.56
3005;90;"2023-11-10";"electricity";305.84;55.52
3006;71;"2022-07-20";"gas";457.17;36.6
3007;53;"2021-06-23";"gas";708.06;104.3
3008;18;"2021-08-01";"gas";571.09;39.24
3009;85;"2022-11-14";"gas";986.81;142.99
3010;22;"2022-03-24";"gas";974.63;99.64
3011;53;"2023-12-14";"electricity";554.35;68.24
3012;14;"2023-08-08";"electricity";13.62;2.12
3013;100;"2022-10-29";"gas";318.82;59.04
3014;79;"2021-11-07";"gas";229.16;28.53
3015;47;"2023-03-08";"electricity";807.16;85.08
3016;63;"2021-12-31";"gas";605.26;80.27
3017;42;"2021-11-26";"gas";1786.02;92.8
3018;100;"2021-10-07";"gas";49.17;6.5
3019;76;"2023-04-09";"electricity";401.63;33.51
3020;31;"2023-04-07";"gas";595.44;72.51
3021;96;"2024-01-04";"gas";955.26;89.83
3022;62;"2021-09-30";"electricity";312.31;36.15
3023;76;"2022-05-19";"electricity";364.38;46.57
3024;97;"2023-11-01";"electricity";1625.32;93.91
3025;19;"2021-08-31";"gas";873.26;127.36
3026;30;"2023-10-20";"gas";479.7;48.39
3027;58;"2022-02-03";"gas";315.92;34.96
3028;36;"2022-11-29";"electricity";1600.84;152.06
3029;8;"2023-09-05";"gas";1859.7;115.48
3030;63;"2022-02-07";"gas";584.72;56.09
3031;13;"2021-07-23";"gas";87.88;9.25
3032;43;"2024-04-20";"electricity";570.45;49.97
3033;83;"2022-08-28";"gas";521.55;48.56
3034;48;"2023-06-23";"gas";1652.6;110.45
3035;62;"2021-12-16";"electricity";586.58;80.4
3036;71;"2023-07-19";"electricity";654.98;79.46
3037;66;"2022-01-03";"gas";368.48;53.81
3038;87;"2022-04-10";"gas";177.5;19.02
3039;7;"2023-04-09";"electricity";170.89;18.23
3040;6;"2024-04-27";"gas";1866.12;162.01
3041;64;"2024-03-10";"electricity";198.25;29.31
3042;83;"2023-04-06";"electricity";140.2;14.4
3043;44;"2024-02-02";"gas";375.03;66.89
3044;61;"2024-04-17";"gas";168.16;20.62
3045;100;"2024-03-15";"electricity";58.23;5.85
3046;62;"2023-06-18";"gas";500.06;70.1
3047;98;"2022-07-23";"gas";86.42;14.33
3048;54;"2022-07-16";"gas";261.85;40.24
3049;57;"2022-02-26";"gas";1370.16;72.55
3050;28;"2022-06-09";"gas";1369.9;72.37
3051;34;"2021-05-30";"electricity";778.84;78.28
3052;100;"2021-11-13";"gas";198.23;34.58
3053;45;"2022-07-07";"gas";1900.59;127.02
3054;42;"2023-08-11";"gas";1823.36;174.85
3055;48;"2023-03-08";"electricity";1569.06;84.88
3056;79;"2022-12-03";"electricity";329.12;35.0
3057;40;"2022-06-10";"gas";228.36;31.03
3058;70;"2023-04-20";"electricity";698.65;66.75
3059;19;"2023-09-01";"electricity";807.85;64.87
3060;21;"2021-06-02";"electricity";686.58;85.44
3061;20;"2024-01-21";"gas";636.36;61.88
3062;27;"2022-04-21";"electricity";426.03;72.94
3063;7;"2023-01-15";"electricity";191.29;20.51
3064;15;"2022-10-15";"electricity";792.8;73.59
3065;96;"2023-10-31";"gas";1031.9;61.89
3066;33;"2021-07-03";"gas";604.68;59.49
3067;46;"2022-03-13";"electricity";1624.74;150.53
3068;16;"2024-03-03";"gas";1631.52;130.47
3069;22;"2021-08-26";"electricity";400.39;44.49
3070;22;"2023-10-29";"electricity";140.16;19.86
3071;60;"2023-11-07";"gas";41.29;7.92
3072;100;"2024-02-23";"gas";48.83;6.1
3073;20;"2023-12-30";"electricity";1602.27;123.6
3074;83;"2022-01-12";"gas";335.51;38.85
3075;3;"2022-03-13";"electricity";430.41;44.48
3076;25;"2024-03-17";"gas";431.11;58.38
3077;95;"2023-09-16";"gas";1767.38;152.62
3078;46;"2023-06-01";"electricity";1858.79;159.14
3079;44;"2022-09-28";"electricity";154.5;22.47
3080;88;"2021-06-21";"electricity";493.29;46.08
3081;55;"2021-10-22";"electricity";234.47;23.57
3082;24;"2021-12-02";"electricity";640.59;54.8
3083;87;"2023-08-08";"gas";328.17;32.83
3084;35;"2022-08-25";"electricity";558.41;37.41
3085;56;"2023-04-23";"electricity";89.59;17.8
3086;11;"2021-09-13";"gas";87.86;11.09
3087;3;"2021-09-23";"gas";264.44;43.95
3088;69;"2023-01-31";"gas";859.34;57.36
3089;71;"2022-12-28";"electricity";296.04;30.62
3090;14;"2021-12-29";"electricity";74.16;13.51
3091;5;"2021-09-26";"gas";1577.96;109.3
3092;15;"2021-10-17";"electricity";795.85;111.94
3093;42;"2023-02-22";"electricity";1200.9;104.81
3094;13;"2023-10-13";"gas";411.41;71.49
3095;81;"2021-08-12";"gas";439.03;48.28
3096;24;"2023-01-08";"gas";552.76;30.92
3097;84;"2022-05-25";"electricity";366.02;35.72
3098;83;"2022-07-25";"electricity";231.01;32.53
3099;90;"2021-08-13";"electricity";124.4;22.71
3100;54;"2022-05-21";"electricity";93.98;12.32
3101;87;"2022-03-03";"electricity";323.33;36.0
3102;43;"2021-07-09";"gas";727.39;91.79
3103;45;"2023-10-11";"electricity";904.46;55.84
3104;46;"2022-07-01";"electricity";1062.76;53.26
3105;16;"2024-03-22";"gas";1814.99;172.58
3106;84;"2024-02-14";"gas";561.74;57.3
3107;83;"2021-10-13";"gas";758.24;97.76
3108;86;"2021-09-10";"electricity";1381.02;90.31
3109;11;"2022-03-21";"gas";107.68;18.13
3110;21;"2023-11-24";"electricity";774.96;104.5
3111;13;"2023-03-13";"gas";465.61;63.64
3112;86;"2024-02-18";"electricity";1123.84;68.53
3113;55;"2022-02-23";"electricity";103.76;17.97
3114;36;"2023-07-12";"gas";1250.22;114.75
3115;81;"2023-09-15";"gas";574.48;55.8
3116;63;"2022-10-03";"gas";772.74;100.4
3117;84;"2023-12-23";"gas";732.95;87.67
3118;28;"2022-03-16";"electricity";1832.01;97.45
3119;37;"2021-09-25";"gas";964.07;92.95
3120;84;"2023-08-06";"electricity";986.22;84.47
3121;56;"2023-06-03";"electricity";34.81;4.66
3122;3;"2021-09-23";"gas";491.35;77.6
3123;44;"2022-08-16";"gas";58.57;11.16
3124;23;"2021-08-03";"electricity";724.81;67.61
3125;95;"2021-11-09";"gas";833.9;68.62
3126;87;"2023-10-12";"electricity";390.68;43.49
3127;47;"2021-08-24";"electricity";245.08;26.45
3128;7;"2023-11-18";"gas";201.64;27.19
3129;84;"2023-08-12";"electricity";792.98;79.94
3130;63;"2021-12-11";"electricity";696.81;68.29
3131;5;"2023-11-04";"gas";755.29;64.0
3132;3;"2022-09-20";"gas";377.09;67.86
3133;86;"2021-06-19";"gas";1184.22;92.0
3134;59;"2021-09-17";"gas";695.71;37.98
3135;97;"2023-09-14";"electricity";535.82;33.24
3136;80;"2022-08-27";"gas";1561.55;121.41
3137;14;"2023-12-16";"gas";139.52;26.0
3138;1;"2023-01-24";"gas";499.16;72.77
3139;13;"2021-12-27";"electricity";241.25;29.96
3140;83;"2023-08-26";"electricity";970.06;109.35
3141;8;"2023-01-05";"gas";537.6;27.32
3142;93;"2022-07-31";"electricity";760.87;46.24
3143;46;"2024-02-04";"gas";1165.16;80.92
3144;21;"2021-08-10";"gas";429.31;56.68
3145;23;"2021-09-18";"gas";736.4;84.54
3146;10;"2021-09-29";"gas";377.78;64.66
3147;7;"2023-12-27";"gas";274.71;34.08
3148;43;"2023-03-29";"gas";418.56;53.82
3149;68;"2022-12-10";"electricity";1248.32;70.9
3150;75;"2022-06-10";"electricity";181.1;22.22
3151;43;"2022-12-05";"gas";864.45;95.91
3152;37;"2022-10-31";"electricity";977.45;71.1
3153;69;"2024-02-21";"electricity";1973.59;102.73
3154;94;"2022-12-15";"electricity";204.72;19.48
3155;2;"2023-12-06";"gas";835.57;106.41
3156;76;"2023-11-24";"gas";816.6;90.58
3157;86;"2023-02-13";"gas";1279.3;118.8
3158;45;"2024-02-17";"electricity";1194.85;115.9
3159;87;"2024-01-10";"electricity";50.06;9.44
3160;42;"2023-05-20";"gas";1886.96;110.68
3161;79;"2023-01-23";"gas";36.85;6.87
3162;93;"2023-05-19";"electricity";1232.55;74.32
3163;67;"2022-03-18";"electricity";297.22;40.51
3164;64;"2022-12-12";"electricity";473.93;88.3
3165;83;"2023-11-15";"gas";234.78;34.51
3166;28;"2023-03-26";"electricity";1490.36;91.56
3167;92;"2023-12-26";"electricity";201.74;18.1
3168;10;"2022-04-21";"electricity";292.04;36.71
3169;6;"2024-05-06";"electricity";1889.61;133.98
3170;76;"2023-07-19";"gas";191.49;27.13
3171;78;"2022-02-26";"electricity";153.39;21.75
3172;92;"2023-12-22";"gas";935.52;84.64
3173;18;"2024-03-24";"gas";1481.12;132.48
3174;23;"2023-05-14";"electricity";569.03;56.97
3175;1;"2021-09-28";"electricity";354.79;40.16
3176;57;"2022-02-23";"electricity";987.05;56.25
3177;1;"2023-02-15";"gas";619.64;52.23
3178;82;"2023-06-07";"electricity";359.84;63.92
3179;95;"2023-05-14";"gas";1183.57;83.86
3180;51;"2024-01-16";"gas";855.9;57.1
3181;4;"2024-05-28";"gas";710.01;60.01
3182;63;"2023-09-11";"electricity";885.69;131.59
3183;44;"2023-06-04";"gas";67.98;7.75
3184;17;"2023-07-05";"gas";409.0;47.19
3185;4;"2023-07-05";"electricity";947.51;85.09
3186;67;"2022-09-06";"gas";615.82;85.62
3187;99;"2022-07-11";"electricity";755.14;89.03
3188;85;"2022-11-18";"electricity";755.09;102.75
3189;36;"2021-12-14";"gas";679.64;34.11
3190;31;"2023-07-12";"electricity";963.19;125.13
3191;50;"2022-12-23";"electricity";381.55;62.87
3192;64;"2023-12-01";"electricity";298.01;32.69
3193;38;"2021-07-19";"gas";433.55;50.95
3194;94;"2021-10-30";"electricity";404.02;35.61
3195;75;"2022-07-19";"gas";901.81;81.63
3196;65;"2021-06-02";"electricity";1586.55;151.41
3197;12;"2021-09-07";"gas";526.52;75.27
3198;97;"2024-02-06";"gas";1225.66;84.78
3199;70;"2023-04-29";"gas";241.21;20.01
3200;30;"2024-02-01";"electricity";182.8;26.03
3201;51;"2021-08-27";"electricity";925.38;74.5
3202;89;"2022-10-21";"gas";817.91;75.45
3203;72;"2023-11-16";"gas";203.45;25.48
3204;83;"2022-02-07";"electricity";570.51;69.64
3205;61;"2022-06-01";"electricity";986.8;133.7
3206;26;"2024-02-29";"gas";1825.51;94.21
3207;19;"2021-12-01";"electricity";528.77;49.87
3208;15;"2022-06-09";"electricity";642.15;55.07
3209;53;"2022-08-27";"electricity";628.71;71.35
3210;51;"2022-02-01";"electricity";1767.82;134.61
3211;34;"2022-09-14";"gas";574.75;82.25
3212;40;"2023-09-08";"electricity";373.34;46.89
3213;39;"2023-01-21";"gas";146.91;19.62
3214;92;"2022-11-20";"gas";769.22;87.04
3215;60;"2023-06-02";"electricity";390.57;49.18
3216;5;"2023-06-07";"gas";827.79;59.33
3217;9;"2024-04-16";"gas";883.13;131.54
3218;43;"2024-04-01";"gas";597.74;72.61
3219;28;"2023-04-29";"electricity";979.59;62.22
3220;9;"2022-01-21";"electricity";211.51;26.29
3221;31;"2024-02-23";"gas";410.25;57.98
3222;93;"2023-09-29";"gas";1559.77;133.82
3223;51;"2021-08-04";"gas";1839.85;124.52
3224;95;"2022-12-04";"gas";1170.21;108.83
3225;72;"2023-05-16";"electricity";92.43;17.14
3226;62;"2023-05-01";"gas";586.94;84.21
3227;43;"2022-04-30";"gas";123.31;16.01
3228;30;"2022-10-27";"gas";353.15;45.27
3229;15;"2023-05-31";"gas";967.43;97.58
3230;41;"2022-10-29";"gas";1455.82;134.11
3231;23;"2022-03-06";"gas";893.8;99.79
3232;33;"2022-02-07";"electricity";983.95;65.38
3233;98;"2022-02-08";"gas";110.37;13.34
3234;57;"2023-08-24";"electricity";1656.86;151.2
3235;70;"2024-04-11";"gas";424.98;53.49
3236;66;"2021-09-14";"electricity";231.57;24.11
3237;44;"2023-11-27";"electricity";342.0;48.93
3238;27;"2021-10-09";"electricity";426.88;65.7
3239;33;"2024-02-19";"gas";1063.54;106.31
3240;7;"2023-01-04";"electricity";191.26;35.38
3241;60;"2021-12-22";"electricity";199.4;20.64
3242;35;"2021-07-21";"gas";1216.11;92.05
3243;30;"2022-10-15";"electricity";957.21;127.83
3244;20;"2023-12-02";"gas";1551.49;116.02
3245;88;"2022-09-11";"electricity";119.84;13.53
3246;44;"2022-11-11";"electricity";474.21;52.13
3247;20;"2023-06-18";"gas";1934.52;175.81
3248;78;"2024-05-09";"electricity";387.05;42.26
3249;13;"2022-04-21";"gas";219.89;30.7
3250;47;"2022-04-15";"electricity";612.87;52.65
3251;66;"2023-05-31";"gas";226.92;45.18
3252;18;"2022-07-05";"electricity";508.94;31.08
3253;90;"2021-07-15";"gas";477.67;48.0
3254;50;"2022-03-09";"electricity";176.04;33.78
3255;85;"2021-09-23";"electricity";558.79;67.01
3256;32;"2023-08-17";"electricity";990.65;115.71
3257;56;"2021-09-19";"gas";240.56;26.7
3258;47;"2023-12-08";"gas";636.16;92.86
3259;19;"2022-12-09";"electricity";892.29;128.6
3260;48;"2023-01-13";"gas";1420.84;91.89
3261;88;"2021-06-17";"electricity";134.54;14.34
3262;97;"2023-06-17";"gas";1788.23;134.35
3263;4;"2023-02-10";"electricity";870.55;108.3
3264;85;"2021-07-30";"gas";316.11;34.24
3265;25;"2021-10-07";"gas";475.97;71.39
3266;18;"2024-01-09";"gas";1014.99;56.34
3267;83;"2023-09-25";"electricity";971.84;128.24
3268;97;"2021-08-14";"electricity";1995.33;112.18
3269;7;"2021-08-27";"gas";65.76;12.18
3270;15;"2023-11-29";"gas";592.29;70.7
3271;47;"2023-08-06";"gas";229.8;24.52
3272;54;"2022-02-18";"gas";411.66;63.91
3273;43;"2021-12-05";"gas";501.34;51.62
3274;15;"2021-10-04";"gas";376.58;43.9
3275;25;"2021-12-05";"gas";628.43;78.7
3276;57;"2023-11-01";"electricity";1597.1;136.8
3277;83;"2022-09-05";"gas";411.2;49.45
3278;76;"2021-10-03";"electricity";411.47;43.2
3279;89;"2022-08-12";"gas";860.96;57.09
3280;65;"2021-09-17";"gas";1268.59;101.83
3281;29;"2021-07-18";"gas";1414.16;91.37
3282;71;"2023-09-26";"electricity";486.1;57.04
3283;89;"2022-01-26";"gas";900.06;70.19
3284;70;"2021-12-28";"gas";458.94;39.87
3285;14;"2023-12-21";"gas";320.61;52.87
3286;5;"2023-12-31";"electricity";817.36;73.25
3287;68;"2023-04-30";"gas";1919.19;99.06
3288;75;"2022-09-26";"electricity";718.42;59.74
3289;70;"2023-03-23";"gas";934.14;105.92
3290;40;"2023-05-03";"gas";329.74;63.08
3291;63;"2022-07-02";"electricity";636.49;83.36
3292;22;"2024-01-14";"electricity";687.95;70.19
3293;95;"2023-06-07";"gas";1110.39;59.66
3294;16;"2023-01-26";"gas";1348.93;80.55
3295;79;"2021-11-15";"electricity";45.62;8.43
3296;74;"2021-07-30";"electricity";43.67;7.79
3297;62;"2022-12-01";"gas";770.09;110.83
3298;72;"2023-03-14";"gas";363.67;62.87
3299;32;"2021-09-25";"electricity";831.59;108.74
3300;24;"2021-08-18";"electricity";841.98;79.61
3301;40;"2022-05-17";"electricity";375.42;48.79
3302;70;"2023-11-22";"electricity";967.05;132.86
3303;71;"2021-09-10";"electricity";135.6;18.79
3304;51;"2022-06-17";"electricity";817.65;49.23
3305;87;"2023-11-17";"electricity";267.93;35.28
3306;71;"2024-01-14";"gas";601.37;61.5
3307;20;"2022-10-13";"gas";1621.75;139.31
3308;51;"2023-02-15";"gas";1157.56;107.92
3309;2;"2023-12-31";"gas";143.55;17.17
3310;16;"2022-08-13";"gas";527.24;33.21
3311;92;"2022-03-29";"gas";569.24;49.93
3312;77;"2022-08-30";"electricity";1340.69;130.76
3313;19;"2021-10-20";"electricity";344.67;40.54
3314;28;"2022-01-11";"gas";576.99;49.78
3315;89;"2022-02-22";"electricity";1125.17;103.63
3316;42;"2021-12-19";"electricity";1863.66;122.37
3317;43;"2023-12-04";"gas";888.34;130.11
3318;50;"2023-05-21";"gas";93.56;18.2
3319;95;"2021-08-19";"gas";1654.66;157.16
3320;53;"2022-11-20";"gas";525.65;61.38
3321;28;"2023-07-26";"electricity";1710.93;158.38
3322;87;"2021-07-08";"gas";482.86;90.29
3323;68;"2023-10-14";"electricity";1495.09;115.05
3324;90;"2021-08-31";"electricity";26.69;3.69
3325;12;"2023-05-21";"electricity";196.67;17.57
3326;81;"2021-06-18";"gas";430.77;45.65
3327;93;"2023-08-27";"gas";1990.03;144.54
3328;29;"2024-03-20";"electricity";763.89;71.91
3329;49;"2022-02-26";"electricity";1327.23;130.8
3330;31;"2024-01-29";"gas";593.25;62.98
3331;89;"2024-02-20";"gas";1129.23;108.79
3332;13;"2022-11-25";"electricity";230.47;37.1
3333;48;"2023-12-05";"electricity";1543.2;131.36
3334;1;"2022-05-29";"gas";790.53;118.09
3335;35;"2022-05-29";"gas";825.86;53.56
3336;89;"2022-11-26";"electricity";710.13;50.25
3337;97;"2023-09-15";"gas";641.23;36.73
3338;51;"2024-04-09";"electricity";835.52;57.83
3339;79;"2022-09-03";"gas";443.19;48.39
3340;90;"2024-03-07";"electricity";409.19;66.81
3341;98;"2022-07-16";"electricity";18.29;3.37
3342;41;"2022-06-24";"electricity";1827.24;164.09
3343;7;"2022-02-21";"gas";362.04;48.34
3344;45;"2022-06-04";"electricity";1198.9;90.45
3345;9;"2023-06-22";"gas";360.09;46.0
3346;36;"2023-05-09";"gas";811.2;56.83
3347;46;"2023-01-16";"gas";503.5;31.17
3348;68;"2024-01-17";"electricity";774.25;75.27
3349;99;"2021-11-26";"gas";178.38;19.03
3350;29;"2023-05-09";"gas";1729.79;137.49
3351;35;"2023-08-07";"gas";1809.25;130.06
3352;94;"2023-03-16";"electricity";925.55;101.45
3353;39;"2024-05-16";"electricity";100.24;14.46
3354;65;"2022-04-23";"gas";1319.74;96.22
3355;78;"2022-12-26";"electricity";75.34;8.89
3356;11;"2023-07-06";"gas";89.73;15.01
3357;98;"2021-09-11";"gas";227.17;31.45
3358;11;"2022-03-18";"gas";221.34;22.7
3359;13;"2023-02-21";"gas";176.12;18.85
3360;43;"2022-05-13";"gas";880.57;72.6
3361;77;"2021-12-02";"gas";1542.98;80.36
3362;18;"2023-05-25";"gas";822.28;78.74
3363;55;"2023-10-29";"gas";448.12;82.45
3364;49;"2022-08-15";"electricity";1864.31;156.24
3365;42;"2022-11-20";"electricity";561.98;32.12
3366;66;"2023-04-09";"gas";397.98;66.68
3367;1;"2024-04-16";"electricity";333.06;32.67
3368;99;"2021-11-08";"gas";496.99;55.7
3369;51;"2024-03-24";"electricity";1097.56;84.07
3370;39;"2023-05-23";"electricity";122.32;20.28
3371;28;"2021-09-06";"gas";1364.22;72.58
3372;16;"2022-02-12";"gas";683.73;42.1
3373;27;"2022-12-15";"gas";452.79;74.75
3374;46;"2021-05-30";"gas";1608.39;149.54
3375;47;"2023-12-07";"electricity";197.69;25.65
3376;24;"2024-01-27";"electricity";1683.14;142.77
3377;42;"2023-03-21";"electricity";905.16;48.63
3378;99;"2023-02-18";"gas";844.14;118.35
3379;63;"2022-05-07";"electricity";500.58;57.99
3380;85;"2023-07-27";"electricity";996.22;132.66
3381;35;"2024-05-19";"electricity";1233.13;65.57
3382;58;"2023-07-20";"gas";245.37;39.15
3383;96;"2024-04-27";"gas";1954.93;165.25
3384;76;"2023-04-10";"gas";627.66;78.19
3385;33;"2021-09-27";"gas";1317.9;83.7
3386;3;"2021-09-28";"gas";429.13;56.48
3387;29;"2021-10-04";"electricity";1961.61;149.94
3388;53;"2024-05-02";"electricity";225.49;32.76
3389;14;"2023-10-31";"gas";90.06;12.65
3390;56;"2022-09-16";"gas";317.96;61.65
3391;50;"2023-04-10";"gas";448.76;53.27
3392;88;"2024-04-24";"electricity";472.9;64.26
3393;83;"2024-01-13";"electricity";160.42;16.41
3394;20;"2022-03-25";"electricity";1341.59;112.59
3395;8;"2023-01-26";"gas";1950.41;127.66
3396;57;"2022-02-10";"electricity";1539.57;110.06
3397;57;"2023-09-12";"gas";1094.68;83.11
3398;44;"2023-03-20";"gas";347.81;62.31
3399;27;"2023-01-19";"gas";107.23;16.02
3400;55;"2023-01-23";"gas";413.0;52.68
3401;4;"2024-02-29";"electricity";566.86;49.71
3402;69;"2022-01-28";"gas";1375.54;113.95
3403;18;"2022-12-31";"electricity";1147.36;65.36
3404;23;"2022-02-16";"gas";845.9;89.96
3405;59;"2023-03-23";"electricity";650.48;47.49
3406;69;"2021-10-23";"electricity";1899.42;183.45
3407;66;"2023-07-22";"gas";334.25;36.6
3408;7;"2022-07-28";"gas";210.28;25.58
3409;88;"2021-12-31";"electricity";379.88;49.85
3410;18;"2022-12-20";"electricity";1875.93;143.43
3411;95;"2023-10-30";"electricity";667.11;56.67
3412;27;"2022-07-08";"gas";269.96;49.12
3413;79;"2021-08-19";"electricity";196.83;21.07
3414;23;"2024-03-01";"electricity";425.74;49.31
3415;82;"2023-02-17";"gas";184.26;31.37
3416;32;"2023-03-14";"electricity";314.5;42.94
3417;59;"2023-07-23";"electricity";1065.65;84.26
3418;1;"2022-11-23";"gas";877.3;110.19
3419;42;"2022-12-31";"electricity";1950.07;164.38
3420;1;"2024-04-06";"gas";646.07;88.21
3421;83;"2024-01-03";"gas";382.07;33.88
3422;12;"2022-11-17";"electricity";113.57;11.05
3423;53;"2023-05-19";"electricity";475.47;62.92
3424;67;"2023-11-15";"electricity";956.94;86.54
3425;16;"2021-07-17";"gas";1632.6;162.14
3426;76;"2024-04-06";"gas";310.07;34.99
3427;34;"2022-10-09";"gas";648.98;92.67
3428;57;"2022-09-24";"electricity";1112.98;84.79
3429;65;"2021-06-14";"gas";1944.93;154.05
3430;30;"2021-06-25";"gas";517.37;58.35
3431;27;"2023-06-25";"electricity";195.06;25.78
3432;84;"2023-02-22";"gas";506.69;75.18
3433;42;"2022-06-25";"gas";1369.25;86.59
3434;37;"2023-11-13";"electricity";1274.3;64.32
3435;12;"2023-10-23";"electricity";783.85;92.2
3436;26;"2022-02-27";"electricity";1446.81;90.88
3437;19;"2023-09-19";"gas";871.46;79.89
3438;99;"2022-09-26";"gas";782.72;83.22
3439;57;"2024-04-27";"gas";1341.02;95.57
3440;41;"2022-03-17";"gas";1794.3;128.51
3441;80;"2021-06-12";"gas";607.87;39.91
3442;21;"2022-08-06";"gas";169.84;14.48
3443;18;"2021-11-25";"gas";1527.29;78.0
3444;61;"2023-08-05";"electricity";345.01;32.65
3445;99;"2021-08-31";"electricity";132.52;18.39
3446;95;"2022-02-05";"electricity";1846.34;133.84
3447;6;"2023-07-27";"gas";533.67;51.69
3448;67;"2023-11-22";"gas";186.31;24.14
3449;55;"2024-03-23";"gas";430.87;77.39
3450;77;"2023-11-13";"electricity";767.78;63.38
3451;97;"2021-07-21";"gas";666.83;33.88
3452;83;"2023-11-20";"gas";477.61;40.05
3453;39;"2022-08-27";"electricity";163.52;31.23
3454;56;"2023-07-05";"electricity";484.93;61.94
3455;76;"2022-09-18";"electricity";304.02;26.7
3456;82;"2023-06-04";"electricity";158.79;19.71
3457;46;"2023-12-12";"gas";1316.61;104.14
3458;28;"2024-03-01";"electricity";508.94;46.19
3459;98;"2022-06-06";"electricity";41.93;8.01
3460;40;"2024-05-14";"gas";71.97;7.57
3461;41;"2023-08-17";"gas";1851.96;116.07
3462;95;"2022-06-06";"gas";1886.59;115.53
3463;96;"2022-04-01";"electricity";1254.43;96.89
3464;63;"2023-09-21";"gas";948.83;121.65
3465;45;"2022-10-31";"electricity";804.46;51.47
3466;78;"2022-05-18";"gas";425.61;56.3
3467;1;"2024-05-02";"electricity";925.1;79.64
3468;33;"2022-01-03";"electricity";1511.16;125.43
3469;7;"2023-09-06";"electricity";277.01;53.64
3470;19;"2021-11-15";"electricity";300.28;32.93
3471;24;"2021-08-20";"electricity";1055.76;65.93
3472;59;"2024-04-23";"electricity";1186.74;63.09
3473;10;"2022-06-25";"electricity";497.15;50.4
3474;61;"2024-03-28";"electricity";683.69;74.94
3475;26;"2023-07-27";"electricity";1727.02;101.43
3476;54;"2023-11-01";"gas";343.97;53.52
3477;10;"2023-10-30";"electricity";335.67;36.05
3478;41;"2024-03-21";"gas";767.04;73.19
3479;71;"2021-08-29";"electricity";264.72;25.33
3480;15;"2021-08-25";"gas";563.49;60.15
3481;93;"2021-09-18";"gas";615.64;46.31
3482;32;"2022-11-02";"gas";110.11;11.74
3483;24;"2022-09-16";"electricity";1850.18;178.83
3484;12;"2023-10-09";"electricity";664.08;58.28
3485;61;"2022-09-30";"electricity";870.49;80.08
3486;56;"2024-05-20";"electricity";426.97;83.22
3487;44;"2023-08-13";"gas";272.5;32.11
3488;84;"2024-03-06";"gas";478.71;68.28
3489;51;"2024-05-17";"electricity";535.87;32.95
3490;66;"2023-06-25";"gas";466.46;88.77
3491;52;"2024-02-24";"electricity";1079.08;61.61
3492;54;"2021-12-18";"electricity";390.98;60.6
3493;2;"2021-07-01";"electricity";643.22;60.2
3494;27;"2022-08-17";"electricity";237.49;29.65
3495;87;"2022-03-29";"electricity";140.42;24.14
3496;35;"2023-09-26";"gas";1735.64;166.3
3497;39;"2022-02-14";"gas";82.87;10.95
3498;97;"2021-11-08";"electricity";1984.59;162.48
3499;95;"2023-11-24";"gas";810.4;56.38
3500;13;"2023-05-24";"gas";319.35;58.45
3501;15;"2024-01-15";"electricity";526.91;76.37
3502;47;"2024-02-10";"electricity";934.25;109.65
3503;14;"2022-11-22";"electricity";378.04;54.47
3504;90;"2024-02-11";"electricity";476.68;82.13
3505;68;"2022-01-27";"gas";872.29;47.57
3506;76;"2023-08-23";"electricity";996.98;115.97
3507;72;"2023-09-22";"gas";45.02;8.28
3508;9;"2021-07-06";"gas";773.11;107.77
3509;4;"2022-01-22";"electricity";131.8;14.65
3510;99;"2022-02-24";"electricity";923.36;112.59
3511;96;"2022-02-25";"electricity";1845.93;139.77
3512;82;"2022-10-11";"electricity";80.15;8.51
3513;38;"2021-12-31";"gas";477.41;49.43
3514;73;"2022-02-13";"electricity";72.25;7.56
3515;47;"2022-02-08";"electricity";763.37;72.94
3516;70;"2024-04-12";"electricity";884.15;95.72
3517;87;"2021-09-13";"gas";423.36;72.44
3518;84;"2021-05-29";"gas";699.88;69.9
3519;21;"2023-05-20";"electricity";237.67;23.59
3520;82;"2024-04-18";"gas";336.81;36.74
3521;14;"2024-01-23";"electricity";74.05;12.83
3522;94;"2022-04-04";"electricity";686.42;85.93
3523;93;"2022-11-05";"gas";1805.43;160.52
3524;15;"2023-03-30";"gas";898.26;108.39
3525;14;"2024-01-22";"gas";325.4;52.35
3526;21;"2022-04-25";"gas";855.2;100.55
3527;33;"2022-08-15";"gas";1074.27;62.63
3528;1;"2024-02-12";"electricity";226.59;21.95
3529;76;"2021-06-27";"electricity";296.99;32.06
3530;22;"2021-06-03";"gas";899.49;101.22
3531;82;"2021-12-13";"gas";297.02;33.8
3532;11;"2022-05-01";"electricity";14.54;1.62
3533;70;"2024-03-19";"gas";239.05;30.11
3534;43;"2022-01-23";"electricity";406.99;58.22
3535;82;"2022-03-23";"gas";11.33;2.09
3536;4;"2024-05-21";"electricity";874.79;93.26
3537;94;"2024-03-30";"gas";714.01;78.05
3538;85;"2022-12-02";"gas";706.08;89.66
3539;4;"2023-06-17";"electricity";374.7;47.0
3540;72;"2021-10-21";"gas";162.58;31.98
3541;38;"2022-11-03";"electricity";435.41;74.55
3542;10;"2023-06-21";"electricity";275.96;48.87
3543;8;"2024-01-01";"gas";1142.69;83.66
3544;71;"2023-11-11";"electricity";912.85;113.26
3545;48;"2023-05-04";"electricity";605.89;59.09
3546;84;"2022-02-22";"electricity";206.52;22.51
3547;74;"2022-03-12";"gas";202.03;36.35
3548;42;"2024-02-16";"gas";1053.92;58.3
3549;93;"2022-09-14";"electricity";569.39;38.4
3550;3;"2021-11-02";"gas";46.83;6.5
3551;26;"2021-08-25";"electricity";1508.0;130.78
3552;91;"2021-06-28";"gas";860.06;44.52
3553;11;"2024-04-18";"electricity";103.9;16.17
3554;94;"2022-09-10";"electricity";865.76;84.03
3555;67;"2024-01-18";"electricity";359.92;52.95
3556;51;"2022-06-13";"gas";747.12;41.78
3557;94;"2023-03-21";"gas";149.39;12.32
3558;29;"2023-09-30";"electricity";1674.22;140.49
3559;10;"2024-04-04";"electricity";295.56;33.45
3560;51;"2023-05-25";"gas";1222.53;89.96
3561;17;"2023-08-24";"gas";923.11;74.94
3562;79;"2024-05-22";"gas";403.9;58.85
3563;24;"2021-07-11";"gas";1341.03;82.78
3564;87;"2022-08-03";"electricity";357.35;38.0
3565;65;"2023-02-21";"gas";528.66;31.26
3566;26;"2023-03-08";"electricity";852.11;56.03
3567;59;"2021-06-21";"electricity";676.73;60.6
3568;82;"2022-06-13";"gas";484.25;87.63
3569;96;"2023-10-25";"electricity";1431.16;83.83
3570;7;"2022-11-06";"electricity";38.86;5.66
3571;22;"2023-05-09";"electricity";713.8;57.19
3572;82;"2023-06-02";"gas";74.43;8.46
3573;79;"2022-12-18";"electricity";430.95;73.93
3574;25;"2022-03-29";"electricity";885.58;71.57
3575;41;"2022-07-24";"electricity";1346.58;90.17
3576;67;"2022-11-14";"gas";221.03;32.69
3577;41;"2022-01-07";"gas";1608.81;109.91
3578;98;"2023-12-17";"gas";452.1;73.01
3579;94;"2023-10-22";"gas";984.18;79.63
3580;69;"2021-08-15";"gas";1703.11;165.86
3581;89;"2021-07-04";"gas";1677.56;137.09
3582;31;"2022-06-12";"gas";991.15;115.84
3583;87;"2022-04-30";"electricity";18.04;2.26
3584;14;"2023-04-30";"gas";95.54;14.34
3585;34;"2022-09-23";"gas";547.81;79.28
3586;22;"2023-03-17";"gas";670.36;93.87
3587;57;"2024-05-06";"gas";846.12;70.32
3588;12;"2021-08-05";"gas";628.86;67.23
3589;10;"2024-04-03";"gas";154.65;20.02
3590;24;"2022-08-17";"electricity";1921.36;180.06
3591;44;"2023-03-14";"gas";206.61;26.45
3592;1;"2022-12-23";"electricity";973.46;89.97
3593;73;"2022-05-06";"gas";353.58;65.6
3594;76;"2021-07-09";"electricity";321.49;41.97
3595;35;"2024-05-24";"electricity";1668.51;141.94
3596;72;"2023-05-18";"electricity";72.05;10.06
3597;80;"2023-01-13";"gas";1918.3;127.1
3598;91;"2022-08-15";"gas";1456.38;101.8
3599;84;"2023-05-05";"gas";571.33;58.54
3600;3;"2021-06-12";"electricity";288.66;47.59
3601;45;"2022-03-22";"gas";1496.66;78.6
3602;43;"2022-07-22";"gas";214.62;18.08
3603;85;"2022-06-14";"gas";656.98;82.94
3604;6;"2022-04-14";"gas";899.4;66.12
3605;51;"2021-05-31";"gas";1196.92;69.55
3606;29;"2021-10-01";"gas";1174.67;69.29
3607;38;"2024-01-29";"gas";216.39;39.1
3608;58;"2022-09-18";"electricity";175.32;33.49
3609;11;"2021-07-05";"gas";93.85;14.78
3610;20;"2022-02-28";"electricity";1919.22;131.99
3611;51;"2021-12-19";"gas";826.3;47.03
3612;71;"2021-11-12";"gas";486.87;46.1
3613;54;"2024-02-08";"electricity";405.74;47.64
3614;68;"2021-07-25";"gas";1834.24;161.48
3615;65;"2024-02-24";"electricity";515.93;27.19
3616;29;"2021-07-22";"electricity";1440.53;101.06
3617;7;"2023-05-05";"gas";210.64;29.11
3618;72;"2021-09-15";"electricity";167.22;20.29
3619;22;"2021-09-17";"gas";811.29;65.28
3620;86;"2022-06-10";"electricity";977.17;56.54
3621;51;"2022-07-19";"gas";610.64;40.39
3622;6;"2022-05-11";"gas";694.79;49.82
3623;46;"2023-05-14";"gas";1963.79;168.1
3624;95;"2022-09-23";"gas";1529.0;113.4
3625;28;"2023-10-15";"electricity";1507.81;131.46
3626;24;"2023-05-25";"electricity";1374.16;107.59
3627;33;"2023-09-29";"electricity";1434.79;129.43
3628;50;"2022-06-01";"gas";346.01;58.29
3629;36;"2023-09-10";"gas";1716.44;119.63
3630;5;"2021-06-06";"gas";943.08;74.32
3631;73;"2021-12-05";"gas";425.0;66.79
3632;76;"2022-06-09";"gas";182.81;15.13
3633;17;"2022-04-28";"electricity";261.27;28.6
3634;54;"2023-05-04";"electricity";348.7;42.39
3635;55;"2021-08-16";"electricity";236.2;47.16
3636;26;"2022-12-20";"gas";688.97;54.16
3637;80;"2022-10-16";"electricity";901.3;64.77
3638;35;"2021-08-20";"electricity";1267.61;69.18
3639;91;"2021-11-25";"gas";1087.8;101.47
3640;92;"2023-04-14";"electricity";992.16;141.07
3641;31;"2023-04-09";"electricity";215.43;24.46
3642;71;"2024-05-04";"gas";206.66;28.83
3643;92;"2022-08-22";"gas";505.47;42.35
3644;76;"2023-07-26";"gas";352.46;37.68
3645;56;"2021-06-28";"gas";465.74;61.13
3646;90;"2022-09-03";"gas";499.53;61.99
3647;19;"2022-11-15";"electricity";775.04;73.11
3648;43;"2022-05-04";"electricity";512.12;62.79
3649;31;"2023-06-03";"electricity";531.26;77.98
3650;66;"2023-06-16";"electricity";329.03;33.98
3651;59;"2022-09-07";"electricity";853.02;56.85
3652;83;"2022-04-19";"electricity";144.75;12.97
3653;44;"2021-11-24";"gas";483.89;63.86
3654;38;"2023-05-11";"electricity";281.89;53.02
3655;85;"2021-07-20";"electricity";133.4;13.2
3656;32;"2022-12-13";"gas";761.7;70.89
3657;75;"2021-11-30";"gas";789.13;88.79
3658;87;"2023-08-01";"electricity";340.4;64.85
3659;16;"2024-05-11";"gas";1516.07;93.25
3660;1;"2021-09-02";"electricity";133.71;14.32
3661;13;"2023-11-16";"electricity";450.7;56.3
3662;7;"2022-01-16";"gas";491.69;70.23
3663;6;"2022-01-08";"gas";1594.41;143.5
3664;67;"2023-04-03";"electricity";614.88;67.58
3665;43;"2022-02-22";"gas";188.82;25.28
3666;13;"2024-03-04";"gas";257.86;46.22
3667;51;"2022-01-05";"gas";1210.04;68.24
3668;91;"2023-01-22";"electricity";676.37;50.02
3669;62;"2023-02-06";"gas";144.24;20.74
3670;74;"2023-07-10";"gas";274.46;53.43
3671;64;"2021-08-29";"gas";301.29;43.08
3672;95;"2023-09-25";"gas";1307.6;104.24
3673;22;"2023-02-23";"gas";102.2;8.37
3674;24;"2022-11-07";"gas";504.96;34.95
3675;21;"2021-06-01";"gas";307.26;41.42
3676;55;"2023-04-27";"electricity";401.98;64.2
3677;91;"2024-01-29";"electricity";529.37;41.22
3678;51;"2022-08-03";"gas";1596.21;82.66
3679;59;"2024-05-15";"gas";1798.43;111.77
3680;50;"2023-08-18";"gas";15.52;2.2
3681;11;"2023-11-28";"electricity";128.98;13.43
3682;96;"2021-09-01";"gas";1604.15;108.27
3683;61;"2022-07-02";"electricity";986.85;111.73
3684;61;"2024-02-07";"gas";383.58;50.4
3685;58;"2023-05-03";"electricity";40.82;4.46
3686;92;"2021-07-15";"electricity";415.11;39.02
3687;25;"2021-12-26";"electricity";289.15;42.79
3688;62;"2023-04-30";"gas";919.02;76.45
3689;78;"2023-02-26";"gas";54.45;10.58
3690;98;"2023-09-03";"electricity";26.08;4.17
3691;93;"2022-09-05";"electricity";1730.54;92.48
3692;57;"2022-06-21";"gas";1939.22;148.28
3693;83;"2023-05-23";"electricity";326.53;31.14
3694;26;"2021-06-07";"gas";1923.56;163.71
3695;31;"2021-06-12";"gas";107.74;10.36
3696;17;"2023-03-08";"electricity";863.52;95.96
3697;43;"2021-07-26";"electricity";394.46;34.75
3698;30;"2023-05-03";"gas";222.06;22.88
3699;78;"2024-02-03";"electricity";171.47;22.85
3700;26;"2023-08-31";"gas";1691.32;149.51
3701;83;"2024-03-03";"gas";832.19;112.18
3702;92;"2023-08-31";"electricity";989.11;105.24
3703;74;"2022-12-11";"gas";477.67;73.2
3704;20;"2023-07-21";"electricity";1447.69;132.57
3705;27;"2022-10-08";"electricity";359.5;63.77
3706;8;"2022-02-05";"gas";1592.28;82.89
3707;66;"2023-08-04";"electricity";395.52;55.63
3708;24;"2021-06-30";"electricity";1373.81;83.63
3709;58;"2023-01-19";"gas";489.98;55.48
3710;17;"2022-02-24";"gas";820.8;118.92
3711;51;"2023-08-26";"electricity";1362.0;80.63
3712;22;"2023-01-16";"electricity";229.41;26.54
3713;53;"2021-12-09";"electricity";339.05;34.68
3714;38;"2022-09-06";"electricity";80.35;15.03
3715;95;"2021-12-18";"electricity";1271.36;125.35
3716;40;"2023-05-12";"electricity";239.07;41.44
3717;60;"2023-04-20";"electricity";397.46;58.59
3718;94;"2022-09-27";"electricity";247.51;28.68
3719;99;"2023-08-18";"electricity";252.62;37.0
3720;60;"2022-03-15";"electricity";271.32;49.21
3721;96;"2023-04-13";"gas";1095.34;74.72
3722;44;"2022-12-30";"electricity";246.57;42.19
3723;74;"2021-07-23";"gas";171.72;26.0
3724;93;"2022-02-26";"electricity";1864.56;108.74
3725;96;"2022-01-02";"electricity";809.34;59.8
3726;53;"2023-06-10";"gas";141.95;13.3
3727;61;"2021-09-18";"electricity";919.13;110.76
3728;7;"2021-11-12";"gas";332.74;34.92
3729;90;"2021-12-16";"gas";465.96;59.85
3730;82;"2022-12-26";"gas";156.71;19.68
3731;48;"2024-04-07";"gas";1270.78;95.18
3732;44;"2024-01-12";"electricity";128.9;25.63
3733;48;"2023-07-16";"gas";1885.46;156.05
3734;66;"2023-03-15";"electricity";27.77;3.44
3735;54;"2021-07-10";"electricity";345.09;44.15
3736;86;"2023-12-10";"gas";902.56;90.11
3737;40;"2022-10-13";"gas";198.11;26.61
3738;20;"2023-03-24";"gas";1833.78;111.09
3739;42;"2023-04-14";"electricity";1257.66;102.41
3740;59;"2021-07-31";"electricity";1096.05;86.74
3741;34;"2023-08-28";"gas";839.34;100.72
3742;52;"2023-06-15";"gas";1485.4;145.92
3743;23;"2022-08-07";"gas";861.03;74.44
3744;10;"2022-06-26";"gas";187.09;34.99
3745;34;"2021-08-20";"electricity";714.18;89.23
3746;5;"2024-01-25";"gas";1269.59;115.42
3747;64;"2022-03-26";"electricity";193.85;32.95
3748;28;"2023-03-09";"electricity";603.62;57.46
3749;30;"2021-08-10";"electricity";554.7;80.86
3750;70;"2022-07-02";"electricity";714.32;103.88
3751;62;"2021-06-01";"electricity";698.01;75.48
3752;91;"2023-03-30";"electricity";1706.97;92.24
3753;70;"2021-11-04";"gas";896.71;101.23
3754;37;"2022-01-01";"electricity";1688.0;111.46
3755;65;"2022-08-29";"electricity";1057.73;63.25
3756;37;"2023-10-26";"gas";1428.44;83.39
3757;40;"2023-09-14";"gas";188.99;36.27
3758;11;"2022-06-15";"electricity";422.23;59.46
3759;7;"2021-07-15";"gas";408.19;57.4
3760;38;"2021-09-19";"electricity";282.66;49.56
3761;14;"2021-06-15";"gas";97.63;15.57
3762;70;"2021-09-21";"electricity";569.35;57.91
3763;18;"2023-05-27";"electricity";1032.12;100.83
3764;51;"2024-05-01";"gas";1318.81;99.91
3765;94;"2021-12-31";"electricity";629.43;56.36
3766;62;"2023-02-12";"electricity";743.82;78.15
3767;1;"2023-11-28";"electricity";246.05;26.66
3768;1;"2021-08-17";"gas";970.49;115.13
3769;47;"2022-03-09";"electricity";117.54;11.45
3770;100;"2022-04-01";"gas";492.27;59.58
3771;43;"2022-12-11";"electricity";577.62;65.59
3772;67;"2023-07-06";"electricity";466.37;68.08
3773;3;"2022-06-08";"electricity";421.26;77.43
3774;7;"2022-11-30";"gas";105.59;16.41
3775;96;"2023-06-07";"electricity";1508.29;114.09
3776;32;"2023-02-26";"gas";142.36;16.73
3777;69;"2023-12-15";"gas";1891.78;139.41
3778;31;"2024-05-23";"electricity";583.82;85.0
3779;16;"2023-12-13";"gas";1157.49;79.91
3780;17;"2021-12-26";"gas";675.37;98.53
3781;13;"2024-03-16";"electricity";460.92;78.44
3782;66;"2024-04-12";"gas";62.91;7.99
3783;11;"2024-03-12";"gas";28.49;4.03
3784;57;"2023-11-01";"gas";1533.09;139.91
3785;31;"2022-08-22";"gas";217.9;28.85
3786;2;"2023-02-18";"electricity";746.0;96.92
3787;61;"2021-09-24";"gas";298.36;40.52
3788;72;"2023-09-26";"gas";149.35;22.55
3789;2;"2023-08-11";"electricity";267.03;24.14
3790;36;"2024-05-01";"gas";1806.52;135.34
3791;64;"2022-03-14";"gas";64.52;9.59
3792;52;"2023-12-08";"gas";1135.34;88.28
3793;84;"2022-08-05";"gas";841.02;83.91
3794;64;"2022-02-22";"electricity";263.16;31.67
3795;48;"2023-01-18";"gas";1578.54;140.8
3796;76;"2024-03-07";"electricity";590.73;61.48
3797;79;"2024-05-08";"gas";356.84;68.53
3798;34;"2022-07-03";"electricity";163.28;13.81
3799;27;"2021-06-02";"gas";419.09;44.83
3800;52;"2023-09-22";"gas";1989.96;119.91
3801;60;"2022-06-27";"electricity";214.59;38.14
3802;49;"2022-03-02";"electricity";977.73;70.57
3803;56;"2022-11-16";"electricity";151.21;27.84
3804;12;"2023-10-03";"gas";120.52;13.68
3805;92;"2023-06-04";"electricity";276.95;30.3
3806;52;"2023-05-07";"electricity";1127.18;92.53
3807;51;"2021-11-02";"gas";557.35;34.53
3808;11;"2024-03-15";"electricity";372.54;59.19
3809;7;"2024-01-15";"gas";428.37;52.67
3810;43;"2022-06-14";"gas";878.24;128.87
3811;6;"2021-08-21";"electricity";1879.08;131.15
3812;60;"2022-04-27";"electricity";28.74;4.67
3813;62;"2021-07-13";"electricity";126.69;17.27
3814;14;"2022-06-02";"gas";433.94;55.1
3815;61;"2022-01-14";"gas";819.82;105.92
3816;9;"2023-03-29";"gas";152.82;18.07
3817;81;"2021-10-18";"gas";456.94;64.36
3818;48;"2022-12-09";"electricity";1610.25;99.3
3819;82;"2022-09-22";"gas";443.59;55.98
3820;25;"2022-09-10";"gas";427.78;48.45
3821;91;"2024-02-13";"gas";952.96;63.71
3822;26;"2023-05-08";"electricity";1153.81;57.77
3823;22;"2022-07-28";"gas";337.88;45.86
3824;38;"2022-04-06";"electricity";456.95;77.24
3825;23;"2022-11-27";"gas";894.72;124.61
3826;50;"2021-09-18";"gas";468.05;75.94
3827;10;"2024-04-15";"electricity";367.36;39.25
3828;11;"2022-08-12";"electricity";215.17;30.71
3829;1;"2022-08-03";"gas";830.36;107.45
3830;56;"2023-05-03";"electricity";309.65;61.43
3831;73;"2021-08-27";"electricity";145.58;18.02
3832;30;"2023-07-21";"electricity";184.88;16.05
3833;44;"2021-11-25";"electricity";405.8;76.74
3834;49;"2023-05-04";"gas";1510.46;83.01
3835;7;"2023-03-03";"electricity";328.39;33.74
3836;20;"2021-10-03";"gas";1974.83;146.38
3837;60;"2023-11-08";"electricity";10.34;1.96
3838;3;"2022-06-14";"gas";50.34;6.29
3839;92;"2021-11-25";"gas";333.89;47.86
3840;7;"2022-10-13";"gas";468.31;77.42
3841;70;"2022-08-10";"electricity";671.3;88.81
3842;39;"2021-06-17";"gas";123.85;24.37
3843;97;"2021-07-01";"electricity";904.94;74.63
3844;24;"2022-05-29";"gas";1688.92;107.38
3845;77;"2022-03-13";"electricity";1033.93;88.12
3846;72;"2023-10-07";"electricity";487.04;51.3
3847;39;"2022-07-30";"gas";355.49;46.96
3848;83;"2023-02-03";"electricity";499.2;50.51
3849;76;"2023-11-06";"electricity";822.23;93.09
3850;16;"2023-05-02";"gas";968.33;50.14
3851;72;"2022-04-16";"gas";493.76;67.54
3852;29;"2021-07-23";"gas";1190.9;91.55
3853;89;"2022-05-27";"electricity";966.94;88.24
3854;31;"2023-03-19";"gas";115.29;14.57
3855;41;"2023-07-12";"electricity";551.84;54.32
3856;55;"2021-07-14";"gas";488.66;79.6
3857;65;"2024-02-27";"gas";1665.31;124.52
3858;5;"2023-01-12";"gas";1588.18;97.15
3859;34;"2023-03-23";"electricity";622.78;60.92
3860;21;"2022-05-15";"gas";571.61;57.66
3861;5;"2024-04-13";"electricity";1110.3;62.98
3862;41;"2024-03-04";"gas";514.86;29.78
3863;63;"2022-04-25";"gas";816.77;100.77
3864;100;"2024-01-05";"electricity";364.9;68.86
3865;48;"2024-04-11";"gas";1661.56;114.0
3866;90;"2021-10-11";"electricity";70.16;12.66
3867;95;"2021-11-06";"gas";1710.62;122.03
3868;74;"2021-06-03";"gas";130.71;21.69
3869;23;"2022-05-22";"gas";324.87;42.15
3870;52;"2023-04-15";"gas";1691.37;87.17
3871;54;"2022-09-27";"electricity";139.63;19.62
3872;36;"2022-11-10";"gas";1238.94;118.43
3873;50;"2023-08-23";"electricity";283.36;40.46
3874;17;"2023-11-17";"electricity";253.96;37.06
3875;14;"2022-11-26";"electricity";159.2;18.3
3876;78;"2023-12-25";"electricity";243.64;40.09
3877;77;"2023-11-16";"gas";1941.01;128.3
3878;40;"2023-07-13";"electricity";169.13;19.63
3879;12;"2021-10-29";"gas";756.3;61.0
3880;18;"2021-08-17";"electricity";1549.93;151.9
3881;15;"2024-02-17";"electricity";180.73;18.55
3882;51;"2023-12-12";"gas";1788.52;172.37
3883;18;"2023-07-24";"electricity";509.42;37.6
3884;92;"2023-05-21";"gas";603.08;75.4
3885;62;"2021-11-09";"electricity";640.56;93.31
3886;35;"2021-09-01";"electricity";1834.74;179.72
3887;58;"2022-01-07";"electricity";74.3;11.91
3888;62;"2021-12-17";"electricity";322.9;26.25
3889;81;"2024-01-01";"gas";383.39;51.31
3890;95;"2022-08-05";"electricity";1163.22;111.07
3891;78;"2022-07-30";"gas";18.9;3.07
3892;41;"2022-07-14";"electricity";966.99;87.67
3893;20;"2022-06-07";"electricity";1264.39;69.48
3894;98;"2021-05-29";"gas";370.03;64.78
3895;45;"2024-01-04";"gas";536.99;53.49
3896;22;"2023-07-13";"gas";312.57;29.34
3897;65;"2024-04-17";"electricity";1029.29;91.41
3898;98;"2021-08-22";"gas";340.72;59.79
3899;7;"2021-07-04";"gas";296.26;37.03
3900;45;"2021-10-20";"gas";548.12;53.39
3901;29;"2024-02-08";"gas";1282.39;95.72
3902;9;"2021-08-04";"electricity";456.44;55.13
3903;41;"2022-09-11";"gas";1453.99;142.98
3904;89;"2022-12-20";"electricity";1126.2;72.23
3905;79;"2023-06-07";"electricity";141.14;18.07
3906;52;"2022-12-22";"electricity";1417.77;140.48
3907;55;"2024-02-10";"electricity";431.44;53.66
3908;1;"2022-07-07";"electricity";187.91;18.92
3909;19;"2021-07-20";"gas";263.4;29.79
3910;1;"2021-10-23";"gas";714.73;79.42
3911;27;"2021-12-22";"electricity";495.1;50.26
3912;26;"2022-02-12";"gas";637.15;43.28
3913;94;"2024-01-21";"electricity";374.71;46.22
3914;82;"2022-10-23";"gas";155.75;28.15
3915;31;"2021-11-10";"gas";954.92;102.06
3916;49;"2024-02-21";"gas";1482.46;80.51
3917;52;"2022-10-02";"gas";1285.38;73.4
3918;78;"2022-12-17";"gas";322.41;53.92
3919;42;"2023-09-04";"gas";791.98;74.32
3920;89;"2021-12-14";"gas";1499.88;107.24
3921;21;"2023-12-18";"electricity";443.41;47.29
3922;93;"2022-07-11";"electricity";1312.62;87.44
3923;85;"2022-12-02";"gas";338.17;41.9
3924;82;"2024-04-20";"electricity";35.51;6.88
3925;5;"2024-04-24";"electricity";1521.38;134.44
3926;14;"2022-06-06";"electricity";78.04;15.18
3927;13;"2021-10-23";"electricity";153.46;30.62
3928;12;"2022-06-01";"electricity";201.8;22.61
3929;40;"2023-06-18";"electricity";463.1;78.23
3930;84;"2022-11-27";"electricity";606.4;85.74
3931;63;"2023-02-15";"gas";497.65;61.21
3932;1;"2022-09-10";"electricity";742.36;90.11
3933;29;"2023-07-03";"electricity";1851.22;126.76
3934;47;"2022-01-18";"electricity";586.34;56.27
3935;71;"2021-11-12";"gas";304.65;43.55
3936;11;"2023-04-06";"electricity";199.86;31.15
3937;39;"2023-03-15";"electricity";253.23;36.53
3938;71;"2023-10-20";"gas";367.99;37.07
3939;4;"2023-03-02";"electricity";640.63;86.78
3940;18;"2021-09-13";"gas";682.06;47.82
3941;87;"2023-11-14";"gas";440.54;50.63
3942;78;"2024-05-09";"electricity";472.47;61.44
3943;58;"2023-08-18";"electricity";70.23;11.33
3944;19;"2022-03-08";"gas";691.68;64.74
3945;20;"2021-11-07";"electricity";532.23;31.92
3946;81;"2023-04-26";"electricity";801.74;103.47
3947;62;"2022-09-21";"gas";809.44;77.98
3948;97;"2021-08-14";"electricity";1241.1;92.35
3949;45;"2023-11-05";"gas";1089.83;107.66
3950;24;"2021-10-09";"electricity";1943.41;136.04
3951;5;"2022-12-29";"gas";1322.34;74.02
3952;89;"2022-03-29";"gas";1521.93;93.33
3953;1;"2024-05-17";"electricity";943.13;126.24
3954;87;"2021-07-06";"gas";251.7;42.2
3955;3;"2022-12-20";"electricity";83.02;15.8
3956;55;"2023-07-24";"gas";117.45;17.47
3957;90;"2023-08-29";"gas";417.24;72.03
3958;40;"2023-06-17";"electricity";313.09;37.71
3959;64;"2022-05-25";"electricity";176.83;18.4
3960;73;"2024-03-10";"gas";193.02;30.9
3961;53;"2023-05-03";"gas";322.44;46.5
3962;54;"2022-06-18";"gas";100.53;11.59
3963;54;"2021-09-03";"electricity";451.53;77.35
3964;19;"2024-03-25";"electricity";537.19;79.68
3965;95;"2024-04-14";"electricity";1419.09;134.79
3966;94;"2022-01-29";"electricity";192.17;27.95
3967;77;"2022-04-25";"electricity";1783.93;103.3
3968;15;"2023-01-18";"electricity";576.17;53.52
3969;9;"2024-02-23";"gas";168.09;16.49
3970;96;"2022-08-24";"gas";1445.62;95.38
3971;92;"2021-10-15";"gas";428.51;45.0
3972;79;"2024-01-26";"electricity";177.57;23.21
3973;80;"2024-03-10";"electricity";555.62;31.21
3974;20;"2023-05-20";"gas";1443.47;102.73
3975;8;"2022-03-21";"gas";957.24;62.69
3976;80;"2021-09-08";"electricity";1490.15;81.68
3977;66;"2022-06-15";"electricity";59.13;8.29
3978;11;"2024-04-02";"electricity";381.24;63.2
3979;100;"2024-04-14";"gas";78.04;9.04
3980;40;"2023-09-07";"gas";425.87;59.28
3981;57;"2022-01-20";"gas";718.78;52.3
3982;55;"2023-11-15";"electricity";43.85;4.39
3983;81;"2021-05-30";"gas";896.33;110.73
3984;83;"2023-09-14";"electricity";544.76;78.36
3985;75;"2022-12-11";"gas";470.9;68.28
3986;62;"2022-01-31";"electricity";524.64;50.08
3987;53;"2022-01-13";"electricity";128.56;12.65
3988;91;"2022-09-12";"electricity";1410.85;85.34
3989;44;"2022-05-10";"electricity";379.9;56.7
3990;83;"2021-06-13";"gas";252.96;30.61
3991;18;"2023-05-08";"gas";1410.45;98.72
3992;61;"2023-10-27";"gas";932.22;91.0
3993;56;"2023-10-14";"electricity";304.61;50.52
3994;15;"2022-11-12";"electricity";640.45;67.59
3995;80;"2021-06-19";"electricity";1522.01;146.24
3996;39;"2021-10-29";"electricity";93.38;10.39
3997;59;"2022-11-26";"electricity";1053.91;54.47
3998;56;"2021-07-29";"electricity";169.03;20.19
3999;77;"2023-12-16";"gas";1957.25;159.98
4000;4;"2022-09-29";"gas";481.19;43.41
4001;63;"2022-05-26";"gas";965.37;110.43
4002;32;"2023-07-25";"electricity";642.98;96.25
4003;32;"2023-02-25";"gas";752.28;87.26
4004;21;"2023-03-18";"electricity";569.57;81.25
4005;91;"2023-01-03";"gas";1905.36;107.75
4006;98;"2024-01-17";"electricity";251.61;43.85
4007;75;"2022-09-25";"gas";664.2;82.79
4008;20;"2022-05-27";"electricity";1891.48;115.58
4009;36;"2021-11-11";"electricity";1691.17;126.11
4010;26;"2023-04-16";"gas";1920.79;116.99
4011;55;"2022-12-04";"gas";358.14;57.4
4012;31;"2021-08-30";"gas";499.1;59.44
4013;39;"2022-10-17";"electricity";208.08;37.97
4014;53;"2022-04-12";"gas";624.75;51.86
4015;70;"2023-08-23";"gas";741.71;63.52
4016;32;"2021-08-19";"gas";384.29;37.14
4017;9;"2024-03-25";"electricity";682.7;67.93
4018;25;"2021-09-09";"gas";574.82;78.93
4019;99;"2024-04-08";"gas";341.51;29.68
4020;82;"2023-06-05";"gas";412.28;75.09
4021;30;"2022-11-08";"electricity";233.13;19.36
4022;70;"2022-10-05";"electricity";248.54;36.23
4023;53;"2022-03-05";"gas";190.93;20.46
4024;15;"2021-11-12";"gas";765.88;89.99
4025;25;"2023-01-15";"electricity";921.76;86.13
4026;5;"2023-12-28";"gas";803.36;54.27
4027;52;"2022-02-10";"electricity";1045.67;104.36
4028;89;"2023-08-02";"electricity";1426.59;73.36
4029;23;"2023-04-10";"gas";206.34;17.56
4030;49;"2023-02-21";"electricity";1568.3;148.39
4031;16;"2023-03-23";"gas";1158.16;86.37
4032;70;"2022-07-19";"electricity";281.67;40.65
4033;51;"2023-11-01";"gas";1364.79;120.99
4034;31;"2022-01-19";"electricity";476.02;62.12
4035;6;"2022-05-23";"electricity";1273.38;110.34
4036;52;"2024-05-15";"electricity";1308.34;88.88
4037;77;"2023-12-06";"electricity";1677.01;164.2
4038;10;"2023-04-27";"gas";477.37;80.45
4039;73;"2021-10-03";"electricity";328.39;41.66
4040;20;"2023-08-14";"electricity";1203.39;65.64
4041;81;"2024-02-11";"gas";810.29;95.24
4042;100;"2024-04-11";"electricity";368.37;53.09
4043;72;"2023-04-08";"electricity";279.23;40.06
4044;6;"2023-11-30";"gas";1309.12;127.27
4045;29;"2022-12-06";"gas";668.33;44.39
4046;78;"2023-07-16";"gas";194.86;24.91
4047;47;"2022-03-06";"gas";425.14;36.91
4048;100;"2023-05-23";"gas";373.47;73.74
4049;10;"2022-04-20";"gas";253.66;26.41
4050;7;"2022-01-27";"gas";361.27;58.62
4051;52;"2022-06-22";"electricity";1407.8;129.02
4052;66;"2022-01-07";"electricity";384.63;41.65
4053;54;"2022-07-25";"gas";390.26;46.15
4054;20;"2022-04-16";"electricity";590.91;51.61
4055;94;"2022-10-11";"gas";739.65;65.8
4056;98;"2022-09-05";"electricity";315.08;49.46
4057;1;"2022-02-08";"gas";800.65;70.04
4058;81;"2022-12-26";"gas";436.49;49.41
4059;86;"2024-03-02";"gas";1707.56;100.14
4060;90;"2024-04-30";"gas";343.13;59.05
4061;44;"2024-02-15";"gas";205.07;39.46
4062;29;"2022-02-20";"electricity";807.48;64.31
4063;25;"2024-03-03";"electricity";459.16;59.44
4064;61;"2022-04-18";"electricity";887.07;85.71
4065;86;"2023-05-31";"electricity";1748.17;148.17
4066;96;"2022-04-28";"gas";862.34;60.99
4067;17;"2021-11-05";"electricity";230.87;33.88
4068;20;"2024-04-27";"gas";1680.35;101.31
4069;40;"2021-09-01";"electricity";70.03;12.66
4070;68;"2024-01-18";"gas";769.0;39.79
4071;58;"2024-04-20";"gas";459.37;67.53
4072;83;"2021-12-11";"gas";324.14;29.96
4073;60;"2022-01-25";"electricity";134.2;21.64
4074;44;"2021-09-22";"electricity";418.87;69.52
4075;81;"2023-08-26";"gas";135.81;12.6
4076;3;"2024-03-29";"electricity";292.85;29.58
4077;35;"2024-04-08";"electricity";1615.83;89.79
4078;87;"2022-12-29";"gas";186.03;25.36
4079;64;"2023-06-16";"gas";378.66;46.31
4080;57;"2023-10-14";"electricity";621.41;38.85
4081;3;"2021-11-29";"gas";51.8;5.69
4082;52;"2022-03-24";"electricity";1621.49;110.76
4083;69;"2023-02-22";"gas";874.98;77.22
4084;26;"2024-02-14";"gas";1504.03;78.42
4085;55;"2021-08-28";"gas";423.96;44.3
4086;81;"2022-02-20";"gas";511.21;76.05
4087;28;"2021-06-21";"gas";795.6;47.38
4088;100;"2021-10-04";"gas";338.46;62.4
4089;75;"2023-09-11";"electricity";119.5;16.86
4090;79;"2023-10-14";"gas";82.98;14.78
4091;35;"2023-09-27";"gas";1760.33;142.91
4092;66;"2024-05-08";"gas";100.27;14.07
4093;40;"2023-01-05";"electricity";291.09;32.37
4094;44;"2023-11-04";"gas";57.9;11.17
4095;43;"2023-07-11";"electricity";472.22;38.83
4096;100;"2023-02-11";"electricity";104.88;11.07
4097;51;"2023-07-02";"gas";1843.48;121.03
4098;31;"2023-09-16";"electricity";656.16;90.41
4099;9;"2022-02-28";"gas";503.35;47.63
4100;66;"2022-06-20";"electricity";384.15;40.91
4101;86;"2021-11-05";"gas";569.54;46.92
4102;5;"2021-08-14";"electricity";1286.64;100.53
4103;29;"2022-01-27";"electricity";889.97;76.28
4104;22;"2022-08-15";"gas";910.29;85.95
4105;64;"2022-06-15";"electricity";174.18;21.52
4106;11;"2023-09-29";"electricity";41.55;5.74
4107;26;"2022-12-25";"electricity";1498.75;86.35
4108;65;"2021-07-30";"gas";683.02;51.18
4109;97;"2024-01-08";"electricity";1523.49;112.12
4110;7;"2022-08-21";"gas";440.35;64.93
4111;31;"2023-11-11";"gas";609.15;51.45
4112;80;"2023-05-02";"gas";1945.41;164.71
4113;26;"2022-06-05";"gas";1232.9;101.65
4114;56;"2023-07-07";"gas";246.28;45.18
4115;1;"2023-11-06";"electricity";716.27;67.82
4116;77;"2024-02-01";"electricity";531.59;50.25
4117;91;"2022-05-10";"electricity";1015.67;93.23
4118;80;"2022-04-05";"electricity";616.66;51.63
4119;59;"2023-05-21";"electricity";803.26;45.21
4120;95;"2024-03-12";"gas";1019.36;55.57
4121;43;"2023-06-26";"gas";574.02;52.39
4122;63;"2022-01-23";"gas";943.65;90.31
4123;72;"2023-08-08";"gas";419.03;78.38
4124;67;"2023-07-24";"electricity";317.86;44.0
4125;67;"2021-06-12";"gas";431.97;44.42
4126;77;"2023-12-23";"electricity";1558.17;91.49
4127;6;"2024-05-13";"gas";859.38;56.01
4128;80;"2022-11-06";"gas";1628.61;162.58
4129;95;"2022-10-29";"electricity";976.96;52.55
4130;73;"2022-05-20";"gas";265.14;31.43
4131;15;"2023-09-17";"electricity";373.72;53.42
4132;54;"2021-07-13";"gas";343.43;68.25
4133;7;"2021-08-09";"gas";185.33;18.57
4134;76;"2024-03-08";"gas";194.24;28.55
4135;61;"2021-07-05";"electricity";338.54;31.89
4136;20;"2023-11-04";"gas";1835.51;102.59
4137;18;"2024-02-21";"gas";1479.45;90.52
4138;42;"2023-01-22";"electricity";1128.14;80.16
4139;76;"2022-10-18";"gas";465.79;49.38
4140;36;"2024-02-04";"gas";563.8;37.47
4141;74;"2023-05-21";"electricity";293.66;41.91
4142;11;"2024-04-15";"electricity";326.96;55.21
4143;29;"2022-12-14";"gas";1160.57;101.87
4144;15;"2022-06-17";"electricity";313.25;40.58
4145;94;"2021-10-24";"electricity";805.07;83.1
4146;55;"2022-07-03";"gas";233.54;44.71
4147;22;"2021-07-26";"electricity";934.08;94.85
4148;57;"2023-10-26";"gas";1421.07;82.57
4149;78;"2022-12-20";"electricity";331.78;42.78
4150;9;"2021-11-29";"electricity";475.37;38.19
4151;52;"2024-01-16";"electricity";1938.96;100.92
4152;94;"2023-10-22";"electricity";906.25;86.06
4153;1;"2022-08-29";"electricity";760.81;102.84
4154;42;"2022-03-07";"gas";697.87;37.61
4155;16;"2022-03-24";"electricity";1631.56;147.14
4156;43;"2022-07-16";"gas";615.94;81.1
4157;5;"2023-12-10";"electricity";523.03;31.92
4158;20;"2023-11-25";"gas";1640.8;93.36
4159;69;"2024-04-04";"gas";1501.59;132.34
4160;76;"2022-12-07";"gas";500.5;67.98
4161;13;"2023-09-05";"electricity";122.86;20.22
4162;33;"2023-02-01";"gas";1914.39;147.28
4163;17;"2022-08-05";"electricity";903.67;103.72
4164;36;"2023-12-19";"electricity";1688.64;127.79
4165;57;"2022-09-30";"gas";1340.59;117.77
4166;38;"2023-09-10";"electricity";218.74;30.82
4167;82;"2024-02-08";"electricity";340.12;59.03
4168;1;"2023-03-08";"gas";847.72;124.8
4169;96;"2023-02-13";"gas";699.46;50.02
4170;1;"2022-08-16";"electricity";459.03;45.24
4171;94;"2022-04-01";"gas";891.18;100.17
4172;49;"2023-06-26";"gas";1134.1;64.09
4173;19;"2023-07-09";"electricity";493.94;46.5
4174;13;"2022-06-11";"gas";215.48;24.51
4175;62;"2023-04-19";"electricity";346.61;49.15
4176;63;"2023-07-20";"gas";874.87;105.2
4177;97;"2022-01-02";"gas";989.11;77.03
4178;97;"2022-04-20";"gas";1500.18;85.72
4179;59;"2023-09-16";"electricity";1477.5;92.39
4180;25;"2023-11-22";"gas";223.11;25.06
4181;39;"2022-12-21";"electricity";436.93;65.94
4182;28;"2024-05-17";"electricity";1307.93;96.86
4183;78;"2022-03-09";"gas";302.52;60.14
4184;78;"2023-02-16";"electricity";259.03;51.55
4185;17;"2023-12-22";"gas";767.26;109.5
4186;14;"2022-06-01";"electricity";70.73;10.5
4187;91;"2023-05-01";"electricity";1915.6;190.3
4188;8;"2022-11-08";"electricity";1379.17;96.13
4189;18;"2023-04-18";"electricity";1687.13;116.52
4190;65;"2021-08-15";"electricity";1857.56;148.89
4191;88;"2021-06-24";"gas";452.62;67.64
4192;49;"2021-07-11";"electricity";1825.83;156.54
4193;75;"2021-06-13";"electricity";756.25;82.17
4194;96;"2022-02-09";"electricity";1148.19;68.96
4195;80;"2023-03-19";"gas";1556.18;102.83
4196;23;"2022-02-14";"electricity";345.11;30.68
4197;96;"2023-06-26";"electricity";561.36;37.06
4198;36;"2022-03-16";"electricity";748.62;40.41
4199;97;"2021-11-01";"gas";1962.89;114.03
4200;17;"2022-02-26";"gas";876.61;112.44
4201;93;"2023-09-05";"electricity";1002.24;73.8
4202;25;"2024-01-29";"gas";187.83;25.14
4203;32;"2021-08-02";"gas";128.24;14.21
4204;35;"2022-10-25";"electricity";1810.62;139.16
4205;13;"2022-11-01";"gas";181.69;23.7
4206;46;"2022-09-14";"gas";784.37;45.34
4207;39;"2022-06-20";"gas";56.28;6.26
4208;23;"2023-03-04";"electricity";361.64;50.24
4209;41;"2023-09-14";"electricity";1965.95;131.45
4210;54;"2021-09-11";"gas";342.7;43.96
4211;87;"2022-04-29";"electricity";42.77;4.71
4212;52;"2022-10-26";"electricity";1518.1;125.17
4213;20;"2022-11-29";"electricity";1462.03;111.73
4214;91;"2021-10-18";"electricity";1060.91;88.78
4215;92;"2023-03-14";"gas";136.08;12.73
4216;5;"2024-04-13";"electricity";1121.12;100.9
4217;11;"2021-11-05";"electricity";47.26;8.64
4218;20;"2022-11-10";"electricity";1762.85;143.52
4219;1;"2022-11-29";"gas";238.26;31.34
4220;96;"2022-06-24";"gas";1674.3;147.31
4221;12;"2023-01-23";"electricity";443.92;40.94
4222;22;"2021-10-19";"electricity";630.58;76.54
4223;80;"2021-05-30";"electricity";1787.35;162.5
4224;3;"2023-03-13";"electricity";290.52;54.88
4225;73;"2023-10-03";"electricity";270.84;46.32
4226;67;"2024-03-27";"gas";482.98;54.45
4227;62;"2022-10-11";"electricity";872.03;103.61
4228;11;"2023-06-08";"electricity";148.05;25.29
4229;62;"2021-10-03";"gas";404.08;51.07
4230;79;"2024-01-25";"gas";288.5;41.98
4231;74;"2021-07-04";"gas";374.71;45.88
4232;29;"2022-08-22";"electricity";1269.08;119.27
4233;69;"2022-09-20";"electricity";1229.94;86.19
4234;2;"2022-12-11";"electricity";929.01;87.28
4235;30;"2022-12-08";"electricity";865.23;88.69
4236;11;"2023-07-01";"electricity";97.83;17.47
4237;65;"2022-09-19";"gas";1060.64;75.4
4238;16;"2024-02-02";"electricity";1620.04;111.02
4239;66;"2024-03-01";"gas";251.57;37.8
4240;61;"2022-11-20";"electricity";557.83;54.68
4241;65;"2024-05-14";"electricity";1859.02;133.25
4242;73;"2023-08-20";"gas";390.62;66.7
4243;50;"2023-05-25";"gas";116.4;14.25
4244;87;"2023-10-28";"electricity";373.48;48.57
4245;4;"2023-07-24";"electricity";998.53;134.46
4246;22;"2022-05-08";"electricity";602.68;70.17
4247;88;"2022-11-11";"gas";497.86;40.87
4248;35;"2022-03-10";"electricity";682.13;41.29
4249;60;"2023-04-06";"gas";61.64;10.16
4250;89;"2021-10-05";"gas";1543.25;114.9
4251;34;"2022-05-29";"electricity";350.81;50.1
4252;21;"2022-06-22";"gas";496.85;56.55
4253;43;"2022-08-07";"gas";500.22;61.3
4254;24;"2024-01-15";"gas";1548.82;146.12
4255;68;"2021-07-10";"electricity";1998.64;106.08
4256;1;"2022-01-29";"electricity";123.84;10.29
4257;13;"2022-11-28";"electricity";163.94;23.57
4258;76;"2021-12-31";"gas";360.69;52.49
4259;48;"2023-01-09";"gas";1173.62;99.16
4260;100;"2021-09-27";"electricity";64.57;7.54
4261;19;"2023-04-05";"electricity";510.29;59.15
4262;68;"2022-08-05";"electricity";1076.64;64.28
4263;100;"2022-06-20";"gas";165.95;20.41
4264;26;"2024-04-02";"gas";1854.21;154.46
4265;12;"2023-04-30";"electricity";279.76;27.37
4266;94;"2024-04-12";"electricity";803.78;91.78
4267;62;"2021-07-11";"electricity";769.18;105.51
4268;38;"2023-02-16";"gas";238.88;39.97
4269;15;"2021-08-26";"gas";338.39;40.79
4270;79;"2024-03-11";"gas";61.9;8.78
4271;38;"2023-09-26";"gas";49.44;8.48
4272;97;"2021-07-05";"gas";1491.14;122.76
4273;74;"2021-06-12";"electricity";207.84;39.02
4274;35;"2021-06-20";"gas";1052.23;83.45
4275;61;"2023-12-02";"gas";349.69;33.94
4276;94;"2023-08-21";"electricity";547.76;53.41
4277;75;"2024-02-28";"gas";811.68;95.31
4278;58;"2021-08-17";"gas";291.36;39.25
4279;65;"2021-12-24";"electricity";1227.64;90.14
4280;65;"2023-09-22";"electricity";1230.76;106.27
4281;10;"2021-11-20";"gas";210.06;27.6
4282;45;"2022-01-15";"electricity";1377.42;106.71
4283;37;"2022-07-19";"electricity";1580.04;139.25
4284;54;"2023-05-30";"gas";180.01;31.08
4285;39;"2023-12-20";"gas";223.09;35.69
4286;24;"2024-01-17";"electricity";641.7;58.01
4287;88;"2024-05-02";"gas";797.5;114.31
4288;66;"2023-12-06";"electricity";82.14;11.92
4289;37;"2024-01-09";"gas";1298.45;126.64
4290;8;"2023-06-12";"electricity";1529.67;86.32
4291;10;"2023-03-11";"gas";196.61;19.77
4292;92;"2023-07-26";"electricity";877.55;99.75
4293;10;"2023-04-12";"electricity";269.53;40.53
4294;70;"2021-06-30";"electricity";334.25;27.96
4295;53;"2022-07-27";"electricity";376.42;38.98
4296;89;"2023-03-31";"electricity";1652.7;148.3
4297;48;"2022-01-08";"gas";1727.38;109.45
4298;11;"2022-08-04";"gas";431.85;63.37
4299;43;"2024-02-20";"electricity";822.31;118.06
4300;31;"2021-08-30";"electricity";119.84;11.28
4301;69;"2021-12-08";"gas";1041.26;91.46
4302;12;"2024-02-03";"electricity";352.67;49.15
4303;100;"2021-08-16";"gas";134.17;22.66
4304;47;"2022-01-24";"gas";305.2;37.66
4305;34;"2024-03-15";"electricity";674.63;62.07
4306;95;"2021-09-03";"gas";506.1;44.11
4307;59;"2022-10-03";"electricity";1951.39;156.45
4308;30;"2021-10-09";"gas";379.33;41.44
4309;16;"2023-12-20";"gas";1151.68;106.25
4310;41;"2023-01-24";"electricity";1117.17;78.97
4311;25;"2022-07-10";"electricity";239.09;34.54
4312;44;"2021-05-30";"electricity";189.85;27.63
4313;72;"2023-12-27";"electricity";188.91;27.96
4314;60;"2022-06-26";"gas";226.88;28.39
4315;89;"2022-03-17";"gas";1013.43;83.77
4316;34;"2022-11-09";"gas";131.03;17.08
4317;48;"2024-03-18";"gas";1390.21;107.44
4318;38;"2022-05-19";"electricity";196.22;33.83
4319;46;"2021-08-01";"gas";1649.12;105.49
4320;15;"2024-03-04";"gas";548.31;45.35
4321;28;"2021-10-25";"gas";691.19;45.32
4322;52;"2022-01-31";"electricity";833.18;51.88
4323;11;"2023-05-19";"electricity";354.47;54.87
4324;51;"2022-04-25";"electricity";1038.62;66.29
4325;89;"2024-01-14";"electricity";689.3;41.73
4326;40;"2022-11-16";"electricity";110.57;17.79
4327;87;"2022-12-27";"gas";418.02;53.56
4328;12;"2022-11-26";"electricity";600.03;70.3
4329;36;"2022-12-14";"electricity";673.96;50.48
4330;69;"2022-05-13";"electricity";505.18;33.22
4331;52;"2022-12-03";"gas";815.85;80.17
4332;45;"2022-09-18";"electricity";515.92;34.83
4333;27;"2023-04-09";"electricity";151.96;18.29
4334;13;"2023-02-06";"gas";408.85;65.59
4335;16;"2023-07-15";"electricity";535.93;28.44
4336;93;"2021-12-16";"electricity";1347.0;92.63
4337;33;"2023-11-18";"gas";864.37;74.28
4338;49;"2023-04-10";"gas";1818.89;132.66
4339;71;"2023-11-12";"gas";325.66;34.92
4340;48;"2021-12-14";"electricity";1488.82;141.57
4341;75;"2023-05-23";"electricity";377.3;43.46
4342;85;"2023-11-11";"electricity";897.34;88.4
4343;55;"2023-02-04";"gas";95.69;16.65
4344;24;"2021-12-15";"gas";1309.67;121.59
4345;7;"2022-11-08";"gas";424.85;74.89
4346;69;"2023-05-06";"gas";1436.19;138.73
4347;53;"2023-11-17";"electricity";640.19;84.69
4348;69;"2023-12-22";"electricity";1260.21;93.86
4349;31;"2022-04-20";"gas";693.19;61.93
4350;15;"2023-01-10";"gas";276.0;28.74
4351;33;"2023-07-19";"gas";652.44;42.87
4352;10;"2023-05-20";"gas";218.83;32.38
4353;66;"2023-06-25";"gas";300.27;41.03
4354;51;"2022-09-18";"electricity";1094.4;82.75
4355;100;"2023-09-27";"electricity";68.2;6.99
4356;48;"2023-07-01";"electricity";684.83;55.95
4357;39;"2022-09-24";"gas";334.67;35.18
4358;94;"2022-09-26";"gas";372.22;49.68
4359;4;"2022-05-02";"gas";519.21;46.16
4360;30;"2023-02-07";"gas";221.61;29.66
4361;21;"2023-03-18";"gas";149.99;17.23
4362;26;"2024-02-24";"gas";1983.27;124.8
4363;24;"2024-04-22";"gas";1536.96;91.1
4364;70;"2023-07-02";"gas";276.63;30.44
4365;43;"2022-11-21";"electricity";478.76;42.39
4366;57;"2021-11-11";"gas";827.18;50.0
4367;61;"2022-11-29";"electricity";452.99;51.15
4368;40;"2021-12-05";"gas";424.31;84.62
4369;46;"2021-10-15";"electricity";1435.1;104.06
4370;30;"2021-11-14";"gas";349.08;37.4
4371;92;"2021-06-30";"gas";465.89;52.57
4372;11;"2021-08-28";"electricity";306.25;42.72
4373;48;"2022-10-25";"electricity";1873.55;174.49
4374;1;"2022-06-09";"electricity";997.53;119.34
4375;100;"2022-04-26";"gas";297.72;54.67
4376;98;"2022-09-05";"electricity";349.72;48.76
4377;3;"2023-12-20";"electricity";322.37;55.31
4378;48;"2023-10-04";"gas";1201.48;113.51
4379;53;"2022-03-12";"gas";833.79;97.5
4380;93;"2022-07-25";"gas";1327.38;68.99
4381;60;"2021-11-30";"electricity";211.81;24.32
4382;76;"2021-09-08";"gas";539.61;79.5
4383;11;"2021-10-05";"gas";467.35;64.02
4384;73;"2021-06-22";"electricity";148.58;19.56
4385;92;"2023-01-01";"electricity";449.75;50.4
4386;40;"2022-11-14";"electricity";155.93;17.49
4387;78;"2023-01-30";"gas";242.63;46.61
4388;35;"2022-02-03";"gas";657.01;53.68
4389;46;"2022-08-26";"gas";688.21;49.03
4390;2;"2023-07-27";"gas";275.5;26.54
4391;41;"2022-01-18";"gas";530.18;38.16
4392;70;"2024-02-24";"electricity";499.4;40.12
4393;3;"2022-05-03";"gas";234.45;46.02
4394;81;"2022-01-08";"electricity";808.16;103.99
4395;11;"2021-06-08";"gas";127.53;12.93
4396;100;"2022-10-30";"electricity";446.85;46.57
4397;41;"2021-11-27";"electricity";963.64;71.42
4398;80;"2022-04-21";"gas";1525.8;88.89
4399;32;"2022-12-06";"electricity";349.06;41.16
4400;11;"2021-10-09";"gas";50.4;9.48
4401;57;"2023-01-19";"gas";828.05;50.66
4402;11;"2022-05-30";"electricity";451.69;85.07
4403;58;"2022-03-26";"gas";252.39;41.09
4404;27;"2022-10-29";"electricity";183.99;31.0
4405;63;"2021-09-11";"gas";261.42;36.9
4406;61;"2024-05-14";"gas";690.69;76.1
4407;4;"2021-09-18";"electricity";673.98;73.0
4408;27;"2024-03-13";"electricity";487.07;70.24
4409;76;"2023-01-06";"gas";131.37;15.72
4410;62;"2022-03-21";"electricity";595.7;47.73
4411;67;"2023-09-24";"gas";561.19;74.05
4412;23;"2023-03-27";"electricity";129.35;14.17
4413;26;"2023-08-13";"electricity";1941.46;119.38
4414;94;"2022-07-02";"electricity";703.81;68.66
4415;37;"2023-07-01";"gas";1126.96;87.31
4416;86;"2021-08-30";"electricity";1635.75;105.74
4417;65;"2022-06-06";"gas";1217.13;75.24
4418;58;"2023-12-30";"electricity";432.6;77.75
4419;62;"2022-11-12";"electricity";160.49;23.63
4420;48;"2023-12-13";"electricity";1850.92;109.16
4421;40;"2023-05-23";"gas";275.82;54.9
4422;31;"2023-11-13";"gas";141.46;13.63
4423;91;"2021-12-16";"gas";683.35;48.09
4424;18;"2021-11-15";"gas";1703.62;154.63
4425;90;"2021-12-11";"gas";144.24;22.05
4426;98;"2024-05-01";"gas";272.93;49.39
4427;13;"2021-08-08";"gas";224.88;23.0
4428;57;"2022-03-25";"gas";1488.01;145.58
4429;30;"2022-12-15";"electricity";686.51;54.96
4430;71;"2023-02-18";"electricity";997.63;86.87
4431;63;"2022-02-06";"electricity";358.87;40.28
4432;23;"2022-05-17";"electricity";984.42;106.48
4433;99;"2024-03-13";"electricity";570.54;65.79
4434;23;"2022-09-01";"electricity";100.87;14.86
4435;19;"2021-12-21";"electricity";546.64;49.75
4436;78;"2022-05-15";"gas";72.74;8.05
4437;29;"2024-02-20";"gas";1493.09;128.46
4438;99;"2022-04-08";"gas";154.3;18.35
4439;20;"2022-01-01";"gas";1725.06;171.76
4440;71;"2023-08-18";"gas";647.78;59.9
4441;58;"2023-03-28";"gas";186.68;29.93
4442;54;"2022-10-07";"gas";288.35;48.33
4443;52;"2021-06-02";"gas";1161.97;115.16
4444;62;"2023-11-19";"electricity";621.77;75.24
4445;17;"2022-03-07";"electricity";798.74;102.63
4446;29;"2022-12-25";"gas";869.49;71.98
4447;8;"2023-07-09";"electricity";749.34;39.73
4448;83;"2022-09-30";"gas";368.22;46.21
4449;19;"2022-07-08";"gas";757.13;108.69
4450;99;"2021-11-23";"gas";779.57;79.74
4451;100;"2023-07-26";"electricity";453.24;53.47
4452;47;"2023-06-20";"electricity";157.28;22.4
4453;70;"2023-04-07";"electricity";805.67;114.92
4454;31;"2022-12-20";"gas";523.85;73.53
4455;96;"2021-06-23";"gas";1422.57;73.55
4456;62;"2023-02-24";"gas";981.1;140.09
4457;82;"2021-12-04";"gas";409.46;47.7
4458;78;"2024-01-26";"gas";481.05;57.44
4459;30;"2023-04-19";"gas";965.4;108.79
4460;89;"2023-12-19";"electricity";542.45;38.48
4461;81;"2024-02-04";"gas";928.6;119.71
4462;77;"2021-11-28";"electricity";557.89;54.37
4463;4;"2023-12-07";"electricity";308.05;31.35
4464;40;"2022-09-18";"electricity";372.33;51.51
4465;53;"2024-03-25";"gas";852.41;121.26
4466;40;"2023-12-04";"electricity";458.4;90.93
4467;37;"2022-07-27";"electricity";1444.42;142.7
4468;78;"2024-05-08";"electricity";464.68;90.2
4469;4;"2022-08-24";"gas";410.69;41.85
4470;92;"2022-10-29";"gas";855.35;127.8
4471;52;"2023-05-07";"gas";1496.28;136.06
4472;11;"2022-01-03";"electricity";460.52;65.85
4473;72;"2022-12-12";"gas";316.69;55.69
4474;3;"2023-02-22";"electricity";396.51;76.52
4475;16;"2022-07-18";"electricity";1052.95;63.85
4476;61;"2021-09-18";"electricity";731.2;85.46
4477;28;"2021-05-30";"electricity";536.48;27.28
4478;65;"2024-04-30";"electricity";1247.52;100.83
4479;30;"2022-04-02";"gas";369.52;34.5
4480;18;"2023-11-09";"gas";1615.87;143.91
4481;34;"2021-06-25";"electricity";956.74;142.35
4482;48;"2023-11-11";"electricity";1044.43;76.01
4483;25;"2022-08-16";"electricity";933.33;90.24
4484;60;"2022-06-05";"gas";195.5;22.14
4485;78;"2023-03-19";"electricity";298.99;53.84
4486;35;"2024-02-17";"gas";565.58;37.78
4487;61;"2024-03-06";"electricity";956.16;98.63
4488;11;"2024-03-05";"gas";321.2;45.5
4489;17;"2023-02-18";"electricity";754.24;81.86
4490;74;"2022-01-21";"electricity";111.09;18.38
4491;10;"2022-03-17";"gas";79.1;10.92
4492;91;"2024-02-01";"electricity";1450.54;130.35
4493;15;"2023-02-09";"gas";931.89;130.68
4494;76;"2023-06-11";"electricity";880.07;110.99
4495;54;"2023-08-25";"electricity";271.61;30.24
4496;54;"2022-12-01";"gas";387.16;59.58
4497;52;"2022-11-23";"gas";980.28;74.8
4498;22;"2022-12-04";"electricity";552.88;50.86
4499;60;"2023-11-25";"electricity";100.24;16.27
4500;38;"2022-03-25";"electricity";425.01;55.71
4501;86;"2022-11-06";"gas";738.41;65.97
4502;92;"2022-09-05";"electricity";457.4;54.72
4503;30;"2023-02-26";"electricity";335.59;38.33
4504;58;"2023-02-12";"electricity";54.75;8.86
4505;29;"2021-11-03";"gas";1188.43;66.6
4506;42;"2023-05-31";"gas";1333.34;66.84
4507;34;"2021-11-04";"electricity";560.39;83.19
4508;69;"2022-04-30";"gas";1708.67;159.84
4509;78;"2021-06-29";"gas";25.91;3.29
4510;16;"2023-08-12";"gas";856.62;46.51
4511;87;"2023-07-31";"gas";395.8;73.96
4512;69;"2024-02-06";"gas";1770.68;142.01
4513;1;"2024-01-11";"electricity";626.04;81.16
4514;25;"2023-05-22";"gas";540.52;61.73
4515;17;"2023-02-21";"electricity";677.07;63.06
4516;95;"2022-04-17";"gas";710.76;48.5
4517;97;"2023-06-29";"gas";1293.81;69.2
4518;94;"2024-01-06";"gas";769.57;95.86
4519;2;"2022-07-21";"gas";312.84;35.74
4520;25;"2021-11-02";"electricity";647.3;58.94
4521;7;"2022-07-19";"electricity";157.28;21.84
4522;83;"2024-04-26";"gas";477.58;58.63
4523;67;"2023-09-21";"gas";832.67;109.11
4524;75;"2024-03-30";"electricity";805.83;91.25
4525;88;"2021-10-08";"gas";557.2;48.86
4526;49;"2021-07-19";"gas";1694.32;166.88
4527;81;"2021-11-07";"electricity";812.79;111.98
4528;98;"2023-05-24";"gas";462.28;62.29
4529;25;"2021-07-24";"electricity";274.39;27.29
4530;34;"2022-08-26";"gas";577.51;68.8
4531;21;"2023-08-03";"gas";140.77;18.87
4532;76;"2024-04-10";"gas";479.82;67.58
4533;8;"2023-05-03";"electricity";1221.33;85.47
4534;33;"2021-09-25";"gas";734.11;51.97
4535;42;"2023-11-02";"electricity";860.06;74.36
4536;3;"2022-11-11";"gas";54.58;9.27
4537;37;"2021-12-01";"electricity";954.35;83.16
4538;56;"2021-09-06";"gas";194.51;22.85
4539;96;"2021-09-25";"electricity";1959.84;154.58
4540;95;"2021-08-21";"gas";1196.54;85.55
4541;40;"2023-04-14";"electricity";328.6;46.94
4542;5;"2021-06-11";"gas";554.54;32.9
4543;26;"2022-12-26";"electricity";622.46;53.37
4544;70;"2023-11-04";"gas";684.3;66.27
4545;82;"2021-07-09";"electricity";101.22;14.1
4546;54;"2022-08-15";"electricity";259.38;28.85
4547;8;"2023-09-16";"gas";641.76;57.58
4548;26;"2024-02-15";"electricity";963.15;95.01
4549;9;"2024-03-08";"electricity";991.0;128.47
4550;45;"2024-04-20";"electricity";1455.37;114.13
4551;31;"2023-03-20";"gas";783.46;114.06
4552;72;"2023-01-28";"gas";291.39;44.06
4553;33;"2023-04-15";"gas";1752.25;161.68
4554;17;"2021-10-05";"electricity";307.68;29.77
4555;38;"2022-03-07";"electricity";353.07;63.07
4556;19;"2021-12-10";"electricity";157.6;15.59
4557;14;"2022-04-28";"electricity";202.85;33.13
4558;35;"2021-12-02";"electricity";873.81;53.39
4559;7;"2023-08-16";"electricity";479.31;74.45
4560;69;"2022-06-25";"gas";1710.66;98.04
4561;26;"2023-11-06";"electricity";1474.36;132.53
4562;29;"2023-10-20";"electricity";835.44;51.55
4563;89;"2021-09-18";"electricity";727.87;50.7
4564;39;"2022-05-19";"gas";485.55;75.32
4565;21;"2023-02-08";"electricity";702.33;85.37
4566;46;"2022-01-28";"electricity";1335.41;121.03
4567;8;"2024-02-07";"electricity";1218.29;105.78
4568;47;"2022-06-10";"gas";466.22;53.43
4569;6;"2022-08-13";"gas";815.41;60.33
4570;93;"2022-07-27";"gas";1662.65;125.16
4571;43;"2022-02-16";"electricity";404.46;52.7
4572;14;"2023-07-02";"electricity";273.55;32.48
4573;78;"2022-05-15";"electricity";476.33;86.12
4574;47;"2021-09-02";"electricity";166.6;17.4
4575;61;"2021-07-26";"electricity";591.24;81.39
4576;32;"2022-11-09";"electricity";517.85;58.23
4577;60;"2023-11-12";"electricity";492.6;78.64
4578;23;"2022-01-01";"electricity";901.7;99.21
4579;92;"2023-11-05";"electricity";130.58;11.03
4580;100;"2021-10-19";"electricity";234.25;39.2
4581;52;"2024-01-18";"gas";956.35;52.68
4582;12;"2022-11-25";"electricity";725.28;65.3
4583;72;"2022-11-23";"gas";164.48;19.48
4584;74;"2022-05-14";"electricity";107.93;20.78
4585;44;"2023-06-11";"gas";190.16;20.07
4586;5;"2022-08-29";"gas";1261.86;107.76
4587;65;"2022-03-13";"gas";983.86;94.17
4588;58;"2023-01-07";"gas";465.11;79.84
4589;19;"2023-04-13";"gas";408.87;54.69
4590;28;"2022-10-28";"electricity";1175.16;81.24
4591;64;"2024-01-28";"electricity";171.76;33.17
4592;27;"2022-08-21";"electricity";458.11;70.86
4593;98;"2022-12-18";"electricity";385.58;61.47
4594;1;"2021-10-13";"gas";562.72;64.99
4595;82;"2021-12-29";"gas";28.11;3.32
4596;4;"2023-09-20";"electricity";903.0;83.4
4597;63;"2022-12-14";"gas";248.21;32.25
4598;30;"2021-06-06";"gas";538.42;55.53
4599;48;"2021-07-28";"electricity";1010.71;57.08
4600;34;"2023-06-12";"electricity";651.4;80.69
4601;11;"2023-06-20";"gas";474.3;69.65
4602;53;"2022-01-18";"gas";597.42;76.08
4603;56;"2023-03-29";"electricity";370.47;50.74
4604;69;"2021-09-30";"electricity";1543.66;142.32
4605;47;"2022-01-02";"electricity";485.32;43.0
4606;7;"2022-06-24";"gas";253.29;37.54
4607;60;"2023-01-10";"gas";374.25;63.82
4608;22;"2024-03-09";"gas";168.12;20.75
4609;24;"2022-12-01";"gas";1494.88;106.51
4610;86;"2021-12-10";"electricity";1178.92;64.63
4611;34;"2024-02-07";"electricity";545.48;55.37
4612;55;"2023-09-10";"electricity";451.43;75.12
4613;79;"2023-08-31";"electricity";315.45;39.19
4614;27;"2022-01-30";"electricity";259.64;27.65
4615;4;"2022-07-16";"electricity";859.98;84.82
4616;23;"2023-01-20";"gas";109.4;14.43
4617;82;"2023-11-07";"gas";16.44;2.58
4618;65;"2024-04-10";"gas";1399.51;112.77
4619;39;"2021-07-17";"electricity";212.13;30.75
4620;61;"2023-10-14";"electricity";107.77;15.45
4621;90;"2024-02-09";"electricity";416.63;82.47
4622;25;"2023-06-16";"gas";272.28;25.38
4623;24;"2022-08-09";"electricity";1667.45;121.69
4624;46;"2021-08-09";"gas";674.45;54.46
4625;9;"2024-03-28";"electricity";631.32;55.2
4626;84;"2022-06-30";"electricity";422.33;50.22
4627;86;"2023-02-02";"gas";1668.82;158.65
4628;82;"2023-06-07";"electricity";103.71;15.99
4629;34;"2021-11-26";"gas";225.41;21.64
4630;21;"2023-01-20";"electricity";353.18;51.24
4631;68;"2023-07-28";"electricity";1306.27;101.36
4632;86;"2022-06-01";"gas";1425.58;104.75
4633;83;"2021-06-14";"electricity";273.6;31.95
4634;4;"2021-07-12";"gas";145.96;18.21
4635;23;"2023-08-25";"electricity";270.61;36.83
4636;58;"2023-09-29";"gas";231.25;39.76
4637;18;"2022-11-22";"electricity";630.02;47.12
4638;33;"2024-03-11";"gas";727.84;45.84
4639;51;"2023-02-14";"gas";1498.25;129.58
4640;60;"2021-10-05";"gas";365.95;52.39
4641;46;"2022-05-16";"gas";1378.55;108.24
4642;15;"2023-06-09";"electricity";538.53;69.65
4643;89;"2023-04-08";"gas";1469.06;92.94
4644;9;"2023-03-26";"gas";475.64;39.76
4645;52;"2023-05-10";"gas";1461.68;91.98
4646;79;"2023-10-06";"gas";156.71;22.55
4647;4;"2022-01-11";"electricity";681.23;90.98
4648;23;"2024-05-23";"gas";470.87;60.85
4649;7;"2022-08-11";"electricity";429.24;84.2
4650;5;"2022-06-24";"gas";1061.71;53.09
4651;53;"2023-01-25";"gas";565.51;83.21
4652;50;"2022-04-13";"gas";89.55;13.24
4653;24;"2021-08-16";"electricity";1842.86;113.51
4654;92;"2022-11-02";"electricity";857.99;89.37
4655;78;"2022-11-14";"gas";349.79;48.11
4656;99;"2024-04-24";"electricity";512.28;73.44
4657;66;"2021-12-26";"electricity";468.61;84.01
4658;30;"2021-10-23";"electricity";518.12;48.86
4659;83;"2021-10-20";"gas";893.26;106.83
4660;70;"2021-06-21";"gas";261.37;32.8
4661;37;"2021-10-09";"gas";717.02;44.35
4662;73;"2022-08-11";"gas";85.6;16.52
4663;28;"2021-12-14";"electricity";1242.36;104.84
4664;61;"2021-09-07";"electricity";450.84;45.23
4665;49;"2023-08-18";"electricity";1584.69;80.38
4666;82;"2023-11-02";"gas";48.58;7.54
4667;16;"2022-01-28";"electricity";516.16;32.93
4668;15;"2023-06-20";"electricity";589.16;81.89
4669;17;"2021-07-07";"gas";384.78;51.58
4670;43;"2022-03-17";"gas";560.38;71.01
4671;55;"2022-10-31";"electricity";466.47;47.7
4672;2;"2023-02-02";"gas";120.4;11.68
4673;26;"2024-04-11";"electricity";775.22;63.0
4674;49;"2024-04-23";"electricity";1323.42;131.77
4675;76;"2022-11-01";"gas";992.66;112.0
4676;56;"2022-04-21";"gas";492.29;97.35
4677;33;"2021-12-13";"electricity";1026.49;76.5
4678;7;"2024-02-05";"gas";198.73;24.59
4679;53;"2022-03-17";"electricity";848.01;76.96
4680;69;"2022-06-14";"gas";938.79;59.32
4681;1;"2022-07-16";"electricity";582.03;64.7
4682;83;"2023-03-31";"electricity";588.19;67.05
4683;27;"2022-05-26";"gas";496.64;53.17
4684;90;"2022-01-11";"electricity";82.84;9.91
4685;75;"2023-04-04";"gas";727.38;64.78
4686;81;"2022-07-10";"electricity";181.76;24.77
4687;49;"2024-04-01";"electricity";1263.84;92.33
4688;23;"2021-12-31";"electricity";323.56;40.32
4689;71;"2022-04-11";"gas";281.35;38.99
4690;33;"2022-08-10";"electricity";726.9;38.25
4691;78;"2023-12-25";"electricity";49.1;7.28
4692;27;"2021-11-28";"gas";210.97;28.0
4693;16;"2022-02-01";"gas";1712.68;96.5
4694;81;"2021-09-29";"electricity";752.93;93.65
4695;13;"2022-01-04";"electricity";362.9;46.23
4696;92;"2022-09-18";"gas";351.21;28.62
4697;21;"2024-05-05";"electricity";899.0;92.07
4698;73;"2021-12-10";"gas";408.99;71.36
4699;21;"2021-07-17";"gas";207.19;27.78
4700;39;"2022-04-27";"gas";277.72;49.5
4701;74;"2022-05-29";"electricity";152.15;18.89
4702;44;"2023-02-14";"gas";417.27;56.19
4703;36;"2021-12-29";"gas";1404.33;89.04
4704;17;"2024-01-17";"gas";888.9;76.96
4705;46;"2022-09-29";"gas";889.23;84.51
4706;19;"2022-06-26";"gas";608.57;55.71
4707;48;"2023-04-06";"electricity";848.62;49.52
4708;17;"2024-01-13";"electricity";208.32;30.12
4709;83;"2021-07-10";"gas";122.91;15.31
4710;16;"2021-09-19";"gas";1342.48;67.24
4711;78;"2022-04-08";"electricity";140.21;18.03
4712;43;"2021-11-06";"gas";208.12;24.55
4713;6;"2023-04-25";"gas";1508.21;134.34
4714;60;"2023-03-15";"gas";474.83;53.66
4715;15;"2023-03-22";"electricity";110.07;15.88
4716;95;"2023-02-17";"electricity";1144.74;76.01
4717;28;"2023-04-12";"gas";868.45;78.87
4718;37;"2023-08-26";"gas";1620.73;126.0
4719;16;"2021-07-29";"electricity";638.45;35.29
4720;12;"2023-03-12";"gas";901.07;110.81
4721;2;"2022-12-14";"electricity";318.97;44.86
4722;94;"2022-05-22";"gas";423.59;46.39
4723;90;"2024-03-15";"electricity";410.89;61.26
4724;17;"2021-06-11";"gas";216.2;17.38
4725;5;"2021-07-23";"electricity";834.38;65.99
4726;13;"2023-07-03";"electricity";487.69;69.37
4727;18;"2023-01-08";"electricity";751.13;50.75
4728;37;"2023-10-21";"electricity";1217.25;118.64
4729;88;"2022-11-12";"gas";514.43;73.58
4730;85;"2021-08-31";"electricity";803.68;90.33
4731;26;"2022-04-29";"gas";663.41;48.84
4732;39;"2024-05-18";"gas";78.32;8.17
4733;13;"2023-07-20";"electricity";184.68;22.3
4734;86;"2022-04-19";"gas";1772.16;150.28
4735;58;"2023-08-01";"electricity";417.55;82.27
4736;33;"2021-12-18";"gas";1569.81;135.46
4737;56;"2022-01-03";"electricity";232.21;35.73
4738;83;"2024-03-23";"electricity";337.77;32.69
4739;5;"2024-05-01";"gas";852.6;72.57
4740;44;"2022-05-27";"gas";476.88;88.77
4741;74;"2021-10-11";"gas";370.0;53.64
4742;18;"2021-08-12";"gas";1557.71;121.77
4743;64;"2022-10-17";"gas";160.99;31.3
4744;6;"2021-10-16";"gas";1734.41;123.85
4745;17;"2024-03-08";"electricity";876.69;107.54
4746;77;"2023-06-07";"gas";1405.23;122.44
4747;19;"2021-06-01";"gas";464.37;54.44
4748;29;"2022-03-21";"electricity";1798.16;167.75
4749;40;"2022-08-26";"electricity";393.46;72.01
4750;27;"2021-08-25";"electricity";79.24;12.27
4751;96;"2023-10-19";"electricity";692.99;58.79
4752;26;"2022-09-10";"gas";869.24;83.86
4753;35;"2022-12-09";"gas";742.97;49.0
4754;99;"2023-02-23";"gas";593.27;86.67
4755;85;"2023-11-02";"gas";899.32;75.17
4756;97;"2022-11-29";"gas";737.8;46.8
4757;70;"2024-04-08";"gas";399.55;55.06
4758;24;"2023-09-13";"electricity";1283.05;64.59
4759;5;"2021-11-27";"gas";1526.86;96.3
4760;81;"2022-03-07";"gas";844.98;88.57
4761;40;"2023-05-04";"electricity";224.34;25.96
4762;66;"2022-03-29";"gas";487.04;86.15
4763;54;"2023-06-24";"gas";288.68;44.66
4764;43;"2021-06-20";"electricity";176.93;23.5
4765;62;"2024-04-15";"gas";607.12;63.84
4766;1;"2022-09-15";"gas";733.63;86.24
4767;44;"2023-08-17";"electricity";200.12;35.06
4768;90;"2021-07-21";"electricity";310.57;38.63
4769;7;"2024-03-22";"gas";326.55;61.74
4770;7;"2022-04-30";"gas";282.74;54.38
4771;58;"2022-05-05";"gas";356.21;68.5
4772;25;"2022-08-19";"gas";838.47;113.7
4773;99;"2024-01-16";"electricity";600.63;62.57
4774;41;"2023-12-15";"gas";1272.93;118.33
4775;23;"2023-07-28";"electricity";949.04;77.39
4776;96;"2024-01-29";"gas";635.44;37.37
4777;8;"2023-04-22";"electricity";1164.24;94.06
4778;18;"2021-11-16";"electricity";798.62;43.86
4779;8;"2022-02-25";"gas";1417.49;126.52
4780;41;"2022-02-26";"gas";1194.97;60.45
4781;24;"2024-05-20";"gas";674.8;35.87
4782;100;"2021-11-01";"electricity";335.41;58.33
4783;75;"2021-12-17";"electricity";997.95;131.35
4784;29;"2024-03-31";"gas";967.0;66.74
4785;41;"2021-12-27";"electricity";1557.27;113.07
4786;22;"2022-09-15";"gas";864.13;95.5
4787;15;"2022-02-07";"electricity";503.41;75.09
4788;45;"2022-03-11";"electricity";1154.35;91.37
4789;72;"2023-04-21";"electricity";416.45;78.15
4790;37;"2022-12-31";"gas";1136.67;65.84
4791;55;"2023-06-04";"gas";419.81;80.45
4792;21;"2023-01-10";"electricity";221.22;24.82
4793;57;"2023-11-09";"electricity";573.86;54.38
4794;41;"2021-12-05";"gas";713.02;70.33
4795;32;"2021-12-29";"electricity";729.56;73.25
4796;36;"2024-05-04";"electricity";579.13;57.73
4797;93;"2023-04-19";"gas";567.01;29.99
4798;65;"2024-01-02";"gas";1832.62;182.97
4799;21;"2023-06-23";"gas";485.89;72.73
4800;67;"2022-06-29";"electricity";155.11;22.85
4801;18;"2022-01-16";"electricity";1689.41;121.7
4802;3;"2022-09-13";"gas";235.02;31.21
4803;10;"2021-06-04";"gas";466.81;87.96
4804;41;"2023-11-22";"gas";777.84;75.72
4805;56;"2022-10-05";"gas";469.67;85.94
4806;52;"2022-04-24";"gas";1257.79;78.71
4807;89;"2023-03-31";"electricity";1692.57;148.9
4808;85;"2023-07-14";"electricity";133.95;11.95
4809;99;"2023-03-11";"gas";510.71;73.33
4810;47;"2022-08-24";"gas";516.54;76.26
4811;22;"2023-04-17";"gas";607.58;81.69
4812;73;"2022-06-25";"gas";39.3;5.65
4813;66;"2023-11-03";"gas";438.02;76.97
4814;7;"2022-05-05";"gas";411.74;59.25
4815;9;"2023-08-18";"gas";555.86;49.25
4816;47;"2024-01-13";"gas";903.95;87.9
4817;26;"2022-08-04";"electricity";533.93;51.57
4818;16;"2022-02-10";"gas";534.86;34.33
4819;49;"2023-08-23";"gas";1877.65;130.38
4820;4;"2021-12-16";"electricity";837.96;86.75
4821;8;"2023-02-13";"electricity";1604.52;112.67
4822;86;"2023-06-26";"electricity";772.92;66.16
4823;66;"2024-01-13";"gas";222.4;38.17
4824;90;"2023-06-21";"gas";455.02;57.08
4825;72;"2021-06-06";"gas";417.14;64.51
4826;96;"2022-04-14";"gas";615.63;61.13
4827;100;"2023-12-27";"gas";73.9;11.2
4828;88;"2021-07-17";"gas";801.87;105.52
4829;15;"2021-10-20";"electricity";188.75;28.22
4830;87;"2023-09-29";"gas";164.75;21.59
4831;9;"2022-03-28";"electricity";697.53;63.59
4832;65;"2021-09-14";"electricity";1267.86;100.74
4833;62;"2021-07-08";"electricity";332.67;27.35
4834;19;"2023-05-05";"electricity";122.39;11.82
4835;34;"2023-07-30";"electricity";697.67;92.64
4836;69;"2023-07-15";"electricity";1675.38;97.66
4837;54;"2021-12-21";"gas";90.44;16.32
4838;3;"2022-10-09";"gas";171.02;29.37
4839;29;"2023-08-19";"gas";734.46;71.36
4840;69;"2022-05-10";"electricity";1888.2;175.21
4841;31;"2022-12-02";"gas";457.33;61.11
4842;87;"2022-09-24";"gas";339.96;35.06
4843;59;"2024-04-29";"gas";889.32;77.9
4844;76;"2023-01-28";"electricity";345.46;46.66
4845;17;"2023-01-19";"gas";381.37;43.46
4846;83;"2022-12-13";"electricity";270.36;31.15
4847;61;"2023-02-20";"electricity";225.46;32.85
4848;29;"2024-02-09";"electricity";1800.82;112.95
4849;51;"2021-12-04";"electricity";1706.14;97.6
4850;83;"2021-12-01";"electricity";140.89;16.86
4851;71;"2022-03-25";"electricity";102.84;8.42
4852;19;"2021-10-21";"electricity";384.21;51.74
4853;35;"2023-02-12";"electricity";924.23;90.04
4854;30;"2023-06-05";"electricity";581.02;66.47
4855;62;"2024-01-19";"electricity";379.68;30.48
4856;13;"2023-02-27";"gas";313.23;59.82
4857;56;"2021-10-02";"electricity";185.08;27.95
4858;16;"2023-06-09";"electricity";501.16;44.36
4859;84;"2023-04-14";"electricity";342.43;42.18
4860;62;"2021-12-12";"electricity";752.87;68.5
4861;19;"2021-09-24";"electricity";805.5;77.28
4862;77;"2024-05-08";"gas";1959.8;190.66
4863;32;"2021-08-10";"electricity";257.98;29.33
4864;32;"2022-10-07";"gas";984.38;86.03
4865;54;"2023-08-16";"gas";303.84;59.52
4866;11;"2022-08-09";"gas";155.92;18.06
4867;92;"2022-10-24";"electricity";781.27;63.91
4868;24;"2021-08-28";"electricity";1567.67;155.88
4869;96;"2023-08-06";"electricity";1493.18;117.36
4870;87;"2021-05-29";"electricity";146.5;28.63
4871;82;"2022-12-29";"gas";238.29;26.28
4872;67;"2022-09-17";"electricity";349.56;34.53
4873;100;"2022-07-19";"electricity";374.37;68.86
4874;5;"2024-02-12";"gas";837.28;71.1
4875;93;"2024-04-09";"electricity";1659.59;120.22
4876;46;"2023-03-13";"electricity";1784.36;89.8
4877;85;"2024-05-14";"gas";799.52;97.14
4878;45;"2022-02-26";"gas";534.71;51.42
4879;97;"2021-12-31";"gas";1651.12;107.11
4880;4;"2022-06-25";"electricity";139.35;14.43
4881;80;"2023-03-19";"electricity";770.19;42.65
4882;74;"2023-03-02";"gas";67.94;7.71
4883;3;"2023-11-28";"electricity";24.61;3.29
4884;10;"2022-04-29";"electricity";239.99;31.72
4885;85;"2022-06-15";"gas";786.76;114.88
4886;83;"2023-03-08";"gas";859.64;70.26
4887;59;"2022-01-03";"electricity";1366.69;95.09
4888;53;"2023-10-05";"gas";725.13;80.62
4889;7;"2022-11-01";"gas";322.25;48.56
4890;63;"2023-11-04";"electricity";902.2;126.34
4891;49;"2024-02-22";"gas";883.11;79.71
4892;27;"2022-04-08";"electricity";216.58;40.16
4893;5;"2022-01-31";"gas";1226.67;76.83
4894;53;"2023-03-23";"gas";117.82;9.51
4895;15;"2022-04-26";"electricity";991.61;128.2
4896;99;"2022-10-02";"gas";283.16;41.25
4897;41;"2023-03-30";"electricity";1794.5;164.12
4898;4;"2023-12-06";"electricity";372.54;34.89
4899;88;"2022-01-03";"gas";676.51;65.48
4900;11;"2021-12-23";"gas";406.02;70.23
4901;100;"2023-07-06";"gas";177.96;22.38
4902;29;"2021-07-24";"gas";1021.4;64.67
4903;69;"2024-04-05";"electricity";1154.73;90.54
4904;89;"2022-08-11";"gas";876.73;52.48
4905;98;"2022-08-25";"gas";297.79;38.44
4906;95;"2022-04-19";"electricity";917.38;89.39
4907;32;"2023-07-28";"gas";635.21;58.34
4908;47;"2023-06-24";"electricity";814.4;107.36
4909;95;"2022-06-13";"gas";683.91;37.06
4910;77;"2022-02-17";"gas";706.33;38.89
4911;48;"2023-04-08";"gas";1711.86;146.29
4912;45;"2022-03-08";"gas";1390.79;111.69
4913;8;"2023-12-27";"gas";569.79;31.09
4914;27;"2021-11-10";"gas";108.06;19.41
4915;41;"2023-06-03";"gas";1128.99;89.21
4916;95;"2022-08-18";"electricity";1911.99;99.12
4917;33;"2022-02-09";"gas";1155.72;110.87
4918;37;"2023-01-23";"gas";647.31;41.74
4919;80;"2023-12-15";"gas";1478.53;76.05
4920;96;"2023-09-16";"gas";1219.08;63.08
4921;12;"2024-05-04";"gas";360.74;36.72
4922;37;"2021-06-22";"electricity";1369.83;99.95
4923;46;"2021-08-19";"electricity";1137.17;69.75
4924;32;"2023-01-29";"electricity";455.33;43.97
4925;30;"2023-04-10";"electricity";526.55;68.3
4926;72;"2022-09-07";"gas";31.54;4.87
4927;73;"2023-03-08";"electricity";490.85;57.38
4928;72;"2022-10-17";"gas";277.69;54.59
4929;93;"2024-05-23";"electricity";561.44;50.26
4930;83;"2023-07-31";"gas";119.35;15.87
4931;40;"2022-06-10";"electricity";61.76;6.79
4932;81;"2024-03-24";"gas";870.58;95.13
4933;49;"2022-06-07";"electricity";936.73;57.92
4934;88;"2023-04-20";"electricity";102.86;12.78
4935;29;"2024-04-21";"electricity";1532.1;77.42
4936;12;"2024-02-27";"gas";736.93;70.4
4937;64;"2023-02-12";"electricity";170.49;20.27
4938;52;"2022-04-03";"electricity";1071.44;85.29
4939;63;"2021-07-30";"gas";136.02;19.67
4940;77;"2024-01-23";"electricity";878.17;47.19
4941;87;"2022-12-12";"electricity";180.27;27.31
4942;92;"2023-01-06";"gas";464.99;44.66
4943;14;"2024-05-24";"electricity";457.77;68.62
4944;45;"2024-03-17";"electricity";1146.41;75.48
4945;81;"2022-09-03";"gas";191.73;17.63
4946;5;"2024-03-21";"gas";1508.05;134.7
4947;50;"2022-10-30";"electricity";292.65;53.22
4948;28;"2023-08-14";"gas";1116.76;59.83
4949;53;"2023-04-24";"electricity";274.94;38.15
4950;48;"2022-08-02";"electricity";1434.01;123.42
4951;77;"2021-09-21";"electricity";1850.81;177.24
4952;57;"2021-06-06";"gas";1792.82;124.28
4953;40;"2022-03-22";"electricity";354.52;62.01
4954;47;"2022-01-03";"gas";874.76;98.16
4955;27;"2022-04-19";"gas";433.5;64.58
4956;31;"2021-11-02";"electricity";565.35;79.13
4957;80;"2023-03-16";"gas";601.28;59.0
4958;44;"2022-08-11";"electricity";26.91;3.87
4959;71;"2022-10-29";"gas";349.26;44.58
4960;96;"2023-04-01";"gas";640.97;36.27
4961;45;"2024-02-09";"electricity";1281.82;100.39
4962;73;"2021-12-17";"gas";485.61;72.42
4963;42;"2022-02-28";"gas";1025.64;79.42
4964;73;"2023-11-16";"gas";177.54;26.77
4965;84;"2023-05-03";"gas";509.48;69.63
4966;88;"2022-06-01";"gas";286.71;23.21
4967;98;"2024-04-13";"electricity";357.86;48.28
4968;18;"2024-02-19";"gas";975.08;77.22
4969;54;"2022-01-14";"electricity";457.46;60.15
4970;79;"2021-07-17";"electricity";290.65;36.35
4971;44;"2022-12-18";"electricity";373.73;55.27
4972;43;"2023-08-24";"gas";860.69;123.21
4973;12;"2022-10-13";"electricity";795.98;71.99
4974;74;"2021-11-24";"gas";306.45;41.82
4975;10;"2022-04-29";"electricity";217.25;31.38
4976;81;"2024-03-01";"gas";335.88;38.01
4977;70;"2021-06-15";"electricity";261.87;36.03
4978;44;"2024-03-03";"gas";389.72;59.49
4979;38;"2023-01-25";"gas";371.59;41.73
4980;11;"2023-03-15";"gas";115.21;16.96
4981;98;"2022-11-30";"electricity";347.59;65.1
4982;16;"2021-06-03";"electricity";857.68;84.32
4983;23;"2023-07-13";"electricity";734.81;78.65
4984;75;"2021-11-02";"gas";908.3;76.33
4985;26;"2024-05-25";"electricity";1552.01;108.1
4986;29;"2023-02-01";"electricity";1175.96;84.22
4987;63;"2023-05-06";"electricity";754.72;80.16
4988;31;"2022-04-20";"electricity";365.14;30.09
4989;95;"2022-06-22";"gas";1712.85;103.25
4990;5;"2022-11-16";"electricity";1537.45;146.17
4991;78;"2024-01-26";"electricity";261.71;47.99
4992;31;"2022-01-28";"electricity";317.83;28.45
4993;88;"2021-08-15";"gas";643.17;66.96
4994;54;"2024-03-11";"gas";242.04;38.65
4995;31;"2021-10-13";"electricity";684.85;67.96
4996;19;"2023-09-24";"electricity";137.17;15.07
4997;74;"2022-05-30";"gas";39.6;6.69
4998;82;"2024-05-06";"electricity";357.41;69.48
4999;58;"2023-07-25";"electricity";47.51;8.59
5000;34;"2024-04-12";"electricity";555.17;55.2
5001;29;"2023-05-30";"gas";1296.09;109.23
5002;95;"2023-01-30";"electricity";564.78;42.19
5003;24;"2024-05-06";"electricity";1915.3;105.16
5004;52;"2023-12-09";"electricity";1122.62;93.47
5005;37;"2024-02-23";"gas";1263.03;106.43
5006;27;"2024-02-05";"electricity";55.44;7.26
5007;82;"2022-06-04";"gas";182.55;23.72
5008;69;"2023-10-15";"electricity";1724.47;91.5
5009;86;"2022-12-09";"electricity";762.65;54.08
5010;59;"2023-12-11";"electricity";1881.83;175.13
5011;73;"2023-03-11";"gas";491.79;95.78
5012;42;"2024-04-05";"electricity";1802.15;170.58
5013;30;"2023-10-15";"gas";544.95;77.42
5014;17;"2023-07-25";"electricity";823.19;111.06
5015;38;"2021-07-12";"gas";197.14;26.79
5016;25;"2023-03-19";"electricity";254.95;27.35
5017;53;"2021-09-01";"gas";438.58;45.25
5018;55;"2022-01-14";"electricity";24.37;3.56
5019;84;"2024-02-13";"electricity";557.49;51.09
5020;100;"2023-06-04";"gas";467.53;83.61
5021;66;"2022-10-04";"electricity";440.54;74.7
5022;17;"2022-01-11";"gas";871.99;70.02
5023;6;"2022-08-04";"electricity";1939.09;124.23
5024;47;"2023-03-24";"electricity";976.55;139.02
5025;35;"2021-11-11";"electricity";1332.16;100.56
5026;44;"2022-05-18";"electricity";45.28;7.05
5027;32;"2022-11-27";"gas";348.64;48.14
5028;50;"2021-08-19";"electricity";481.28;69.43
5029;18;"2024-04-01";"gas";973.29;61.69
5030;76;"2022-06-16";"electricity";939.16;119.78
5031;33;"2023-05-19";"gas";1056.6;91.17
5032;79;"2021-06-03";"gas";439.05;47.4
5033;93;"2021-09-01";"gas";729.2;55.01
5034;63;"2023-08-19";"gas";984.93;94.27
5035;43;"2022-08-15";"electricity";693.5;72.56
5036;92;"2023-04-25";"electricity";601.29;50.17
5037;89;"2022-12-01";"gas";1114.35;73.49
5038;43;"2022-08-12";"electricity";682.92;78.87
5039;31;"2021-07-25";"gas";928.97;80.47
5040;12;"2023-09-24";"electricity";320.94;38.75
5041;58;"2023-11-28";"gas";23.54;3.97
5042;78;"2022-08-19";"electricity";347.1;56.85
5043;56;"2022-07-29";"electricity";218.04;35.87
5044;31;"2024-03-07";"gas";846.03;99.87
5045;68;"2022-10-01";"electricity";1649.57;134.99
5046;91;"2021-06-16";"gas";1396.95;122.3
5047;2;"2023-07-01";"electricity";998.14;125.96
5048;3;"2022-11-07";"gas";215.18;25.67
5049;2;"2023-04-06";"electricity";508.06;64.17
5050;23;"2021-07-20";"gas";890.18;88.64
5051;58;"2023-12-16";"gas";485.0;53.33
5052;57;"2023-09-25";"gas";891.9;78.76
5053;47;"2024-05-26";"gas";154.19;12.36
5054;74;"2024-04-18";"gas";93.66;14.64
5055;84;"2023-07-09";"electricity";911.51;86.19
5056;95;"2022-01-28";"electricity";909.55;89.85
5057;73;"2021-10-01";"electricity";247.52;40.92
5058;79;"2023-02-05";"gas";479.72;87.19
5059;29;"2022-11-14";"electricity";1164.74;102.59
5060;7;"2024-05-01";"electricity";112.64;12.1
5061;53;"2023-04-16";"gas";489.38;67.14
5062;59;"2022-11-22";"electricity";1663.04;132.24
5063;86;"2022-10-10";"electricity";1330.25;86.11
5064;32;"2024-02-25";"gas";931.6;101.71
5065;35;"2022-10-23";"gas";897.81;83.62
5066;69;"2021-09-18";"gas";673.22;42.25
5067;7;"2023-04-13";"electricity";306.67;58.66
5068;16;"2021-11-07";"gas";1103.75;79.84
5069;60;"2023-07-11";"electricity";194.17;28.87
5070;98;"2024-04-18";"electricity";53.93;8.5
5071;19;"2024-01-14";"gas";342.18;39.49
5072;49;"2023-06-11";"electricity";801.9;47.45
5073;67;"2024-05-23";"gas";518.14;51.89
5074;48;"2023-01-09";"gas";666.1;63.85
5075;9;"2022-05-28";"gas";943.19;111.74
5076;53;"2023-08-30";"gas";910.76;133.05
5077;16;"2023-11-10";"gas";1703.22;124.58
5078;52;"2022-05-15";"electricity";1670.26;147.19
5079;50;"2021-10-31";"gas";228.36;31.96
5080;32;"2021-06-21";"electricity";650.47;90.5
5081;43;"2021-06-19";"electricity";700.22;81.84
5082;60;"2022-06-14";"electricity";317.15;44.45
5083;43;"2023-12-28";"gas";869.93;124.47
5084;95;"2022-09-16";"electricity";532.75;48.57
5085;40;"2021-06-01";"electricity";21.13;2.69
5086;41;"2023-01-08";"electricity";930.47;55.05
5087;20;"2023-08-15";"gas";1252.24;76.78
5088;52;"2023-02-18";"gas";1690.63;111.0
5089;7;"2021-12-16";"gas";151.67;20.61
5090;25;"2022-10-05";"electricity";352.79;45.52
5091;24;"2022-05-02";"gas";1340.03;130.32
5092;29;"2023-11-29";"electricity";1903.22;139.07
5093;34;"2021-12-17";"electricity";392.3;39.86
5094;9;"2023-05-21";"electricity";809.92;70.87
5095;78;"2023-09-08";"gas";341.0;39.09
5096;18;"2021-11-12";"electricity";1892.21;134.59
5097;77;"2023-04-28";"gas";547.43;31.11
5098;62;"2021-07-11";"electricity";488.96;44.51
5099;92;"2021-08-13";"electricity";253.91;22.91
5100;90;"2024-01-30";"gas";76.12;11.39
5101;67;"2024-03-15";"gas";290.88;40.36
5102;12;"2021-06-25";"electricity";134.37;17.9
5103;79;"2021-09-28";"gas";88.83;15.59
5104;63;"2022-06-20";"electricity";200.21;28.1
5105;62;"2023-05-15";"gas";667.6;79.47
5106;96;"2021-11-12";"electricity";1055.8;94.87
5107;24;"2022-08-13";"gas";1054.42;69.96
5108;12;"2024-04-30";"gas";893.24;125.93
5109;35;"2021-12-20";"electricity";598.77;46.43
5110;36;"2022-06-19";"gas";1016.13;66.07
5111;96;"2023-05-21";"gas";1908.77;147.33
5112;3;"2022-11-27";"electricity";200.92;27.7
5113;85;"2021-12-05";"gas";166.05;20.39
5114;2;"2024-02-04";"electricity";773.18;68.26
5115;95;"2022-03-19";"gas";1455.71;94.03
5116;35;"2023-09-05";"gas";1029.67;57.25
5117;12;"2022-06-08";"gas";451.4;65.7
5118;82;"2021-07-13";"electricity";158.23;30.15
5119;56;"2023-08-26";"gas";488.9;62.06
5120;31;"2021-11-27";"gas";635.1;54.19
5121;13;"2021-06-02";"gas";295.87;41.28
5122;90;"2021-06-11";"gas";424.51;73.31
5123;95;"2023-09-10";"gas";1836.49;157.6
5124;2;"2021-06-06";"electricity";533.63;63.38
5125;67;"2022-04-22";"electricity";957.02;124.67
5126;80;"2023-10-27";"electricity";1333.43;83.02
5127;49;"2022-05-05";"electricity";1758.82;98.71
5128;96;"2022-07-07";"electricity";1827.23;115.11
5129;9;"2023-01-08";"gas";677.57;58.99
5130;58;"2023-11-19";"gas";436.88;85.41
5131;23;"2023-06-04";"gas";183.76;21.62
5132;54;"2022-09-09";"electricity";355.57;41.02
5133;46;"2021-06-17";"gas";1203.11;78.39
5134;78;"2021-10-08";"electricity";192.59;30.15
5135;70;"2024-05-02";"electricity";649.11;67.49
5136;70;"2023-03-03";"electricity";746.1;94.79
5137;32;"2022-09-12";"electricity";748.08;106.0
5138;65;"2022-04-08";"electricity";1446.1;91.82
5139;82;"2023-08-07";"electricity";497.7;71.66
5140;2;"2022-07-20";"electricity";383.03;54.0
5141;35;"2022-11-06";"electricity";1576.78;109.55
5142;51;"2022-01-05";"gas";597.45;34.31
5143;28;"2022-10-18";"gas";698.68;54.7
5144;13;"2024-04-17";"gas";82.32;14.72
5145;65;"2021-06-07";"electricity";1508.14;150.45
5146;57;"2023-07-10";"gas";1186.5;61.02
5147;1;"2023-07-29";"electricity";603.89;65.7
5148;27;"2024-04-22";"gas";13.14;1.71
5149;39;"2024-04-21";"electricity";176.28;34.44
5150;67;"2024-01-01";"gas";626.7;80.67
5151;12;"2023-04-13";"electricity";357.99;33.12
5152;58;"2021-12-28";"electricity";207.56;39.21
5153;97;"2021-06-30";"gas";1801.37;99.52
5154;64;"2023-02-11";"gas";52.73;9.32
5155;57;"2023-05-25";"electricity";1674.71;152.44
5156;15;"2023-03-21";"gas";891.75;121.07
5157;65;"2023-01-03";"gas";1351.71;85.02
5158;28;"2024-05-19";"gas";1357.62;71.25
5159;38;"2023-11-30";"electricity";266.48;52.71
5160;97;"2023-05-06";"gas";1740.42;123.27
5161;71;"2021-09-12";"electricity";601.91;70.75
5162;88;"2023-08-01";"electricity";191.82;21.48
5163;78;"2023-05-26";"gas";212.24;29.33
5164;45;"2023-11-15";"electricity";1547.57;127.92
5165;53;"2023-11-01";"electricity";586.61;63.95
5166;15;"2021-10-14";"gas";824.45;102.78
5167;61;"2023-12-16";"gas";404.12;55.12
5168;99;"2022-07-15";"gas";288.44;41.25
5169;20;"2022-04-13";"electricity";626.66;56.62
5170;61;"2024-01-29";"electricity";855.99;123.53
5171;23;"2022-09-20";"gas";833.55;91.34
5172;26;"2023-01-01";"gas";1756.79;163.92
5173;92;"2022-08-11";"electricity";113.1;11.27
5174;19;"2023-09-04";"gas";253.22;26.48
5175;87;"2021-11-25";"gas";431.25;43.64
5176;33;"2021-10-21";"electricity";1769.77;143.92
5177;41;"2024-02-08";"electricity";1848.49;125.69
5178;85;"2023-11-10";"gas";103.15;10.3
5179;59;"2022-08-22";"electricity";750.41;39.88
5180;79;"2023-04-05";"gas";63.77;10.02
5181;20;"2024-05-26";"gas";1862.51;149.85
5182;38;"2022-12-27";"gas";191.37;37.19
5183;18;"2022-05-21";"electricity";939.73;75.22
5184;69;"2022-07-23";"gas";798.4;40.54
5185;8;"2022-08-15";"electricity";1003.8;55.55
5186;40;"2022-01-16";"gas";369.33;64.77
5187;88;"2021-07-22";"gas";687.43;59.16
5188;55;"2023-02-17";"gas";71.53;11.8
5189;37;"2023-10-11";"gas";1696.0;156.04
5190;79;"2023-08-17";"electricity";443.86;84.45
5191;2;"2022-02-01";"gas";444.12;51.43
5192;81;"2022-05-14";"electricity";692.53;59.59
5193;97;"2021-11-17";"gas";768.44;39.44
5194;72;"2023-08-02";"electricity";216.47;38.74
5195;9;"2021-10-20";"gas";505.57;45.71
5196;16;"2023-01-09";"gas";871.96;81.03
5197;71;"2023-06-13";"gas";335.99;27.9
5198;33;"2023-05-27";"electricity";1349.09;82.54
5199;33;"2022-01-17";"gas";638.48;58.11
5200;35;"2024-03-29";"gas";1067.19;89.52
5201;90;"2021-07-02";"gas";221.79;39.96
5202;47;"2022-04-04";"electricity";623.94;73.07
5203;32;"2022-01-15";"electricity";909.99;115.79
5204;34;"2021-11-04";"gas";620.7;80.14
5205;78;"2024-01-11";"electricity";297.68;37.82
5206;87;"2022-07-08";"electricity";99.21;12.96
5207;42;"2024-03-12";"gas";918.92;82.35
5208;53;"2023-05-21";"electricity";347.11;43.11
5209;78;"2021-11-03";"electricity";145.51;16.37
5210;13;"2022-10-15";"electricity";488.99;91.73
5211;87;"2021-07-31";"gas";233.01;35.01
5212;14;"2023-08-27";"electricity";494.25;89.26
5213;97;"2022-08-13";"gas";790.88;45.82
5214;91;"2022-04-17";"electricity";1859.21;139.42
5215;20;"2022-06-06";"gas";554.03;54.52
5216;48;"2022-04-30";"gas";1287.63;124.39
5217;19;"2023-01-16";"electricity";132.32;16.01
5218;80;"2023-01-08";"electricity";619.62;51.27
5219;25;"2023-03-19";"gas";757.89;100.27
5220;64;"2023-11-16";"electricity";374.46;56.09
5221;58;"2023-11-15";"gas";281.91;46.95
5222;26;"2023-07-13";"gas";1306.21;125.28
5223;13;"2021-07-13";"gas";168.41;26.44
5224;49;"2022-11-24";"electricity";1581.58;145.71
5225;63;"2024-05-20";"electricity";643.09;68.42
5226;25;"2021-11-18";"electricity";355.02;37.08
5227;94;"2021-09-24";"gas";858.62;108.56
5228;6;"2023-09-13";"gas";824.23;48.88
5229;20;"2023-06-30";"gas";1239.41;113.84
5230;79;"2023-03-22";"gas";35.33;6.29
5231;73;"2024-01-09";"gas";89.44;12.62
5232;15;"2021-11-22";"gas";609.7;89.22
5233;43;"2021-09-07";"electricity";823.31;114.16
5234;73;"2021-09-01";"gas";415.29;52.88
5235;59;"2023-07-29";"gas";1219.71;109.82
5236;67;"2023-01-15";"electricity";880.45;85.51
5237;31;"2023-05-12";"electricity";695.74;57.54
5238;90;"2023-07-07";"gas";485.64;88.55
5239;62;"2023-11-09";"electricity";209.8;19.56
5240;3;"2022-11-02";"electricity";289.12;43.51
5241;92;"2021-11-28";"electricity";535.67;61.32
5242;4;"2022-05-31";"gas";713.99;104.37
5243;57;"2024-04-25";"electricity";695.67;69.37
5244;39;"2021-10-31";"gas";412.62;51.36
5245;5;"2023-07-21";"electricity";1497.12;111.02
5246;63;"2022-08-26";"electricity";786.12;109.56
5247;64;"2024-03-30";"gas";373.54;38.99
5248;10;"2022-05-08";"electricity";375.67;69.95
5249;84;"2023-09-16";"electricity";452.69;62.03
5250;95;"2023-03-14";"electricity";1126.17;72.69
5251;45;"2021-09-20";"electricity";588.28;30.72
5252;30;"2024-04-29";"gas";858.39;93.33
5253;52;"2022-09-02";"electricity";1415.68;72.61
5254;85;"2022-03-28";"electricity";725.37;64.03
5255;25;"2023-02-05";"gas";868.17;99.84
5256;15;"2023-02-04";"gas";476.69;42.01
5257;74;"2022-01-25";"electricity";189.81;20.66
5258;23;"2023-12-18";"gas";245.49;36.66
5259;2;"2024-02-29";"gas";530.52;52.33
5260;60;"2022-11-30";"electricity";284.53;36.95
5261;30;"2021-10-01";"electricity";879.12;106.45
5262;11;"2021-07-23";"gas";431.55;53.47
5263;79;"2024-05-28";"electricity";146.57;24.68
5264;87;"2022-07-07";"gas";423.18;68.26
5265;41;"2022-04-04";"electricity";972.45;78.03
5266;69;"2023-04-23";"gas";911.25;71.94
5267;6;"2021-07-27";"electricity";729.55;39.92
5268;50;"2022-10-11";"electricity";260.8;30.77
5269;78;"2023-12-07";"gas";251.86;28.77
5270;13;"2022-05-12";"electricity";381.37;41.71
5271;5;"2022-09-26";"electricity";1091.37;95.05
5272;45;"2022-10-15";"electricity";625.63;37.63
5273;12;"2022-09-23";"gas";268.9;39.07
5274;62;"2021-09-08";"gas";879.62;92.31
5275;6;"2023-09-13";"gas";676.49;61.65
5276;80;"2021-11-15";"gas";1668.27;103.79
5277;32;"2023-02-20";"gas";878.03;79.34
5278;26;"2022-04-18";"gas";935.23;71.45
5279;33;"2022-02-19";"electricity";994.65;80.65
5280;47;"2023-12-01";"electricity";410.6;46.09
5281;69;"2023-04-19";"electricity";885.06;67.93
5282;14;"2023-02-11";"gas";454.98;86.09
5283;62;"2023-06-03";"electricity";874.44;89.28
5284;48;"2023-03-18";"gas";699.52;63.02
5285;34;"2022-08-23";"electricity";547.2;60.67
5286;93;"2024-03-09";"gas";1418.5;121.24
5287;57;"2021-06-18";"gas";1336.2;123.03
5288;11;"2023-09-29";"electricity";237.14;47.13
5289;62;"2021-12-08";"electricity";363.9;49.52
5290;19;"2022-12-20";"electricity";275.79;36.88
5291;10;"2023-09-05";"electricity";408.35;62.14
5292;93;"2022-09-27";"gas";1099.34;95.19
5293;91;"2021-10-15";"electricity";1836.18;118.52
5294;14;"2024-02-28";"electricity";26.87;3.23
5295;55;"2023-08-19";"gas";134.7;24.71
5296;36;"2022-08-11";"gas";1682.41;125.93
5297;25;"2021-06-03";"electricity";422.62;56.5
5298;15;"2023-04-24";"electricity";858.46;78.71
5299;40;"2021-08-22";"gas";41.98;6.24
5300;10;"2022-11-27";"electricity";372.83;55.19
5301;50;"2021-10-04";"electricity";159.69;25.89
5302;71;"2024-04-11";"gas";483.5;67.96
5303;81;"2023-06-25";"gas";677.23;99.12
5304;16;"2024-05-10";"gas";744.45;38.22
5305;74;"2024-04-25";"electricity";100.3;16.2
5306;3;"2022-02-04";"gas";365.92;70.7
5307;8;"2021-10-15";"gas";1894.33;172.35
5308;45;"2023-10-29";"gas";680.41;40.27
5309;11;"2023-10-17";"gas";418.05;49.81
5310;21;"2023-02-09";"electricity";416.24;38.1
5311;61;"2023-04-22";"gas";946.89;87.6
5312;36;"2022-06-19";"electricity";1848.6;138.33
5313;41;"2022-08-30";"gas";891.66;57.84
5314;25;"2021-06-22";"electricity";772.39;98.6
5315;70;"2023-08-24";"gas";495.46;54.12
5316;19;"2024-04-30";"gas";562.18;66.49
5317;78;"2022-09-27";"electricity";419.32;64.04
5318;100;"2022-12-10";"electricity";77.13;14.13
5319;96;"2024-04-28";"gas";1383.77;84.86
5320;12;"2021-12-14";"electricity";730.1;73.95
5321;76;"2022-08-27";"electricity";881.51;102.71
5322;36;"2023-02-12";"electricity";1450.35;107.35
5323;1;"2024-03-28";"gas";801.58;118.52
5324;51;"2022-03-16";"electricity";1691.28;88.03
5325;87;"2022-07-07";"electricity";463.03;79.28
5326;24;"2023-05-20";"gas";1136.81;91.45
5327;12;"2022-12-14";"electricity";465.63;56.33
5328;95;"2024-04-30";"gas";957.77;73.03
5329;73;"2022-02-02";"electricity";475.88;66.3
5330;28;"2022-12-13";"electricity";1756.75;140.5
5331;25;"2021-07-26";"gas";204.51;28.41
5332;84;"2021-11-16";"electricity";691.62;91.14
5333;8;"2022-04-26";"electricity";1071.67;74.69
5334;55;"2022-01-04";"electricity";282.31;29.67
5335;32;"2023-01-27";"electricity";723.83;91.99
5336;87;"2021-08-29";"gas";255.03;26.43
5337;70;"2023-07-05";"gas";136.8;14.87
5338;21;"2021-10-12";"gas";647.52;78.21
5339;5;"2021-10-17";"electricity";1876.43;148.65
5340;32;"2023-05-04";"gas";597.32;86.22
5341;90;"2022-02-04";"gas";309.34;52.17
5342;19;"2023-01-04";"electricity";607.08;61.31
5343;36;"2021-09-13";"electricity";1072.67;81.46
5344;79;"2024-05-01";"gas";183.38;18.93
5345;6;"2022-01-11";"electricity";804.13;80.19
5346;87;"2022-05-13";"gas";364.01;65.89
5347;6;"2022-06-05";"gas";1542.81;112.21
5348;33;"2023-01-30";"electricity";1618.63;106.97
5349;2;"2023-08-27";"gas";912.04;127.07
5350;35;"2022-08-25";"electricity";1395.75;70.17
5351;8;"2022-03-29";"electricity";510.29;38.17
5352;5;"2022-02-27";"gas";1551.39;105.6
5353;66;"2022-09-25";"electricity";199.8;30.37
5354;46;"2021-06-01";"electricity";1947.11;109.39
5355;39;"2024-02-04";"gas";74.71;10.4
5356;84;"2023-12-16";"electricity";163.06;20.68
5357;45;"2023-03-07";"electricity";1646.59;128.02
5358;15;"2022-12-17";"electricity";305.31;36.83
5359;35;"2023-10-22";"electricity";948.74;66.08
5360;70;"2021-07-04";"electricity";617.94;77.41
5361;73;"2022-12-27";"gas";195.99;30.95
5362;25;"2021-07-05";"gas";248.25;31.9
5363;35;"2022-04-26";"gas";896.27;69.3
5364;41;"2024-05-10";"electricity";1378.4;135.41
5365;85;"2022-06-15";"gas";941.68;115.07
5366;38;"2024-05-05";"gas";416.89;79.87
5367;50;"2021-10-31";"electricity";135.79;22.56
5368;22;"2022-06-02";"electricity";469.19;54.88
5369;16;"2023-03-29";"electricity";1744.58;96.68
5370;73;"2023-01-30";"electricity";483.04;56.31
5371;78;"2021-07-13";"electricity";270.11;27.03
5372;54;"2021-06-17";"gas";150.23;28.03
5373;64;"2021-09-25";"electricity";474.51;82.06
5374;100;"2023-04-23";"gas";43.61;4.68
5375;27;"2023-12-09";"gas";348.85;63.31
5376;92;"2021-09-16";"gas";735.17;84.79
5377;30;"2023-05-21";"gas";955.29;106.77
5378;31;"2024-04-03";"electricity";466.44;41.93
5379;30;"2021-07-30";"gas";450.36;43.67
5380;68;"2023-04-07";"electricity";1021.52;90.55
5381;43;"2023-12-09";"electricity";483.74;39.23
5382;5;"2023-04-15";"gas";814.72;60.01
5383;46;"2021-06-06";"electricity";1764.5;109.17
5384;26;"2023-06-08";"gas";1325.3;74.36
5385;90;"2023-10-09";"gas";36.35;5.96
5386;94;"2023-04-02";"electricity";707.54;90.87
5387;22;"2023-12-12";"electricity";408.75;59.6
5388;79;"2022-04-18";"electricity";61.52;9.89
5389;53;"2023-05-07";"electricity";662.64;93.08
5390;99;"2022-03-18";"gas";977.04;143.66
5391;76;"2022-11-02";"electricity";913.8;105.9
5392;18;"2022-09-04";"gas";1098.04;91.6
5393;76;"2023-11-10";"gas";137.0;12.28
5394;11;"2021-11-05";"gas";154.8;26.32
5395;57;"2022-07-26";"gas";906.6;84.62
5396;89;"2024-05-10";"electricity";1103.81;105.49
5397;83;"2022-08-27";"gas";728.46;72.18
5398;89;"2023-11-23";"gas";1236.98;73.69
5399;81;"2023-11-06";"gas";974.88;79.02
5400;34;"2021-06-03";"gas";813.89;75.05
5401;81;"2023-10-07";"electricity";599.33;64.05
5402;6;"2023-11-03";"electricity";706.91;42.83
5403;68;"2024-03-08";"electricity";929.04;72.88
5404;42;"2024-03-31";"gas";1162.55;92.2
5405;93;"2022-04-26";"gas";1538.9;87.37
5406;91;"2022-03-04";"electricity";1654.71;91.81
5407;100;"2021-07-25";"electricity";458.96;59.2
5408;100;"2024-03-08";"gas";167.35;17.37
5409;98;"2022-06-19";"gas";302.41;33.26
5410;13;"2023-09-23";"electricity";140.28;17.17
5411;47;"2022-03-09";"gas";326.95;48.63
5412;83;"2022-07-20";"electricity";846.87;104.52
5413;97;"2022-10-18";"gas";1493.0;100.13
5414;10;"2021-09-13";"gas";173.97;30.98
5415;72;"2023-11-02";"gas";187.68;21.85
5416;57;"2022-07-10";"gas";1744.23;155.94
5417;88;"2023-09-11";"electricity";787.76;83.89
5418;9;"2023-08-10";"gas";441.07;44.99
5419;60;"2023-03-07";"gas";80.67;12.99
5420;80;"2021-08-02";"gas";1682.52;115.79
5421;38;"2024-03-03";"gas";340.33;57.08
5422;97;"2023-12-01";"electricity";1893.43;159.99
5423;21;"2023-06-17";"electricity";544.95;48.05
5424;60;"2023-02-20";"electricity";102.01;11.13
5425;16;"2021-12-08";"gas";545.39;44.48
5426;97;"2021-07-21";"gas";1388.61;100.19
5427;27;"2021-10-12";"electricity";98.7;11.85
5428;38;"2022-11-08";"electricity";306.93;48.4
5429;25;"2021-11-26";"gas";862.15;123.97
5430;81;"2023-09-27";"gas";320.66;47.92
5431;41;"2022-02-22";"electricity";1974.64;132.42
5432;88;"2022-11-29";"electricity";657.59;58.12
5433;62;"2021-06-13";"gas";144.52;16.42
5434;72;"2023-11-19";"gas";261.69;26.43
5435;31;"2022-03-03";"gas";898.07;83.49
5436;46;"2021-11-19";"electricity";839.8;58.48
5437;100;"2023-06-12";"gas";314.78;47.08
5438;51;"2022-11-16";"electricity";1455.39;80.81
5439;11;"2022-01-31";"electricity";346.42;67.65
5440;39;"2022-04-18";"gas";478.95;85.4
5441;57;"2022-03-08";"electricity";1684.37;102.25
5442;97;"2022-06-06";"gas";1555.8;136.51
5443;18;"2023-12-21";"gas";1492.71;112.33
5444;41;"2023-12-09";"electricity";1672.71;95.98
5445;92;"2023-02-21";"gas";337.84;31.68
5446;99;"2024-02-09";"gas";283.96;25.97
5447;61;"2024-01-12";"gas";941.53;128.29
5448;15;"2023-02-04";"electricity";746.91;62.9
5449;19;"2022-03-04";"gas";115.38;11.46
5450;47;"2021-12-08";"gas";339.13;39.04
5451;11;"2021-12-06";"gas";62.03;6.63
5452;76;"2024-01-20";"electricity";710.77;90.35
5453;10;"2021-07-29";"gas";389.05;43.93
5454;97;"2023-08-05";"electricity";1339.6;124.03
5455;72;"2023-12-15";"gas";42.85;6.2
5456;48;"2024-04-10";"electricity";1420.46;90.07
5457;78;"2023-10-11";"gas";267.33;32.83
5458;86;"2023-05-22";"gas";803.34;68.63
5459;100;"2023-09-08";"gas";73.97;10.92
5460;97;"2021-09-01";"gas";1500.54;90.59
5461;32;"2023-06-28";"gas";348.43;50.28
5462;30;"2023-07-22";"electricity";833.69;92.64
5463;32;"2024-03-03";"electricity";771.95;87.63
5464;91;"2023-10-15";"electricity";538.93;48.71
5465;53;"2022-05-18";"gas";193.44;20.6
5466;90;"2021-10-30";"gas";29.58;4.35
5467;20;"2022-08-05";"gas";1038.94;86.62
5468;65;"2024-04-28";"electricity";768.81;64.12
5469;42;"2022-03-08";"electricity";1664.04;111.89
5470;6;"2021-10-05";"electricity";1992.35;176.1
5471;34;"2022-01-30";"electricity";921.39;86.59
5472;52;"2022-06-06";"gas";1956.75;115.91
5473;56;"2023-11-16";"gas";265.67;28.83
5474;72;"2023-09-26";"electricity";247.84;43.71
5475;1;"2022-11-15";"electricity";705.76;87.87
5476;7;"2023-10-05";"electricity";199.29;36.22
5477;16;"2023-06-26";"gas";969.13;50.56
5478;53;"2022-12-14";"electricity";622.27;85.1
5479;52;"2021-11-20";"electricity";916.26;81.97
5480;18;"2022-02-14";"electricity";1676.97;111.15
5481;66;"2021-06-10";"gas";495.01;63.59
5482;28;"2021-09-18";"electricity";944.04;58.27
5483;48;"2021-08-28";"electricity";1172.98;90.86
5484;40;"2024-02-04";"gas";156.06;22.38
5485;39;"2024-03-29";"electricity";206.1;31.88
5486;44;"2021-06-10";"gas";35.62;4.17
5487;41;"2023-02-09";"electricity";831.96;78.64
5488;37;"2021-06-18";"electricity";1850.75;182.56
5489;63;"2023-05-22";"electricity";957.73;113.51
5490;98;"2022-02-22";"electricity";343.45;60.5
5491;46;"2021-12-29";"electricity";1943.21;124.2
5492;96;"2023-12-04";"gas";1910.24;157.19
5493;80;"2024-01-16";"electricity";1154.31;69.48
5494;73;"2021-10-06";"gas";79.96;13.88
5495;4;"2023-06-02";"gas";498.83;74.09
5496;94;"2021-11-01";"gas";626.92;57.87
5497;6;"2023-08-22";"gas";1780.01;92.17
5498;61;"2023-08-16";"electricity";802.59;76.12
5499;55;"2022-06-22";"electricity";498.06;80.77
5500;51;"2023-07-21";"electricity";1005.17;52.7
5501;97;"2023-09-09";"electricity";1907.08;190.35
5502;10;"2021-09-11";"electricity";184.46;25.11
5503;3;"2022-12-19";"gas";494.77;65.0
5504;69;"2024-05-21";"gas";1237.71;109.06
5505;41;"2024-02-06";"electricity";730.32;59.37
5506;77;"2023-06-08";"electricity";1253.46;95.37
5507;56;"2022-09-10";"gas";84.65;14.9
5508;30;"2023-08-23";"gas";393.66;37.57
5509;1;"2022-02-14";"gas";424.16;38.4
5510;24;"2022-06-09";"electricity";1733.07;151.19
5511;32;"2023-10-06";"gas";503.27;50.3
5512;59;"2022-06-10";"electricity";1008.44;83.42
5513;98;"2021-12-01";"electricity";170.98;33.11
5514;62;"2023-05-03";"electricity";593.48;59.68
5515;23;"2022-11-07";"gas";108.74;14.49
5516;92;"2023-04-29";"electricity";696.75;85.05
5517;92;"2023-03-06";"electricity";270.88;34.01
5518;36;"2024-02-08";"electricity";757.31;58.36
5519;52;"2023-01-22";"gas";1188.55;116.7
5520;20;"2022-11-08";"gas";898.66;87.59
5521;81;"2023-06-20";"gas";918.08;127.69
5522;11;"2022-06-02";"electricity";42.81;8.48
5523;92;"2024-01-30";"gas";449.42;44.28
5524;23;"2023-02-14";"gas";449.31;56.28
5525;34;"2022-03-04";"gas";309.38;45.2
5526;26;"2022-10-09";"electricity";1334.13;127.04
5527;50;"2022-09-13";"electricity";423.65;54.83
5528;11;"2022-01-30";"electricity";141.02;20.15
5529;42;"2023-01-07";"gas";628.17;56.13
5530;15;"2023-11-27";"gas";246.29;26.03
5531;31;"2024-05-07";"gas";478.42;54.52
5532;17;"2023-03-06";"electricity";240.55;27.19
5533;47;"2023-03-10";"electricity";181.38;19.03
5534;47;"2023-01-21";"electricity";773.43;77.37
5535;37;"2024-02-08";"gas";612.12;48.81
5536;33;"2021-07-12";"electricity";1231.67;115.66
5537;72;"2023-01-17";"gas";143.9;16.46
5538;62;"2022-09-07";"electricity";126.86;16.52
5539;28;"2024-05-12";"gas";686.0;67.99
5540;70;"2022-11-12";"gas";410.87;55.15
5541;52;"2024-01-25";"electricity";1467.18;135.36
5542;28;"2023-03-02";"gas";1908.59;187.24
5543;35;"2022-11-03";"gas";1796.75;141.05
5544;97;"2021-11-29";"electricity";1415.92;92.31
5545;23;"2023-01-12";"electricity";577.17;52.57
5546;86;"2022-12-12";"electricity";1003.12;69.65
5547;54;"2024-04-12";"gas";243.44;36.89
5548;52;"2023-11-30";"gas";517.81;43.43
5549;3;"2023-02-25";"gas";359.02;44.14
5550;85;"2023-08-24";"gas";992.21;148.17
5551;91;"2022-09-21";"gas";863.77;52.1
5552;100;"2023-07-17";"electricity";96.99;10.86
5553;18;"2023-09-19";"electricity";574.53;56.05
5554;28;"2021-09-05";"electricity";762.18;70.7
5555;38;"2022-09-09";"gas";259.64;35.91
5556;67;"2024-05-21";"gas";188.01;27.38
5557;55;"2024-01-22";"gas";370.67;52.03
5558;50;"2023-03-09";"electricity";72.99;9.28
5559;54;"2023-06-09";"gas";120.08;22.28
5560;56;"2022-07-19";"gas";269.17;43.32
5561;58;"2024-02-19";"gas";336.57;41.25
5562;84;"2021-10-08";"gas";740.37;108.15
5563;25;"2022-10-30";"gas";921.58;128.89
5564;28;"2024-01-24";"gas";772.44;71.8
5565;23;"2022-10-25";"electricity";810.85;65.34
5566;29;"2022-03-19";"electricity";703.09;47.06
5567;44;"2021-09-16";"gas";191.53;27.0
5568;17;"2022-05-08";"electricity";930.64;113.05
5569;72;"2023-04-27";"electricity";130.57;18.66
5570;82;"2024-03-26";"gas";214.2;27.52
5571;11;"2021-11-21";"electricity";343.99;51.15
5572;3;"2023-05-15";"electricity";275.63;35.59
5573;5;"2021-09-23";"gas";1830.46;115.38
5574;37;"2023-10-02";"electricity";1600.85;140.22
5575;60;"2021-09-16";"electricity";65.53;9.69
5576;12;"2022-06-25";"electricity";860.16;98.13
5577;91;"2022-07-14";"gas";1077.63;59.49
5578;89;"2022-03-24";"gas";1095.36;105.64
5579;40;"2022-09-02";"gas";99.2;11.2
5580;65;"2021-08-23";"electricity";1970.6;110.48
5581;79;"2023-05-05";"electricity";389.85;52.37
5582;54;"2022-12-02";"gas";288.04;39.22
5583;39;"2021-11-19";"electricity";282.91;52.86
5584;85;"2022-06-16";"electricity";938.2;137.23
5585;6;"2021-12-28";"electricity";1207.89;76.7
5586;34;"2024-05-10";"electricity";866.72;118.56
5587;33;"2022-08-10";"electricity";1605.59;93.52
5588;26;"2024-04-03";"electricity";1558.33;78.49
5589;65;"2023-01-26";"electricity";1453.72;107.49
5590;38;"2022-07-24";"gas";253.5;36.35
5591;43;"2022-11-07";"gas";260.36;33.69
5592;65;"2023-10-16";"gas";1967.81;134.2
5593;7;"2023-10-25";"electricity";335.92;43.07
5594;37;"2022-03-05";"electricity";890.94;84.11
5595;71;"2024-03-10";"electricity";195.08;21.43
5596;70;"2022-04-04";"gas";914.02;100.32
5597;87;"2024-01-21";"electricity";448.93;79.25
5598;81;"2023-11-11";"electricity";726.23;105.91
5599;54;"2022-04-15";"gas";241.13;39.86
5600;86;"2021-12-23";"electricity";1692.76;102.82
5601;55;"2024-02-14";"electricity";414.93;64.53
5602;4;"2022-08-15";"electricity";488.6;57.61
5603;27;"2022-04-08";"gas";425.56;71.48
5604;74;"2023-09-30";"electricity";360.58;42.63
5605;91;"2022-08-20";"electricity";1286.37;110.31
5606;83;"2022-08-30";"electricity";686.88;99.88
5607;6;"2023-09-28";"gas";646.62;52.62
5608;56;"2021-12-15";"electricity";25.28;2.98
5609;34;"2022-03-02";"electricity";374.97;39.06
5610;62;"2023-05-01";"electricity";306.62;42.89
5611;26;"2023-05-08";"gas";1225.24;68.99
5612;9;"2021-07-09";"gas";261.61;34.01
5613;78;"2021-09-27";"gas";389.23;41.35
5614;35;"2023-11-20";"gas";1247.88;73.37
5615;43;"2023-05-10";"electricity";195.79;16.38
5616;83;"2022-11-11";"gas";451.67;66.21
5617;86;"2022-05-22";"electricity";1975.08;187.49
5618;3;"2022-05-08";"gas";346.97;39.5
5619;100;"2021-06-26";"electricity";204.61;36.67
5620;28;"2022-01-24";"gas";1007.46;78.75
5621;92;"2024-04-10";"electricity";285.43;30.93
5622;60;"2021-09-11";"gas";267.05;38.56
5623;74;"2023-11-18";"gas";173.54;18.66
5624;46;"2021-08-09";"electricity";851.38;53.3
5625;8;"2024-01-23";"electricity";967.41;72.59
5626;54;"2021-12-06";"electricity";493.78;98.18
5627;48;"2021-07-10";"electricity";909.62;53.05
5628;84;"2022-10-06";"electricity";925.8;131.25
5629;95;"2023-04-02";"gas";600.43;53.05
5630;56;"2024-02-18";"gas";282.18;29.05
5631;22;"2023-10-19";"gas";480.19;47.53
5632;71;"2022-05-07";"gas";274.22;28.71
5633;43;"2022-01-27";"electricity";735.38;84.45
5634;99;"2022-02-13";"gas";225.12;32.73
5635;82;"2021-12-11";"electricity";485.28;89.62
5636;45;"2021-11-26";"gas";613.63;40.44
5637;63;"2023-08-25";"electricity";564.25;45.68
5638;58;"2022-02-18";"electricity";25.04;2.7
5639;22;"2023-07-20";"electricity";849.01;99.7
5640;34;"2023-02-01";"electricity";916.35;136.28
5641;82;"2024-03-14";"gas";190.79;35.25
5642;70;"2023-04-24";"electricity";682.26;57.25
5643;77;"2023-04-04";"gas";564.73;32.61
5644;73;"2021-07-15";"electricity";383.63;49.0
5645;72;"2022-09-10";"gas";89.99;14.75
5646;7;"2022-01-30";"electricity";454.59;68.39
5647;8;"2023-06-28";"gas";1278.81;93.25
5648;98;"2023-08-16";"electricity";303.23;34.29
5649;86;"2024-04-13";"gas";1757.17;109.07
5650;62;"2024-02-27";"electricity";384.52;52.9
5651;96;"2023-09-16";"gas";1725.7;157.19
5652;37;"2022-04-26";"electricity";1662.88;100.51
5653;86;"2023-08-15";"gas";1634.03;101.59
5654;55;"2023-09-10";"electricity";29.11;3.46
5655;48;"2023-01-01";"gas";1248.15;73.07
5656;2;"2022-01-03";"electricity";767.07;76.35
5657;86;"2022-06-04";"electricity";1137.16;98.63
5658;63;"2023-08-31";"gas";526.03;58.61
5659;31;"2022-06-28";"electricity";389.11;38.51
5660;82;"2022-10-02";"gas";283.53;52.63
5661;14;"2023-06-07";"gas";180.13;28.62
5662;22;"2022-02-22";"gas";666.45;56.21
5663;79;"2022-01-07";"electricity";476.03;56.84
5664;40;"2022-02-07";"gas";438.87;54.85
5665;100;"2023-04-04";"electricity";438.55;49.53
5666;33;"2021-06-30";"gas";593.2;44.52
5667;36;"2023-02-01";"gas";1739.65;89.65
5668;15;"2023-03-01";"gas";161.88;22.18
5669;26;"2021-07-16";"gas";1763.54;158.55
5670;24;"2023-05-15";"gas";1518.65;77.89
5671;74;"2021-07-31";"electricity";126.46;19.45
5672;47;"2021-10-26";"electricity";382.79;46.76
5673;92;"2022-09-24";"gas";666.4;74.22
5674;92;"2022-12-09";"electricity";990.72;81.67
5675;33;"2022-05-15";"gas";993.99;95.6
5676;14;"2023-11-23";"gas";171.25;32.43
5677;3;"2022-03-09";"gas";336.21;44.62
5678;81;"2023-04-12";"electricity";833.9;68.6
5679;54;"2023-07-28";"electricity";240.03;46.27
5680;84;"2023-12-13";"gas";721.15;70.46
5681;59;"2021-08-05";"electricity";669.08;41.86
5682;66;"2022-08-09";"gas";483.72;58.75
5683;74;"2023-02-19";"gas";333.56;46.29
5684;8;"2023-09-15";"gas";997.57;74.55
5685;4;"2021-08-28";"electricity";337.16;31.69
5686;88;"2022-09-15";"gas";500.5;48.22
5687;86;"2021-09-03";"electricity";688.24;61.72
5688;13;"2022-01-10";"gas";106.04;17.81
5689;21;"2023-02-09";"gas";104.54;9.11
5690;2;"2024-03-19";"gas";572.62;60.37
5691;36;"2023-04-15";"electricity";1413.15;108.32
5692;46;"2021-09-20";"gas";1466.78;73.43
5693;74;"2023-12-17";"gas";265.03;38.81
5694;50;"2022-01-04";"electricity";19.94;2.74
5695;37;"2022-09-17";"electricity";859.72;78.27
5696;99;"2023-01-15";"electricity";724.72;73.29
5697;92;"2021-06-25";"electricity";735.85;107.74
5698;86;"2023-12-30";"gas";997.96;51.24
5699;55;"2023-10-29";"gas";190.18;28.83
5700;98;"2022-06-25";"electricity";85.79;9.55
5701;99;"2022-06-22";"gas";894.29;114.15
5702;2;"2022-10-07";"gas";605.69;49.97
5703;76;"2023-09-09";"electricity";521.86;49.26
5704;33;"2023-12-14";"electricity";1872.13;166.09
5705;60;"2023-11-28";"gas";70.66;11.52
5706;63;"2023-04-09";"electricity";737.31;67.91
5707;17;"2021-12-12";"electricity";621.4;66.48
5708;70;"2021-12-08";"gas";862.43;116.42
5709;54;"2023-12-26";"gas";271.27;54.01
5710;49;"2021-07-30";"electricity";1082.37;108.12
5711;70;"2022-07-03";"gas";654.28;63.37
5712;25;"2021-10-24";"gas";907.69;133.04
5713;86;"2024-03-25";"electricity";1701.72;106.6
5714;15;"2022-05-15";"electricity";111.15;16.36
5715;51;"2022-07-15";"gas";1571.23;126.44
5716;66;"2022-07-21";"electricity";222.67;26.89
5717;52;"2024-04-04";"gas";1933.34;188.29
5718;86;"2023-09-18";"electricity";942.71;79.52
5719;20;"2022-12-04";"gas";941.69;56.07
5720;58;"2022-01-03";"electricity";224.04;27.05
5721;74;"2022-02-02";"gas";121.17;17.86
5722;8;"2024-03-06";"electricity";677.12;59.16
5723;31;"2021-08-31";"gas";980.3;83.55
5724;81;"2023-04-29";"electricity";321.1;31.83
5725;86;"2023-09-02";"electricity";1992.2;104.93
5726;41;"2021-07-30";"electricity";1395.75;103.71
5727;96;"2021-09-18";"electricity";1514.59;94.53
5728;87;"2023-08-28";"gas";103.64;14.11
5729;8;"2023-08-06";"gas";987.92;72.68
5730;19;"2021-11-26";"gas";579.31;72.77
5731;98;"2021-07-04";"electricity";218.38;25.16
5732;53;"2021-09-28";"gas";834.51;90.66
5733;16;"2021-10-10";"electricity";815.75;77.69
5734;79;"2021-10-11";"electricity";167.87;30.48
5735;93;"2022-11-13";"electricity";1409.28;130.85
5736;81;"2022-11-29";"gas";197.54;23.64
5737;39;"2023-09-18";"electricity";458.97;58.26
5738;29;"2022-09-19";"electricity";943.57;50.36
5739;20;"2024-04-10";"gas";1417.77;121.08
5740;26;"2023-03-17";"gas";1253.75;111.09
5741;19;"2023-05-03";"electricity";336.45;48.96
5742;75;"2024-01-26";"gas";603.68;52.04
5743;6;"2024-03-19";"electricity";971.45;86.09
5744;71;"2022-07-24";"gas";730.54;82.31
5745;71;"2021-06-24";"electricity";195.77;20.54
5746;6;"2022-03-20";"electricity";1655.32;152.04
5747;81;"2023-09-07";"gas";794.46;106.39
5748;100;"2022-12-24";"gas";172.39;31.09
5749;91;"2022-06-23";"electricity";1211.54;95.43
5750;46;"2022-11-16";"electricity";776.07;68.15
5751;97;"2022-04-05";"electricity";686.21;47.71
5752;25;"2021-12-20";"gas";332.35;37.01
5753;84;"2024-03-10";"gas";968.0;119.67
5754;74;"2023-02-23";"gas";425.29;70.45
5755;9;"2021-07-25";"electricity";717.49;95.0
5756;47;"2022-04-04";"gas";719.55;96.06
5757;16;"2022-04-09";"electricity";655.83;63.35
5758;3;"2022-07-06";"gas";126.65;14.03
5759;49;"2022-01-03";"gas";938.7;71.67
5760;26;"2022-04-24";"electricity";1091.2;64.75
5761;24;"2023-07-25";"electricity";1032.52;89.25
5762;44;"2024-01-02";"gas";56.58;9.66
5763;51;"2023-09-21";"electricity";1533.29;103.98
5764;38;"2021-11-04";"electricity";260.68;31.02
5765;39;"2023-01-07";"electricity";284.6;44.9
5766;100;"2023-11-06";"gas";163.66;22.67
5767;1;"2022-02-25";"electricity";654.41;61.17
5768;1;"2023-02-24";"gas";129.36;11.19
5769;21;"2024-03-25";"electricity";329.61;42.92
5770;60;"2023-08-31";"gas";260.78;47.45
5771;40;"2021-10-18";"gas";248.51;45.66
5772;44;"2021-08-04";"gas";35.76;5.39
5773;77;"2024-03-04";"gas";1305.7;118.35
5774;36;"2024-02-17";"gas";1494.58;90.39
5775;21;"2023-08-17";"electricity";490.19;40.94
5776;48;"2022-06-06";"electricity";1177.73;78.92
5777;38;"2024-02-10";"electricity";191.43;32.07
5778;47;"2023-09-25";"gas";522.57;67.02
5779;33;"2023-04-13";"electricity";1392.63;131.18
5780;9;"2023-06-26";"gas";580.07;65.02
5781;84;"2024-03-08";"electricity";484.77;53.22
5782;74;"2023-07-31";"electricity";160.92;16.99
5783;19;"2023-01-19";"electricity";461.67;55.82
5784;42;"2024-04-12";"gas";1438.84;95.1
5785;18;"2023-06-22";"gas";1549.51;148.7
5786;48;"2021-09-08";"electricity";1377.18;109.46
5787;2;"2022-04-05";"electricity";851.21;105.64
5788;58;"2023-06-19";"electricity";269.92;32.18
5789;66;"2023-12-25";"gas";398.72;45.05
5790;80;"2023-04-18";"gas";1863.71;133.15
5791;39;"2023-11-17";"electricity";82.07;8.29
5792;36;"2022-10-18";"electricity";621.56;39.62
5793;85;"2022-12-29";"gas";146.22;14.39
5794;24;"2021-09-27";"electricity";820.44;55.82
5795;82;"2022-04-28";"gas";467.74;56.48
5796;46;"2023-06-23";"electricity";1112.74;71.25
5797;68;"2023-07-23";"gas";624.68;44.0
5798;52;"2022-09-21";"electricity";738.86;69.24
5799;92;"2022-01-26";"gas";284.21;38.63
5800;88;"2021-10-03";"electricity";821.07;114.89
5801;80;"2022-12-09";"gas";1774.91;168.2
5802;90;"2023-09-20";"gas";372.37;44.38
5803;72;"2023-04-23";"electricity";64.55;12.31
5804;8;"2022-02-12";"gas";787.62;47.03
5805;8;"2023-04-17";"gas";915.63;85.68
5806;3;"2024-01-09";"electricity";445.0;75.76
5807;93;"2024-03-18";"electricity";716.99;36.1
5808;25;"2023-03-01";"electricity";183.87;27.21
5809;39;"2022-11-20";"gas";89.6;17.76
5810;37;"2021-11-07";"electricity";842.72;64.21
5811;46;"2022-02-10";"gas";1939.58;176.74
5812;66;"2021-08-24";"gas";302.71;42.66
5813;14;"2021-10-28";"electricity";136.08;22.04
5814;31;"2023-04-30";"electricity";571.8;84.04
5815;63;"2023-12-23";"electricity";424.32;36.9
5816;61;"2023-05-07";"electricity";729.22;63.16
5817;39;"2023-10-17";"gas";493.4;55.04
5818;98;"2024-02-19";"gas";347.76;69.15
5819;91;"2023-07-01";"gas";1251.02;87.94
5820;14;"2023-05-24";"electricity";183.06;21.12
5821;68;"2021-10-21";"electricity";1958.98;106.23
5822;60;"2023-10-16";"electricity";381.21;43.63
5823;68;"2021-10-16";"gas";526.82;34.43
5824;4;"2022-05-04";"electricity";230.64;21.63
5825;28;"2023-02-13";"electricity";710.83;70.35
5826;76;"2022-11-05";"electricity";854.93;126.94
5827;21;"2024-02-05";"gas";353.63;41.66
5828;67;"2023-05-10";"electricity";545.94;72.44
5829;96;"2022-06-24";"electricity";1922.99;152.07
5830;24;"2021-07-13";"electricity";747.33;55.53
5831;4;"2023-07-06";"electricity";345.58;37.81
5832;16;"2022-06-10";"electricity";966.02;76.26
5833;68;"2021-12-26";"gas";894.24;88.86
5834;16;"2023-05-06";"electricity";1041.46;69.82
5835;68;"2023-12-01";"gas";661.78;43.08
5836;91;"2024-05-10";"electricity";998.22;69.27
5837;95;"2022-08-09";"electricity";1991.78;185.02
5838;64;"2024-01-12";"gas";387.72;66.78
5839;89;"2022-01-21";"electricity";1564.19;108.01
5840;4;"2022-08-26";"gas";248.45;32.38
5841;23;"2021-08-08";"electricity";931.88;111.96
5842;5;"2023-03-02";"electricity";1810.38;90.89
5843;11;"2022-01-06";"gas";285.03;37.64
5844;51;"2024-02-19";"electricity";1075.58;107.18
5845;98;"2023-01-15";"gas";266.29;35.22
5846;52;"2022-08-13";"gas";987.42;91.19
5847;86;"2023-05-11";"gas";1639.24;115.59
5848;36;"2021-10-06";"electricity";893.35;80.15
5849;68;"2024-01-07";"electricity";1343.14;116.52
5850;79;"2023-12-25";"electricity";105.16;16.43
5851;24;"2024-02-01";"gas";756.18;64.64
5852;14;"2023-10-13";"electricity";417.9;68.73
5853;24;"2023-12-24";"electricity";924.43;84.57
5854;57;"2021-07-26";"electricity";1352.35;94.2
5855;44;"2021-08-27";"electricity";212.67;36.77
5856;96;"2022-04-23";"gas";1854.67;108.95
5857;27;"2021-08-28";"electricity";315.72;39.07
5858;15;"2023-09-26";"gas";344.35;34.15
5859;40;"2021-09-23";"electricity";140.88;22.12
5860;97;"2021-09-10";"gas";1263.86;120.98
5861;59;"2022-12-29";"electricity";584.34;52.97
5862;68;"2022-07-16";"gas";1807.56;138.24
5863;23;"2021-08-22";"electricity";949.76;140.53
5864;100;"2022-05-25";"electricity";242.01;29.14
5865;31;"2022-10-26";"electricity";591.57;62.4
5866;49;"2023-11-16";"electricity";1126.32;68.97
5867;32;"2024-01-26";"electricity";474.44;44.72
5868;24;"2023-04-27";"electricity";741.53;52.84
5869;81;"2023-06-26";"electricity";918.58;96.59
5870;15;"2023-05-23";"electricity";829.4;114.51
5871;28;"2023-06-28";"electricity";616.68;57.55
5872;9;"2021-12-04";"electricity";393.58;42.19
5873;68;"2022-01-14";"gas";1095.1;71.62
5874;25;"2021-07-18";"gas";987.1;126.08
5875;31;"2023-03-22";"gas";218.0;25.0
5876;80;"2022-05-23";"gas";550.15;43.81
5877;95;"2022-12-20";"gas";1842.96;123.09
5878;54;"2022-10-22";"electricity";233.12;44.11
5879;14;"2022-02-04";"electricity";271.6;31.92
5880;94;"2023-01-15";"gas";709.02;81.71
5881;29;"2022-02-27";"electricity";1803.43;101.35
5882;19;"2023-04-21";"gas";567.95;71.18
5883;95;"2024-02-10";"gas";597.67;57.23
5884;44;"2021-08-04";"gas";280.69;30.57
5885;72;"2023-03-25";"gas";18.83;3.14
5886;100;"2022-09-04";"gas";473.18;53.15
5887;77;"2023-05-27";"gas";1805.01;176.24
5888;17;"2023-10-25";"gas";856.96;110.62
5889;86;"2024-05-06";"gas";1934.25;140.8
5890;55;"2023-12-05";"electricity";119.38;18.48
5891;52;"2022-06-23";"electricity";1552.11;89.04
5892;58;"2022-10-25";"gas";433.16;52.79
5893;19;"2023-07-24";"electricity";577.21;57.35
5894;92;"2023-03-22";"gas";573.0;49.39
5895;68;"2023-09-17";"gas";1363.74;120.1
5896;66;"2022-04-16";"gas";278.63;32.49
5897;34;"2024-05-04";"electricity";953.03;122.97
5898;90;"2022-12-31";"electricity";311.83;45.03
5899;34;"2021-10-21";"gas";431.13;54.37
5900;32;"2021-09-16";"gas";684.39;68.07
5901;18;"2024-03-25";"gas";1396.99;103.97
5902;84;"2022-01-05";"electricity";621.79;59.68
5903;11;"2023-03-14";"gas";193.48;25.46
5904;76;"2022-05-09";"electricity";364.72;31.49
5905;98;"2023-12-13";"gas";169.39;18.1
5906;25;"2022-08-30";"gas";590.72;51.29
5907;23;"2023-06-28";"gas";731.27;100.92
5908;35;"2022-03-28";"electricity";1867.23;146.41
5909;23;"2021-11-11";"gas";469.87;44.7
5910;12;"2023-03-17";"gas";796.04;64.79
5911;42;"2021-09-23";"electricity";571.26;39.63
5912;39;"2023-10-07";"electricity";440.8;54.16
5913;84;"2022-03-28";"gas";830.68;124.16
5914;28;"2021-10-29";"gas";1705.33;107.78
5915;11;"2023-01-29";"electricity";409.18;78.93
5916;10;"2023-01-26";"gas";366.88;52.11
5917;70;"2022-05-04";"gas";756.5;63.01
5918;94;"2023-11-08";"electricity";398.12;50.68
5919;36;"2024-03-23";"gas";1363.68;121.29
5920;65;"2021-10-09";"electricity";515.64;44.88
5921;83;"2021-12-31";"electricity";309.34;42.18
5922;46;"2021-05-31";"gas";1383.86;91.47
5923;98;"2022-12-03";"gas";274.54;53.09
5924;67;"2023-02-20";"electricity";915.68;96.77
5925;66;"2023-03-12";"gas";406.02;56.06
5926;69;"2021-07-11";"electricity";1559.59;139.55
5927;89;"2022-10-08";"electricity";1223.55;64.06
5928;75;"2023-08-10";"electricity";617.49;71.13
5929;8;"2023-06-14";"gas";712.51;63.25
5930;57;"2021-08-26";"gas";1888.88;137.79
5931;11;"2021-07-05";"gas";318.13;40.93
5932;11;"2022-04-20";"gas";344.59;47.28
5933;67;"2022-02-16";"electricity";449.65;61.98
5934;19;"2022-08-06";"electricity";747.21;90.55
5935;51;"2022-11-11";"electricity";985.77;67.48
5936;69;"2022-04-09";"gas";664.14;46.79
5937;56;"2022-05-21";"electricity";486.71;56.87
5938;10;"2022-06-15";"electricity";333.0;39.83
5939;10;"2023-07-15";"gas";189.66;34.66
5940;29;"2022-06-05";"electricity";1405.68;130.85
5941;21;"2021-11-11";"gas";283.73;30.24
5942;55;"2021-12-06";"gas";176.02;26.73
5943;11;"2022-05-28";"electricity";166.24;32.48
5944;6;"2024-03-20";"electricity";1044.25;73.93
5945;34;"2021-06-01";"electricity";310.77;43.94
5946;64;"2024-01-14";"gas";305.28;36.47
5947;52;"2022-11-08";"gas";1474.66;74.45
5948;10;"2023-05-20";"electricity";381.92;38.54
5949;33;"2022-02-05";"electricity";1687.82;130.58
5950;89;"2022-10-02";"gas";1468.58;120.63
5951;7;"2022-08-12";"electricity";53.26;8.15
5952;93;"2023-08-18";"gas";1945.68;144.25
5953;27;"2022-06-12";"gas";170.38;30.81
5954;93;"2023-02-16";"gas";855.73;68.45
5955;72;"2023-09-05";"electricity";110.41;14.23
5956;90;"2022-02-09";"electricity";430.95;51.96
5957;4;"2022-04-04";"gas";503.29;75.04
5958;71;"2024-05-14";"electricity";698.29;75.75
5959;48;"2023-11-04";"electricity";1707.26;115.62
5960;40;"2021-09-29";"electricity";10.51;1.68
5961;56;"2021-06-07";"electricity";231.58;25.46
5962;27;"2021-09-05";"electricity";418.93;77.24
5963;56;"2022-08-26";"electricity";178.91;32.96
5964;66;"2023-06-05";"electricity";222.1;26.16
5965;24;"2024-02-16";"gas";888.3;60.61
5966;58;"2023-08-10";"electricity";121.54;18.05
5967;6;"2023-05-05";"electricity";1012.8;62.03
5968;3;"2023-11-22";"electricity";224.07;26.89
5969;1;"2022-12-09";"gas";742.71;105.18
5970;40;"2022-01-08";"electricity";136.87;20.32
5971;48;"2023-03-23";"gas";978.87;72.01
5972;72;"2021-07-25";"electricity";323.92;50.32
5973;6;"2024-05-07";"electricity";866.29;46.84
5974;1;"2023-08-14";"electricity";718.42;70.64
5975;29;"2022-08-13";"gas";829.98;75.66
5976;78;"2022-05-04";"gas";426.55;63.77
5977;25;"2021-08-17";"gas";958.35;109.97
5978;42;"2024-05-17";"electricity";1947.43;106.1
5979;65;"2021-06-29";"gas";535.74;53.14
5980;78;"2024-03-06";"gas";271.4;46.62
5981;56;"2024-04-15";"gas";292.5;32.43
5982;24;"2023-08-01";"electricity";1453.1;104.3
5983;71;"2021-08-01";"electricity";182.31;18.84
5984;45;"2021-11-26";"electricity";757.77;47.17
5985;12;"2024-02-08";"electricity";626.65;81.58
5986;7;"2023-02-08";"gas";360.07;39.91
5987;89;"2022-05-10";"electricity";563.41;48.75
5988;60;"2023-09-04";"gas";194.46;34.74
5989;15;"2024-02-19";"gas";236.09;32.48
5990;52;"2023-03-23";"gas";687.87;44.66
5991;42;"2023-02-28";"electricity";1612.1;149.77
5992;34;"2022-01-13";"electricity";523.09;74.38
5993;84;"2022-03-06";"gas";758.89;112.16
5994;77;"2022-12-23";"electricity";1779.41;146.48
5995;64;"2024-05-04";"gas";491.71;53.66
5996;22;"2023-07-16";"electricity";468.32;62.57
5997;73;"2021-12-14";"gas";448.73;70.7
5998;76;"2022-11-07";"electricity";249.46;32.79
5999;74;"2023-10-22";"electricity";321.24;57.0
6000;62;"2021-12-19";"gas";868.42;127.48
6001;44;"2022-11-14";"electricity";114.12;17.25
6002;38;"2021-12-19";"electricity";403.78;40.74
6003;26;"2024-05-25";"gas";1331.64;100.87
6004;30;"2021-09-02";"gas";113.24;11.29
6005;9;"2021-05-31";"electricity";572.21;76.15
6006;8;"2023-03-11";"electricity";1604.48;104.46
6007;51;"2022-09-11";"gas";1511.01;78.06
6008;18;"2021-09-18";"electricity";1325.05;117.03
6009;28;"2024-03-29";"gas";936.13;87.03
6010;13;"2024-02-27";"electricity";424.0;54.2
6011;2;"2022-11-02";"gas";720.84;67.64
6012;79;"2024-05-01";"gas";163.36;29.8
6013;40;"2023-03-01";"gas";181.04;25.49
6014;62;"2022-12-17";"electricity";637.57;67.28
6015;28;"2024-03-12";"electricity";850.1;83.19
6016;76;"2024-04-21";"gas";869.57;108.14
6017;95;"2022-06-05";"electricity";724.42;68.65
6018;29;"2023-12-17";"electricity";1157.12;91.87
6019;33;"2021-06-24";"gas";554.82;39.67
6020;100;"2024-03-03";"electricity";403.69;71.52
6021;30;"2024-04-08";"electricity";778.49;96.02
6022;70;"2023-07-21";"electricity";521.5;65.55
6023;30;"2021-08-18";"gas";862.4;83.53
6024;34;"2023-10-22";"electricity";111.26;12.48
6025;46;"2023-12-08";"electricity";1046.98;96.58
6026;9;"2021-12-01";"electricity";267.98;39.44
6027;9;"2022-06-08";"electricity";127.41;17.8
6028;47;"2024-02-19";"electricity";551.03;74.13
6029;46;"2024-05-19";"gas";1084.39;61.36
6030;20;"2023-06-14";"electricity";1028.91;92.56
6031;68;"2023-04-12";"electricity";691.97;37.96
6032;95;"2023-08-31";"gas";735.51;73.21
6033;26;"2021-10-06";"gas";922.25;65.65
6034;66;"2024-01-12";"electricity";145.6;15.81
6035;87;"2023-09-27";"gas";485.55;77.88
6036;25;"2024-05-01";"gas";529.97;66.67
6037;97;"2023-09-24";"gas";1115.7;75.97
6038;100;"2024-05-23";"electricity";197.94;19.79
6039;56;"2023-04-26";"gas";268.58;29.83
6040;19;"2021-10-19";"electricity";342.35;45.6
6041;81;"2021-08-25";"gas";134.21;16.21
6042;19;"2022-10-24";"electricity";756.03;93.01
6043;74;"2023-01-11";"electricity";412.54;59.18
6044;100;"2024-01-24";"electricity";482.75;62.58
6045;8;"2023-08-09";"electricity";1593.32;149.34
6046;35;"2023-04-07";"gas";1380.29;89.01
6047;23;"2024-02-06";"electricity";809.03;83.69
6048;17;"2022-10-27";"gas";213.05;19.53
6049;80;"2022-12-13";"gas";1054.71;55.72
6050;85;"2023-12-25";"gas";583.86;80.12
6051;19;"2023-08-19";"electricity";804.11;86.06
6052;7;"2022-07-13";"gas";85.6;15.42
6053;89;"2021-07-24";"gas";1540.85;135.74
6054;43;"2023-01-09";"electricity";891.31;104.53
6055;54;"2023-01-12";"electricity";48.91;6.1
6056;13;"2023-01-29";"gas";216.93;33.36
6057;61;"2021-07-02";"electricity";901.98;77.49
6058;99;"2024-01-06";"gas";132.43;12.06
6059;23;"2023-04-08";"gas";733.69;59.0
6060;31;"2023-04-10";"gas";898.95;85.49
6061;73;"2022-05-18";"gas";137.31;20.03
6062;95;"2023-07-25";"gas";1623.78;156.33
6063;54;"2022-05-17";"gas";124.62;21.23
6064;72;"2023-08-09";"gas";32.81;3.96
6065;18;"2023-07-25";"gas";922.63;47.97
6066;77;"2022-04-30";"electricity";1176.77;80.91
6067;20;"2022-05-22";"electricity";1784.0;167.7
6068;27;"2023-08-09";"electricity";393.73;55.73
6069;88;"2024-05-16";"gas";534.94;65.62
6070;46;"2023-10-02";"gas";641.4;60.67
6071;16;"2023-01-01";"gas";1039.78;90.8
6072;26;"2022-11-21";"gas";1703.82;153.83
6073;57;"2023-08-14";"gas";957.29;57.4
6074;67;"2024-05-22";"gas";363.9;35.46
6075;14;"2022-03-12";"gas";421.65;76.98
6076;78;"2023-02-04";"electricity";467.75;80.37
6077;64;"2021-07-16";"gas";299.6;42.85
6078;25;"2023-04-13";"gas";986.77;135.76
6079;95;"2024-01-21";"electricity";877.7;60.5
6080;1;"2023-01-02";"gas";782.63;64.33
6081;74;"2021-08-04";"electricity";488.08;56.06
6082;22;"2023-01-20";"electricity";638.19;81.06
6083;85;"2024-02-22";"electricity";451.04;54.51
6084;50;"2022-10-23";"electricity";288.17;39.63
6085;54;"2023-05-08";"gas";258.91;45.84
6086;44;"2022-06-28";"electricity";21.98;2.56
6087;49;"2023-01-02";"gas";1619.85;110.71
6088;13;"2023-12-14";"electricity";178.91;32.84
6089;74;"2023-03-21";"electricity";236.74;39.54
6090;72;"2021-06-08";"electricity";56.38;5.87
6091;49;"2023-09-20";"electricity";1809.78;164.33
6092;72;"2023-10-27";"electricity";437.74;52.9
6093;25;"2023-09-27";"gas";484.43;58.65
6094;51;"2024-02-23";"gas";868.07;59.15
6095;79;"2024-02-24";"electricity";239.55;30.04
6096;39;"2021-12-07";"electricity";477.24;82.46
6097;91;"2023-06-24";"electricity";797.32;67.84
6098;42;"2022-10-02";"gas";1500.33;144.14
6099;66;"2023-08-08";"gas";92.4;18.25
6100;1;"2021-07-11";"gas";813.82;86.29
6101;93;"2022-05-29";"electricity";1058.45;84.25
6102;73;"2024-04-25";"gas";211.22;29.11
6103;80;"2022-11-12";"gas";1997.65;123.58
6104;73;"2022-01-06";"gas";440.08;70.64
6105;44;"2024-01-01";"electricity";487.9;79.02
6106;56;"2023-04-25";"gas";99.21;14.02
6107;9;"2024-04-22";"gas";884.67;116.55
6108;2;"2023-02-13";"gas";643.77;71.28
6109;74;"2023-08-07";"gas";480.6;79.13
6110;13;"2021-07-11";"electricity";91.92;17.26
6111;83;"2021-12-28";"electricity";827.56;98.72
6112;71;"2023-11-06";"gas";215.88;25.1
6113;21;"2023-03-10";"gas";792.58;96.15
6114;87;"2021-11-04";"electricity";311.24;42.46
6115;97;"2022-12-17";"gas";1487.83;95.27
6116;43;"2023-10-25";"electricity";964.35;116.93
6117;100;"2023-05-02";"electricity";109.79;12.48
6118;77;"2022-04-23";"electricity";1004.45;68.0
6119;34;"2023-01-06";"electricity";793.65;83.11
6120;92;"2022-11-23";"gas";272.72;27.11
6121;48;"2021-12-09";"gas";1914.31;128.02
6122;44;"2021-11-21";"electricity";322.67;46.43
6123;97;"2023-07-21";"electricity";1352.52;92.48
6124;91;"2022-10-18";"electricity";766.3;50.61
6125;74;"2022-06-08";"electricity";185.58;28.05
6126;34;"2022-10-18";"gas";303.31;30.26
6127;53;"2022-12-25";"electricity";498.15;60.07
6128;39;"2023-02-23";"electricity";401.28;49.55
6129;78;"2022-08-05";"gas";138.38;15.68
6130;75;"2022-01-17";"gas";831.44;124.39
6131;68;"2021-11-27";"gas";804.19;63.89
6132;45;"2023-09-22";"electricity";1716.09;138.33
6133;100;"2022-09-29";"electricity";158.35;19.72
6134;93;"2021-07-06";"gas";1254.5;123.78
6135;67;"2022-01-21";"electricity";321.24;42.53
6136;62;"2024-01-10";"electricity";774.26;113.51
6137;78;"2022-09-26";"gas";247.22;32.06
6138;57;"2022-03-13";"gas";1982.6;183.03
6139;76;"2022-12-25";"gas";982.82;99.0
6140;49;"2023-12-26";"electricity";1909.41;149.94
6141;25;"2021-10-24";"electricity";773.03;112.58
6142;100;"2023-11-09";"electricity";103.33;13.79
6143;61;"2021-10-20";"electricity";560.72;50.23
6144;92;"2021-10-07";"electricity";118.66;11.85
6145;83;"2021-11-26";"gas";921.69;106.78
6146;10;"2024-02-08";"gas";373.62;67.22
6147;30;"2021-07-09";"gas";106.6;8.74
6148;2;"2022-03-18";"electricity";867.54;87.63
6149;23;"2023-03-26";"electricity";662.73;78.29
6150;56;"2023-06-30";"gas";363.78;47.93
6151;59;"2023-03-12";"gas";1053.81;97.85
6152;52;"2022-06-01";"gas";1329.08;82.05
6153;41;"2023-09-05";"gas";771.82;68.24
6154;59;"2023-03-10";"gas";1512.29;139.23
6155;25;"2023-07-22";"gas";449.74;59.07
6156;83;"2023-01-18";"gas";964.74;134.3
6157;91;"2022-07-20";"gas";1538.17;111.39
6158;23;"2021-06-13";"electricity";162.17;17.71
6159;96;"2024-03-15";"electricity";1544.91;114.18
6160;17;"2022-07-15";"gas";584.52;62.36
6161;15;"2023-03-24";"electricity";301.57;43.18
6162;59;"2024-02-12";"electricity";1000.23;75.69
6163;33;"2023-04-17";"gas";1158.04;107.96
6164;25;"2023-06-18";"electricity";326.12;47.65
6165;42;"2024-05-21";"gas";564.67;42.23
6166;67;"2023-12-22";"electricity";997.05;104.37
6167;71;"2023-02-13";"gas";592.73;72.85
6168;23;"2021-09-22";"electricity";322.45;40.14
6169;24;"2023-04-09";"electricity";784.35;43.47
6170;32;"2022-07-02";"electricity";387.6;53.29
6171;37;"2022-10-01";"electricity";1184.05;92.01
6172;1;"2021-08-25";"gas";271.28;33.28
6173;44;"2021-08-02";"gas";260.48;47.5
6174;4;"2022-12-21";"electricity";440.28;45.31
6175;72;"2023-07-21";"gas";344.05;60.36
6176;83;"2021-12-05";"gas";951.61;82.11
6177;5;"2024-05-19";"gas";926.87;59.63
6178;79;"2022-07-05";"gas";192.74;37.92
6179;80;"2022-10-24";"gas";1413.2;96.87
6180;72;"2022-03-17";"electricity";351.76;50.74
6181;36;"2021-07-03";"electricity";1673.86;103.11
6182;66;"2024-05-28";"gas";146.33;27.16
6183;10;"2021-06-14";"gas";454.87;62.05
6184;5;"2021-12-17";"gas";906.4;81.83
6185;19;"2023-03-20";"electricity";277.55;31.67
6186;88;"2022-12-17";"electricity";447.3;62.04
6187;17;"2022-09-29";"gas";670.79;71.64
6188;64;"2022-09-01";"electricity";408.63;56.94
6189;84;"2022-12-13";"gas";183.94;18.25
6190;14;"2024-05-15";"gas";430.64;49.2
6191;69;"2022-02-06";"electricity";1382.3;121.35
6192;52;"2023-06-14";"gas";1512.11;110.12
6193;99;"2021-06-07";"gas";864.28;92.67
6194;94;"2024-01-29";"gas";434.05;44.57
6195;46;"2021-09-14";"gas";1005.13;55.37
6196;66;"2023-12-27";"gas";458.92;51.31
6197;83;"2023-04-03";"gas";273.14;25.09
6198;38;"2021-06-23";"gas";263.21;36.93
6199;79;"2023-03-30";"electricity";138.62;16.38
6200;47;"2021-09-14";"gas";809.36;81.61
6201;79;"2023-05-31";"gas";87.23;12.57
6202;26;"2021-12-21";"gas";727.45;58.99
6203;14;"2023-12-10";"gas";351.58;43.64
6204;45;"2023-05-21";"gas";733.21;72.22
6205;64;"2022-05-24";"gas";463.86;71.23
6206;28;"2021-11-10";"gas";1476.45;76.52
6207;33;"2023-07-15";"gas";572.83;30.6
6208;15;"2023-11-10";"electricity";224.16;22.39
6209;83;"2024-01-19";"gas";948.82;138.83
6210;9;"2022-03-23";"electricity";524.85;59.92
6211;39;"2022-06-16";"gas";139.54;21.08
6212;89;"2022-04-04";"electricity";1190.7;87.1
6213;48;"2021-06-12";"gas";529.76;46.27
6214;10;"2023-02-13";"electricity";342.5;61.97
6215;72;"2021-10-29";"gas";289.35;50.44
6216;70;"2024-04-04";"gas";609.44;88.67
6217;59;"2023-09-01";"electricity";876.89;50.83
6218;50;"2023-03-18";"electricity";344.56;67.64
6219;5;"2023-03-04";"electricity";1772.67;149.04
6220;48;"2023-08-16";"electricity";1666.99;144.91
6221;50;"2023-04-04";"electricity";99.43;10.83
6222;34;"2022-07-27";"gas";161.45;17.32
6223;26;"2023-03-27";"gas";1471.52;137.47
6224;91;"2021-10-05";"electricity";934.14;87.56
6225;47;"2023-11-06";"gas";231.85;22.43
6226;68;"2022-04-01";"gas";1270.82;73.3
6227;3;"2023-12-17";"gas";466.32;54.25
6228;10;"2022-03-25";"electricity";298.45;32.84
6229;9;"2021-10-16";"electricity";888.06;124.34
6230;9;"2023-09-03";"electricity";630.47;74.48
6231;73;"2021-11-30";"gas";442.81;71.86
6232;28;"2022-02-22";"electricity";1214.85;80.41
6233;94;"2023-10-03";"electricity";177.53;17.93
6234;26;"2021-11-13";"gas";1811.41;146.35
6235;53;"2022-04-20";"gas";203.44;21.83
6236;93;"2024-02-28";"electricity";1412.39;97.46
6237;6;"2023-04-14";"gas";1364.35;129.2
6238;87;"2022-06-14";"gas";241.34;39.19
6239;82;"2024-03-15";"electricity";466.33;81.55
6240;43;"2021-10-28";"electricity";885.72;90.73
6241;3;"2022-09-16";"gas";119.23;19.6
6242;28;"2021-07-09";"gas";1283.84;103.11
6243;8;"2022-10-31";"electricity";1617.68;149.53
6244;51;"2023-12-26";"electricity";1746.42;120.76
6245;72;"2024-05-24";"gas";321.49;46.35
6246;11;"2022-03-23";"gas";418.21;63.69
6247;38;"2023-04-03";"gas";73.56;9.74
6248;84;"2024-05-18";"electricity";583.44;72.1
6249;60;"2023-03-09";"electricity";179.72;22.76
6250;12;"2023-10-20";"gas";738.27;83.96
6251;19;"2021-07-22";"electricity";340.08;33.07
6252;77;"2023-08-15";"gas";866.97;77.91
6253;57;"2023-12-23";"electricity";745.74;67.96
6254;46;"2022-04-07";"electricity";830.59;74.83
6255;25;"2023-08-06";"electricity";142.94;17.57
6256;35;"2024-04-02";"electricity";1983.23;121.54
6257;61;"2022-03-12";"gas";834.27;122.86
6258;63;"2021-08-29";"gas";452.03;55.36
6259;8;"2024-04-27";"gas";1955.39;108.2
6260;58;"2021-07-11";"gas";186.84;33.63
6261;5;"2022-09-28";"gas";1290.26;91.07
6262;14;"2024-05-01";"electricity";407.49;50.01
6263;39;"2022-12-18";"electricity";136.51;23.9
6264;87;"2021-11-15";"electricity";257.71;49.98
6265;55;"2024-05-27";"electricity";213.29;27.65
6266;5;"2023-09-02";"electricity";879.53;80.21
6267;31;"2021-11-25";"electricity";941.7;96.32
6268;25;"2021-10-15";"gas";715.92;83.61
6269;68;"2023-01-27";"gas";1057.41;105.28
6270;57;"2022-09-01";"gas";1215.73;113.72
6271;81;"2021-11-28";"gas";313.96;42.19
6272;81;"2021-12-26";"gas";846.74;122.44
6273;30;"2021-10-30";"electricity";235.81;26.35
6274;94;"2022-12-13";"electricity";572.07;85.63
6275;25;"2021-06-05";"gas";389.86;31.73
6276;29;"2023-06-24";"gas";1852.55;164.86
6277;9;"2022-09-03";"electricity";950.65;97.51
6278;57;"2023-03-24";"electricity";661.01;50.68
6279;65;"2023-05-10";"electricity";1662.52;92.41
6280;93;"2021-08-29";"electricity";535.26;53.28
6281;53;"2021-06-13";"electricity";820.84;111.58
6282;67;"2021-08-17";"gas";761.86;94.02
6283;38;"2021-12-07";"gas";300.71;49.17
6284;56;"2023-02-01";"gas";211.25;29.32
6285;90;"2024-01-10";"gas";206.31;20.74
6286;78;"2022-12-09";"electricity";271.61;50.44
6287;33;"2022-05-22";"electricity";1835.17;156.13
6288;18;"2023-06-28";"electricity";1267.05;69.73
6289;49;"2022-06-08";"electricity";729.61;61.23
6290;78;"2023-05-29";"electricity";40.08;4.38
6291;33;"2022-06-28";"gas";567.33;50.2
6292;35;"2023-03-03";"gas";888.93;88.05
6293;24;"2021-11-09";"electricity";1804.94;176.07
6294;9;"2024-01-25";"gas";640.08;83.51
6295;24;"2023-06-27";"electricity";1158.32;112.32
6296;38;"2023-01-01";"gas";49.59;5.35
6297;76;"2024-04-14";"electricity";111.28;11.64
6298;10;"2021-08-19";"electricity";77.78;8.89
6299;20;"2022-11-25";"gas";921.57;74.2
6300;62;"2022-12-06";"gas";104.61;14.34
6301;27;"2022-05-22";"gas";334.9;38.21
6302;14;"2023-07-24";"electricity";49.25;5.12
6303;90;"2022-04-26";"gas";220.86;27.66
6304;80;"2022-11-09";"electricity";721.32;51.57
6305;13;"2021-08-16";"electricity";319.98;54.56
6306;38;"2023-10-13";"electricity";177.82;18.38
6307;92;"2024-02-03";"electricity";216.95;27.09
6308;79;"2024-02-20";"gas";382.55;49.77
6309;78;"2023-01-03";"gas";192.61;38.39
6310;61;"2021-08-18";"electricity";990.13;140.38
6311;81;"2022-10-04";"electricity";379.65;43.19
6312;30;"2022-12-05";"gas";472.33;38.07
6313;98;"2022-04-26";"electricity";46.87;6.14
6314;47;"2021-06-25";"electricity";293.31;31.12
6315;10;"2021-08-25";"electricity";111.44;17.8
6316;31;"2021-07-03";"gas";606.4;71.25
6317;8;"2023-08-15";"gas";806.47;61.8
6318;19;"2023-06-28";"gas";357.67;52.42
6319;86;"2023-07-02";"gas";738.66;69.08
6320;12;"2023-02-21";"gas";631.54;88.41
6321;55;"2021-06-17";"electricity";417.53;64.7
6322;1;"2022-11-13";"gas";729.03;70.27
6323;100;"2022-12-25";"electricity";127.47;20.49
6324;87;"2022-06-29";"electricity";74.89;12.28
6325;97;"2024-05-14";"electricity";1726.33;117.79
6326;78;"2021-10-09";"gas";357.93;46.76
6327;42;"2023-09-03";"gas";1627.04;144.71
6328;19;"2022-02-23";"gas";391.64;43.53
6329;52;"2022-04-25";"gas";908.12;80.26
6330;55;"2024-01-24";"gas";357.39;68.31
6331;13;"2023-11-02";"gas";324.67;55.8
6332;20;"2022-08-13";"gas";748.6;53.38
6333;57;"2022-03-29";"gas";1997.44;164.09
6334;71;"2021-08-04";"electricity";631.39;71.34
6335;65;"2023-11-04";"gas";1038.32;90.36
6336;64;"2021-11-28";"electricity";186.84;24.91
6337;85;"2024-02-10";"electricity";638.37;82.88
6338;51;"2021-11-16";"gas";1825.53;112.81
6339;20;"2021-11-25";"gas";1105.4;66.23
6340;99;"2023-08-25";"gas";638.58;64.33
6341;26;"2023-02-03";"electricity";979.86;51.56
6342;70;"2022-04-16";"electricity";614.4;61.87
6343;11;"2022-03-18";"gas";52.5;8.19
6344;53;"2023-12-28";"electricity";548.68;75.84
6345;15;"2023-03-21";"electricity";722.17;77.04
6346;89;"2024-03-14";"electricity";1047.85;73.91
6347;1;"2023-06-25";"electricity";408.2;45.0
6348;18;"2021-09-30";"electricity";809.19;69.3
6349;56;"2022-01-19";"gas";105.75;12.35
6350;48;"2021-10-12";"electricity";925.01;74.5
6351;41;"2022-06-11";"electricity";1709.26;150.96
6352;23;"2022-10-22";"gas";716.7;87.43
6353;37;"2023-03-31";"gas";518.44;32.16
6354;39;"2024-03-18";"electricity";443.41;57.45
6355;9;"2024-04-04";"electricity";279.41;29.03
6356;49;"2022-04-21";"electricity";536.72;50.53
6357;1;"2022-11-05";"electricity";144.75;21.62
6358;95;"2024-03-25";"electricity";732.9;51.94
6359;9;"2023-05-25";"gas";904.74;107.81
6360;98;"2022-08-16";"electricity";219.53;25.92
6361;18;"2022-09-01";"gas";1964.41;167.32
6362;55;"2022-12-28";"gas";331.41;43.25
6363;48;"2023-10-13";"gas";717.1;59.95
6364;37;"2023-08-11";"electricity";1252.38;119.29
6365;68;"2022-01-29";"electricity";1157.08;99.71
6366;46;"2023-05-26";"electricity";1066.06;66.97
6367;20;"2022-11-17";"electricity";1953.31;141.24
6368;65;"2023-04-01";"gas";1178.49;68.09
6369;49;"2022-11-08";"gas";1552.75;99.07
6370;2;"2022-08-07";"gas";998.46;136.09
6371;33;"2023-10-27";"gas";1752.71;136.9
6372;30;"2023-05-10";"gas";302.25;25.79
6373;3;"2021-09-23";"electricity";453.41;74.88
6374;96;"2024-05-23";"gas";1003.44;50.84
6375;38;"2023-06-04";"electricity";401.37;54.85
6376;71;"2021-07-01";"electricity";855.02;102.66
6377;68;"2021-07-21";"gas";1316.86;128.22
6378;2;"2021-06-04";"electricity";946.77;76.69
6379;56;"2023-01-08";"electricity";412.41;51.04
6380;62;"2022-05-20";"electricity";778.83;75.43
6381;71;"2022-11-01";"electricity";481.46;66.98
6382;54;"2022-03-29";"gas";267.7;40.4
6383;98;"2021-11-01";"gas";390.12;72.63
6384;58;"2023-03-22";"gas";410.27;71.83
6385;71;"2021-06-02";"gas";338.8;43.96
6386;13;"2024-02-11";"electricity";403.04;65.02
6387;92;"2023-08-27";"electricity";393.44;45.25
6388;25;"2024-01-28";"electricity";522.88;46.9
6389;14;"2022-04-06";"gas";194.15;21.88
6390;50;"2023-10-14";"gas";187.51;22.45
6391;83;"2021-12-10";"electricity";669.79;57.07
6392;14;"2024-04-17";"electricity";493.61;70.14
6393;94;"2022-04-19";"gas";350.02;35.31
6394;87;"2022-02-26";"gas";189.88;22.87
6395;10;"2021-12-26";"gas";374.02;56.4
6396;1;"2022-02-02";"electricity";125.91;11.91
6397;42;"2023-11-09";"electricity";1228.21;66.23
6398;17;"2021-12-15";"electricity";778.9;101.08
6399;67;"2022-10-29";"electricity";164.92;14.33
6400;66;"2023-07-31";"gas";158.75;29.92
6401;53;"2023-08-22";"electricity";695.23;102.02
6402;4;"2022-12-01";"gas";242.18;22.21
6403;79;"2024-01-08";"gas";493.34;61.21
6404;96;"2024-01-15";"gas";1442.2;125.54
6405;36;"2023-10-04";"gas";1098.11;64.2
6406;92;"2024-03-16";"electricity";249.06;36.86
6407;2;"2021-07-26";"gas";433.44;45.42
6408;98;"2023-09-18";"electricity";222.66;30.39
6409;99;"2021-10-10";"electricity";636.75;83.95
6410;44;"2023-09-06";"electricity";386.26;69.5
6411;95;"2021-08-19";"electricity";1430.19;108.29
6412;91;"2024-01-27";"gas";1411.57;139.2
6413;6;"2022-09-23";"electricity";1986.66;196.46
6414;3;"2023-01-30";"gas";407.46;41.29
6415;33;"2021-09-12";"electricity";1613.29;107.97
6416;70;"2022-08-09";"electricity";253.36;27.27
6417;76;"2023-01-04";"electricity";340.32;41.93
6418;99;"2021-08-29";"electricity";284.18;38.67
6419;81;"2022-10-14";"electricity";450.69;42.52
6420;87;"2021-10-06";"gas";169.54;29.34
6421;93;"2021-11-09";"electricity";1369.35;89.87
6422;53;"2022-02-17";"gas";443.45;64.58
6423;21;"2023-09-27";"gas";405.94;33.19
6424;61;"2021-12-25";"electricity";219.76;31.45
6425;32;"2023-02-03";"gas";491.95;48.1
6426;73;"2023-06-29";"gas";69.92;13.36
6427;10;"2023-06-28";"electricity";71.48;11.68
6428;19;"2022-09-22";"electricity";954.01;81.37
6429;81;"2021-10-06";"gas";296.02;43.62
6430;69;"2022-06-24";"electricity";1443.98;143.1
6431;38;"2021-08-22";"gas";371.18;54.86
6432;51;"2021-10-28";"electricity";1211.8;78.29
6433;74;"2021-07-11";"gas";228.16;25.93
6434;19;"2024-05-12";"electricity";803.25;90.25
6435;18;"2022-12-11";"electricity";1692.22;85.06
6436;61;"2022-04-17";"gas";329.06;34.32
6437;25;"2023-09-06";"electricity";314.94;37.22
6438;91;"2023-02-22";"gas";804.7;66.75
6439;67;"2022-01-02";"electricity";249.19;33.56
6440;16;"2023-09-03";"gas";884.18;86.72
6441;75;"2023-09-29";"electricity";821.66;81.56
6442;83;"2021-10-06";"gas";368.71;36.69
6443;16;"2023-09-05";"gas";1346.73;104.15
6444;73;"2023-09-17";"gas";113.6;15.9
6445;67;"2023-04-27";"gas";382.47;36.9
6446;44;"2023-04-24";"gas";448.03;69.87
6447;36;"2022-04-02";"gas";1425.26;132.15
6448;46;"2022-10-04";"electricity";775.76;61.01
6449;62;"2023-12-30";"electricity";195.76;27.77
6450;83;"2023-10-03";"electricity";564.7;57.88
6451;19;"2023-05-30";"gas";527.03;69.51
6452;26;"2022-03-06";"gas";1029.87;88.75
6453;43;"2022-04-23";"electricity";510.58;47.78
6454;20;"2023-01-11";"electricity";770.98;50.76
6455;58;"2023-01-20";"gas";418.17;82.85
6456;95;"2022-02-19";"electricity";665.58;63.13
6457;92;"2024-01-23";"gas";941.93;100.54
6458;99;"2022-08-20";"electricity";813.24;111.59
6459;97;"2021-06-24";"gas";1968.95;187.0
6460;2;"2022-11-02";"gas";401.67;37.13
6461;12;"2022-02-19";"electricity";732.71;97.57
6462;96;"2023-06-12";"gas";1404.83;115.71
6463;24;"2022-11-27";"gas";1216.84;67.3
6464;81;"2021-10-15";"gas";225.55;23.01
6465;41;"2022-05-29";"electricity";1953.99;138.28
6466;69;"2022-01-22";"gas";514.21;45.57
6467;41;"2022-09-01";"electricity";1193.46;82.09
6468;4;"2023-03-01";"gas";716.45;74.22
6469;31;"2021-12-16";"electricity";717.08;72.74
6470;19;"2023-01-04";"gas";440.18;42.37
6471;1;"2022-02-21";"electricity";464.43;44.01
6472;85;"2022-05-04";"electricity";556.49;63.13
6473;32;"2023-07-30";"electricity";302.84;38.91
6474;19;"2023-08-30";"electricity";615.34;83.01
6475;30;"2023-10-11";"gas";109.68;16.27
6476;56;"2021-08-25";"electricity";486.55;49.46
6477;100;"2023-03-31";"electricity";405.62;43.45
6478;75;"2021-11-21";"electricity";493.92;70.05
6479;13;"2023-10-22";"gas";396.85;72.51
6480;82;"2023-01-03";"gas";482.22;70.7
6481;9;"2023-01-07";"electricity";883.05;87.19
6482;45;"2022-12-10";"electricity";568.23;32.14
6483;90;"2021-06-06";"gas";273.36;40.8
6484;10;"2023-10-02";"gas";305.41;32.37
6485;53;"2024-02-27";"electricity";677.66;82.48
6486;55;"2022-08-24";"electricity";352.69;50.84
6487;70;"2022-07-11";"gas";507.56;64.58
6488;38;"2024-01-27";"electricity";234.64;46.3
6489;76;"2022-06-05";"electricity";890.22;106.78
6490;92;"2022-04-05";"electricity";700.3;83.53
6491;22;"2021-10-16";"electricity";907.49;105.34
6492;74;"2023-10-21";"gas";319.92;32.42
6493;4;"2022-07-20";"electricity";392.38;40.29
6494;9;"2024-03-15";"gas";630.44;52.16
6495;47;"2023-11-05";"electricity";770.69;69.49
6496;93;"2021-10-10";"electricity";1202.14;60.61
6497;30;"2023-02-02";"gas";699.65;78.43
6498;97;"2024-04-13";"gas";1167.23;107.8
6499;38;"2023-10-17";"electricity";77.28;13.92
6500;76;"2021-11-12";"electricity";103.79;8.77
6501;51;"2022-09-27";"gas";1312.86;129.74
6502;93;"2022-11-30";"gas";1595.44;155.1
6503;86;"2023-12-29";"electricity";878.83;72.19
6504;57;"2021-08-15";"gas";1890.09;113.35
6505;76;"2022-12-09";"electricity";588.44;73.28
6506;91;"2022-07-05";"electricity";720.29;38.01
6507;55;"2023-02-20";"gas";324.42;36.29
6508;8;"2022-08-23";"gas";1805.28;109.32
6509;71;"2023-10-19";"gas";871.8;79.71
6510;62;"2023-10-25";"gas";136.54;15.95
6511;28;"2024-05-17";"electricity";918.64;90.22
6512;68;"2023-09-12";"electricity";1023.95;99.42
6513;43;"2024-02-05";"electricity";581.16;50.96
6514;46;"2022-01-02";"electricity";1721.99;126.58
6515;61;"2023-05-11";"electricity";605.41;78.98
6516;11;"2023-11-29";"electricity";298.71;44.66
6517;84;"2023-08-03";"electricity";509.16;58.56
6518;41;"2021-06-13";"electricity";959.75;50.71
6519;79;"2023-03-01";"electricity";408.65;51.6
6520;58;"2024-05-26";"electricity";426.91;76.73
6521;24;"2024-05-08";"gas";1032.02;74.44
6522;37;"2021-08-24";"electricity";569.78;34.65
6523;16;"2024-04-07";"gas";1766.13;163.65
6524;69;"2023-08-19";"electricity";890.16;46.93
6525;19;"2022-02-25";"electricity";513.16;66.02
6526;67;"2022-01-12";"electricity";136.56;18.75
6527;72;"2021-10-14";"electricity";433.48;44.63
6528;100;"2024-04-19";"electricity";245.66;29.79
6529;74;"2021-08-25";"gas";260.22;49.13
6530;26;"2024-05-01";"gas";936.09;74.85
6531;86;"2022-11-09";"electricity";696.75;47.39
6532;52;"2022-12-15";"gas";670.73;41.72
6533;4;"2023-12-13";"gas";228.07;31.55
6534;100;"2023-08-30";"electricity";232.9;44.24
6535;31;"2023-07-20";"gas";934.85;115.54
6536;65;"2022-11-16";"electricity";1213.66;77.18
6537;7;"2023-11-05";"gas";365.88;48.88
6538;31;"2022-09-28";"electricity";819.67;66.38
6539;4;"2023-11-17";"electricity";312.6;42.32
6540;88;"2023-02-28";"electricity";150.93;21.24
6541;52;"2023-06-11";"electricity";1252.78;64.59
6542;28;"2023-04-21";"electricity";1890.0;137.6
6543;15;"2023-05-05";"gas";945.87;83.47
6544;54;"2023-10-24";"gas";43.91;4.81
6545;59;"2021-09-20";"electricity";1023.16;71.27
6546;29;"2022-12-31";"electricity";1701.81;165.65
6547;21;"2023-07-28";"electricity";411.03;43.8
6548;89;"2022-10-25";"gas";1668.01;108.6
6549;39;"2023-03-26";"electricity";139.88;15.53
6550;84;"2021-11-05";"electricity";272.79;30.56
6551;9;"2023-09-04";"gas";684.92;71.92
6552;22;"2021-08-31";"electricity";935.98;99.1
6553;37;"2023-09-01";"electricity";1884.96;110.32
6554;32;"2023-01-02";"gas";434.19;41.71
6555;32;"2021-06-09";"gas";858.93;128.73
6556;75;"2022-05-09";"electricity";687.49;64.23
6557;77;"2023-04-18";"gas";1432.39;102.97
6558;90;"2021-08-30";"gas";284.01;38.64
6559;42;"2024-01-22";"gas";877.25;61.31
6560;81;"2023-03-12";"electricity";955.58;130.3
6561;23;"2023-01-28";"gas";949.92;140.58
6562;5;"2024-05-02";"gas";1336.24;69.61
6563;51;"2022-07-27";"electricity";1669.79;144.4
6564;97;"2021-06-22";"electricity";1650.2;146.83
6565;69;"2022-03-23";"gas";692.71;42.76
6566;2;"2023-02-11";"gas";879.9;82.21
6567;14;"2021-08-11";"electricity";238.85;41.12
6568;89;"2022-06-08";"gas";1216.56;117.24
6569;51;"2023-12-28";"gas";1915.74;175.83
6570;47;"2023-07-04";"electricity";384.18;36.76
6571;68;"2022-05-06";"electricity";1372.82;114.27
6572;31;"2023-11-09";"electricity";771.39;78.14
6573;25;"2022-08-07";"gas";809.94;109.43
6574;47;"2023-06-06";"electricity";131.2;12.13
6575;99;"2023-08-06";"gas";116.04;15.76
6576;60;"2021-08-10";"gas";230.1;45.37
6577;43;"2021-06-11";"gas";544.27;66.91
6578;1;"2022-04-21";"electricity";712.05;79.51
6579;99;"2021-10-31";"gas";436.49;46.18
6580;53;"2022-03-06";"electricity";724.67;66.03
6581;53;"2022-08-11";"gas";867.2;97.91
6582;58;"2022-07-12";"gas";465.78;67.54
6583;98;"2023-02-16";"electricity";399.04;65.83
6584;38;"2022-07-15";"electricity";424.06;70.8
6585;73;"2024-03-28";"electricity";415.66;68.66
6586;50;"2022-07-04";"gas";436.42;66.81
6587;97;"2023-03-25";"gas";1106.28;63.45
6588;33;"2023-03-19";"gas";616.43;45.8
6589;19;"2022-09-13";"gas";604.21;78.29
6590;73;"2023-02-18";"electricity";42.11;6.58
6591;64;"2021-08-06";"gas";237.74;26.04
6592;37;"2024-01-21";"gas";595.4;56.72
6593;2;"2023-01-18";"electricity";736.98;91.84
6594;41;"2024-03-22";"electricity";1981.09;117.64
6595;62;"2021-08-28";"electricity";398.14;40.65
6596;79;"2021-08-26";"gas";407.68;61.92
6597;73;"2022-06-09";"gas";206.45;29.26
6598;24;"2022-09-15";"gas";1220.88;87.64
6599;3;"2023-06-07";"electricity";422.32;71.13
6600;48;"2021-11-23";"gas";829.85;64.59
6601;100;"2022-06-09";"gas";415.35;45.24
6602;99;"2022-11-01";"gas";886.33;125.85
6603;39;"2022-01-18";"electricity";282.56;39.65
6604;23;"2022-07-02";"electricity";406.35;51.59
6605;96;"2023-11-24";"gas";1218.43;113.07
6606;36;"2022-10-25";"gas";1541.39;135.93
6607;84;"2021-12-12";"electricity";397.44;39.08
6608;98;"2021-07-24";"gas";483.82;86.13
6609;88;"2023-08-17";"gas";954.08;94.8
6610;46;"2021-07-17";"electricity";1000.47;83.54
6611;24;"2022-05-17";"gas";1836.51;161.23
6612;46;"2022-09-07";"gas";772.06;56.28
6613;16;"2024-04-20";"gas";1714.01;128.16
6614;88;"2023-12-27";"gas";427.6;51.16
6615;23;"2023-09-12";"gas";942.92;118.92
6616;32;"2023-04-23";"gas";912.61;119.49
6617;63;"2022-12-26";"gas";456.8;43.72
6618;17;"2022-09-09";"electricity";120.07;12.97
6619;75;"2022-04-02";"gas";843.93;123.21
6620;19;"2021-10-17";"gas";517.41;60.12
6621;76;"2023-06-30";"gas";234.05;32.0
6622;25;"2022-02-25";"electricity";502.87;54.35
6623;60;"2022-12-07";"electricity";337.35;41.75
6624;12;"2023-07-21";"electricity";265.02;38.32
6625;88;"2021-08-21";"gas";558.57;56.81
6626;45;"2021-08-06";"gas";1646.37;121.48
6627;22;"2022-10-08";"gas";346.52;28.48
6628;34;"2023-04-14";"electricity";142.51;17.02
6629;25;"2023-04-09";"electricity";204.37;21.03
6630;41;"2023-01-06";"electricity";1594.03;82.48
6631;100;"2023-08-06";"gas";289.91;53.76
6632;30;"2023-04-25";"electricity";533.09;45.36
6633;9;"2023-12-18";"gas";297.31;32.73
6634;7;"2023-08-07";"electricity";99.22;10.88
6635;82;"2022-04-01";"electricity";195.92;31.38
6636;85;"2022-07-30";"gas";586.69;56.72
6637;100;"2023-10-04";"electricity";314.5;35.97
6638;81;"2023-12-26";"electricity";871.88;91.93
6639;90;"2023-06-20";"gas";331.94;63.29
6640;15;"2023-04-06";"gas";821.81;114.29
6641;28;"2023-12-30";"electricity";902.11;83.04
6642;67;"2021-10-18";"gas";657.11;95.35
6643;36;"2021-09-20";"gas";1556.94;143.88
6644;100;"2022-01-25";"gas";495.58;77.47
6645;31;"2022-01-07";"gas";140.06;15.36
6646;8;"2024-05-13";"gas";978.49;51.48
6647;88;"2022-11-24";"electricity";870.58;119.92
6648;23;"2022-03-31";"electricity";896.91;85.91
6649;88;"2023-01-31";"gas";297.89;38.8
6650;54;"2022-08-23";"electricity";460.34;68.67
6651;78;"2022-01-06";"gas";468.52;50.9
6652;50;"2023-02-23";"gas";45.04;7.73
6653;1;"2024-01-10";"gas";724.85;81.15
6654;45;"2022-12-26";"electricity";1709.94;132.18
6655;68;"2024-01-14";"gas";1381.45;101.22
6656;7;"2024-01-02";"gas";20.97;2.9
6657;9;"2023-05-20";"gas";495.04;44.53
6658;6;"2023-06-25";"electricity";1473.81;90.6
6659;84;"2022-05-24";"electricity";706.08;80.27
6660;6;"2024-03-04";"gas";1383.26;105.89
6661;21;"2022-03-23";"gas";174.82;15.81
6662;36;"2022-08-31";"gas";1156.51;75.41
6663;30;"2024-04-08";"gas";273.65;37.68
6664;50;"2022-03-02";"electricity";71.52;13.64
6665;62;"2023-09-03";"electricity";109.22;9.72
6666;74;"2024-05-04";"gas";222.91;31.1
6667;93;"2023-05-19";"electricity";1994.23;182.74
6668;93;"2021-11-21";"electricity";1883.7;102.23
6669;92;"2023-03-18";"electricity";855.78;105.05
6670;31;"2022-08-07";"electricity";648.16;78.63
6671;6;"2023-03-09";"electricity";1487.82;132.93
6672;13;"2022-07-09";"gas";353.94;45.51
6673;57;"2021-06-25";"gas";1682.48;153.06
6674;91;"2023-12-14";"electricity";1597.94;154.52
6675;99;"2023-03-16";"gas";552.9;79.88
6676;76;"2022-07-20";"electricity";570.68;60.53
6677;88;"2024-03-02";"gas";659.46;68.06
6678;66;"2023-05-01";"gas";171.4;26.03
6679;2;"2021-08-12";"electricity";877.86;102.56
6680;78;"2021-07-10";"electricity";378.59;57.62
6681;55;"2022-12-19";"gas";17.55;3.07
6682;2;"2021-06-16";"electricity";895.62;113.78
6683;4;"2023-10-18";"gas";204.19;26.45
6684;42;"2023-10-10";"gas";662.55;40.75
6685;24;"2022-12-08";"electricity";1895.56;110.95
6686;57;"2021-06-10";"gas";1115.58;100.05
6687;1;"2022-09-03";"electricity";103.01;8.4
6688;96;"2021-10-01";"electricity";881.84;76.07
6689;32;"2022-07-26";"electricity";187.85;22.38
6690;35;"2023-05-22";"electricity";1120.21;103.79
6691;6;"2022-06-17";"electricity";822.69;74.73
6692;8;"2022-04-11";"electricity";882.36;86.3
6693;19;"2021-10-26";"gas";313.6;37.95
6694;72;"2022-08-27";"gas";167.04;25.73
6695;93;"2023-02-21";"gas";1560.84;121.3
6696;13;"2023-11-02";"electricity";465.91;75.64
6697;10;"2022-06-20";"electricity";115.31;20.4
6698;22;"2021-11-05";"electricity";338.96;29.96
6699;45;"2024-01-14";"electricity";1576.45;139.04
6700;69;"2021-12-09";"gas";661.24;52.74
6701;64;"2021-10-30";"electricity";236.44;43.66
6702;94;"2023-11-30";"electricity";845.49;118.28
6703;32;"2023-06-20";"gas";967.79;133.4
6704;37;"2021-07-19";"gas";1996.11;122.42
6705;30;"2023-01-16";"electricity";710.57;100.1
6706;31;"2022-12-18";"electricity";643.32;93.72
6707;41;"2023-11-09";"gas";597.15;33.12
6708;67;"2023-08-25";"gas";511.64;52.71
6709;7;"2024-04-07";"gas";471.44;63.12
6710;95;"2023-01-04";"electricity";1993.1;151.52
6711;17;"2021-05-30";"electricity";405.43;37.3
6712;85;"2023-08-08";"gas";347.92;42.25
6713;26;"2022-10-08";"electricity";1430.96;77.24
6714;73;"2023-03-17";"electricity";13.36;2.65
6715;75;"2022-03-29";"electricity";416.57;42.29
6716;98;"2022-01-15";"electricity";274.94;48.43
6717;35;"2023-11-08";"electricity";1522.15;104.25
6718;82;"2024-02-06";"electricity";11.11;1.15
6719;71;"2022-04-21";"gas";423.32;42.08
6720;30;"2024-05-05";"electricity";613.6;64.25
6721;19;"2022-06-03";"electricity";277.14;36.25
6722;96;"2022-08-29";"gas";1182.02;83.71
6723;75;"2023-08-20";"gas";498.9;70.06
6724;68;"2021-06-07";"electricity";853.2;70.38
6725;19;"2021-09-16";"electricity";284.86;34.08
6726;97;"2022-08-07";"electricity";1027.2;63.07
6727;95;"2022-08-16";"gas";1826.28;130.19
6728;47;"2023-05-24";"gas";103.35;10.81
6729;77;"2024-01-18";"gas";983.1;84.14
6730;6;"2024-03-17";"electricity";1616.38;151.96
6731;9;"2022-01-06";"electricity";401.91;47.21
6732;8;"2023-04-22";"electricity";1163.36;98.04
6733;48;"2022-10-10";"gas";1056.64;95.18
6734;91;"2022-08-07";"electricity";1715.34;160.68
6735;93;"2023-03-23";"gas";761.01;67.06
6736;95;"2024-01-17";"electricity";845.19;43.86
6737;8;"2024-03-17";"gas";1516.89;89.81
6738;20;"2022-10-23";"gas";736.9;72.96
6739;9;"2023-07-13";"electricity";306.67;24.62
6740;4;"2024-04-21";"gas";860.8;87.11
6741;100;"2024-05-13";"gas";461.45;64.34
6742;62;"2024-04-06";"gas";714.98;61.67
6743;36;"2022-07-19";"electricity";1769.75;88.69
6744;51;"2022-03-31";"electricity";828.03;46.38
6745;52;"2022-06-04";"electricity";1242.34;116.26
6746;21;"2022-03-22";"electricity";184.33;20.24
6747;75;"2023-02-08";"electricity";611.31;50.72
6748;40;"2021-11-08";"electricity";394.13;51.96
6749;79;"2022-09-06";"electricity";38.52;6.42
6750;47;"2022-07-06";"gas";369.38;35.0
6751;3;"2021-12-19";"electricity";175.03;20.28
6752;61;"2023-02-25";"electricity";283.99;31.61
6753;33;"2022-08-20";"electricity";1039.57;83.2
6754;55;"2023-04-29";"electricity";200.83;29.26
6755;92;"2023-03-07";"electricity";141.22;17.17
6756;87;"2024-01-27";"gas";394.75;59.29
6757;80;"2023-11-16";"gas";1544.53;93.69
6758;94;"2022-06-13";"gas";272.7;29.28
6759;50;"2021-07-08";"gas";334.54;33.68
6760;69;"2023-04-22";"gas";1345.31;76.39
6761;80;"2022-04-22";"electricity";1310.52;72.68
6762;18;"2021-08-14";"gas";1756.53;148.34
6763;67;"2024-03-20";"electricity";524.47;68.09
6764;20;"2022-05-03";"gas";1868.92;162.14
6765;87;"2022-10-24";"electricity";29.7;4.75
6766;96;"2024-03-25";"gas";1113.33;72.13
6767;3;"2022-09-04";"electricity";288.86;44.1
6768;52;"2023-06-14";"electricity";503.92;25.42
6769;21;"2024-04-25";"gas";969.2;139.76
6770;98;"2022-11-29";"electricity";485.47;56.2
6771;16;"2022-09-27";"electricity";587.42;47.22
6772;41;"2023-03-10";"electricity";999.48;99.27
6773;82;"2023-12-30";"gas";468.05;73.23
6774;23;"2023-08-07";"gas";220.11;29.04
6775;96;"2023-11-08";"gas";695.29;43.6
6776;12;"2023-11-02";"gas";695.83;62.91
6777;93;"2022-10-04";"electricity";973.3;61.18
6778;62;"2024-05-02";"electricity";518.26;77.32
6779;96;"2022-11-14";"electricity";1325.45;103.03
6780;31;"2022-04-14";"gas";769.33;82.52
6781;92;"2021-11-10";"gas";356.39;45.04
6782;13;"2023-03-04";"gas";385.36;73.37
6783;28;"2021-08-05";"gas";1294.02;96.57
6784;72;"2022-10-18";"electricity";117.66;20.25
6785;2;"2023-09-01";"electricity";130.83;13.7
6786;12;"2023-05-22";"electricity";118.23;9.84
6787;73;"2024-02-03";"electricity";319.85;37.93
6788;10;"2022-12-19";"electricity";293.69;52.55
6789;25;"2023-01-22";"electricity";491.75;54.73
6790;100;"2021-09-11";"gas";158.98;22.37
6791;70;"2022-10-05";"electricity";833.3;93.79
6792;40;"2023-03-16";"electricity";65.4;8.27
6793;94;"2022-06-30";"gas";676.54;88.47
6794;95;"2022-03-23";"electricity";1399.27;92.08
6795;69;"2023-03-23";"gas";1259.53;87.74
6796;76;"2021-11-20";"gas";198.74;26.88
6797;68;"2022-01-19";"gas";913.18;58.35
6798;6;"2023-12-13";"gas";1229.36;107.28
6799;64;"2023-06-15";"gas";433.02;49.53
6800;25;"2022-10-16";"electricity";106.35;11.34
6801;3;"2021-10-02";"electricity";492.65;93.22
6802;31;"2021-11-20";"electricity";951.05;133.17
6803;4;"2023-12-22";"gas";724.99;81.98
6804;62;"2021-12-19";"electricity";333.4;30.43
6805;45;"2021-06-30";"gas";1760.68;157.48
6806;57;"2022-11-21";"gas";1784.86;95.25
6807;100;"2021-11-13";"gas";107.3;11.88
6808;33;"2024-01-19";"electricity";1142.17;67.25
6809;83;"2024-02-08";"gas";170.22;22.91
6810;49;"2022-06-07";"gas";1611.18;145.01
6811;27;"2023-12-20";"electricity";352.62;48.08
6812;57;"2023-05-11";"gas";1988.37;125.67
6813;93;"2022-09-22";"gas";1505.7;122.18
6814;79;"2022-05-10";"gas";387.18;68.51
6815;13;"2024-04-12";"electricity";222.75;42.63
6816;100;"2023-03-02";"gas";90.66;17.46
6817;75;"2024-02-14";"gas";542.59;43.95
6818;1;"2022-09-30";"gas";953.07;134.17
6819;64;"2022-04-11";"electricity";349.75;55.28
6820;15;"2023-08-08";"gas";299.08;42.12
6821;7;"2021-11-25";"electricity";191.06;30.22
6822;70;"2021-07-01";"electricity";120.23;17.35
6823;91;"2022-05-26";"electricity";816.85;66.96
6824;67;"2021-07-03";"electricity";278.37;29.41
6825;28;"2023-03-20";"gas";1081.62;106.51
6826;46;"2022-04-25";"gas";1428.82;75.88
6827;30;"2023-10-04";"electricity";449.16;63.46
6828;1;"2024-03-01";"electricity";723.29;60.58
6829;26;"2022-02-28";"electricity";1646.76;106.37
6830;57;"2022-07-12";"electricity";971.52;78.32
6831;65;"2022-10-27";"gas";1127.72;96.29
6832;81;"2022-06-23";"electricity";694.32;76.5
6833;98;"2022-10-02";"gas";106.59;17.37
6834;77;"2024-02-17";"gas";1778.62;109.3
6835;14;"2023-10-27";"gas";499.08;51.49
6836;96;"2023-08-14";"gas";1370.83;73.08
6837;34;"2021-09-26";"gas";699.04;93.23
6838;86;"2023-06-24";"gas";1079.17;73.81
6839;68;"2021-10-16";"electricity";610.52;33.1
6840;46;"2021-09-19";"electricity";711.28;43.35
6841;45;"2021-09-23";"electricity";1583.51;100.36
6842;25;"2024-05-09";"gas";818.41;113.74
6843;94;"2023-05-13";"gas";340.39;50.29
6844;43;"2021-12-15";"electricity";815.02;84.18
6845;62;"2024-03-22";"electricity";890.49;85.19
6846;47;"2024-04-25";"gas";267.87;31.47
6847;59;"2022-01-20";"gas";502.89;28.92
6848;33;"2022-06-30";"gas";1916.0;124.4
6849;21;"2022-06-21";"gas";816.51;77.11
6850;35;"2023-06-06";"electricity";1591.14;141.97
6851;18;"2021-07-14";"electricity";1439.78;112.97
6852;62;"2021-06-25";"gas";168.52;24.48
6853;12;"2022-01-31";"electricity";470.88;68.52
6854;28;"2021-12-11";"gas";1215.91;98.01
6855;36;"2022-07-19";"gas";1871.81;141.35
6856;89;"2023-09-23";"electricity";846.24;44.54
6857;57;"2023-04-05";"electricity";1259.88;95.39
6858;1;"2021-11-27";"electricity";497.67;50.17
6859;27;"2023-07-03";"gas";60.41;10.22
6860;86;"2022-08-08";"electricity";1500.68;123.57
6861;41;"2021-07-30";"gas";1249.13;67.83
6862;79;"2024-05-16";"gas";241.33;47.37
6863;13;"2022-04-15";"gas";416.45;47.93
6864;89;"2022-07-27";"gas";724.59;49.4
6865;92;"2023-12-06";"electricity";992.9;130.41
6866;59;"2022-01-12";"gas";1970.31;98.89
6867;67;"2023-05-23";"electricity";480.48;56.06
6868;46;"2024-04-15";"gas";1368.07;77.13
6869;97;"2024-02-11";"electricity";523.76;37.04
6870;94;"2022-10-23";"gas";353.71;29.64
6871;66;"2023-02-15";"gas";42.23;7.5
6872;4;"2021-11-18";"gas";759.45;97.47
6873;60;"2022-01-17";"gas";217.59;28.35
6874;91;"2022-02-11";"gas";1700.93;106.19
6875;36;"2021-09-20";"gas";514.46;32.45
6876;40;"2022-07-28";"electricity";466.94;86.55
6877;19;"2021-09-12";"electricity";126.15;16.11
6878;75;"2022-06-15";"gas";541.81;77.39
6879;84;"2023-03-29";"gas";264.65;32.56
6880;32;"2023-03-13";"electricity";925.46;121.0
6881;95;"2022-08-23";"electricity";1077.66;106.17
6882;23;"2021-08-25";"electricity";920.68;113.21
6883;26;"2021-12-17";"electricity";1003.58;58.73
6884;50;"2023-12-11";"gas";393.96;41.41
6885;42;"2023-06-30";"electricity";965.11;87.4
6886;69;"2023-11-18";"gas";1419.4;82.71
6887;10;"2023-05-27";"gas";55.85;9.93
6888;17;"2021-06-02";"electricity";178.92;14.37
6889;45;"2021-10-30";"electricity";1382.79;128.68
6890;1;"2023-09-06";"electricity";118.51;13.53
6891;99;"2021-10-05";"electricity";347.44;41.38
6892;88;"2024-03-12";"electricity";133.68;12.68
6893;70;"2023-06-09";"electricity";867.82;107.16
6894;38;"2022-01-08";"electricity";295.09;32.44
6895;44;"2024-05-16";"electricity";197.46;22.71
6896;94;"2021-11-04";"electricity";722.97;85.94
6897;5;"2021-07-19";"electricity";1878.7;140.79
6898;73;"2021-11-27";"gas";212.8;28.38
6899;68;"2022-05-24";"gas";1595.25;138.5
6900;11;"2021-10-13";"gas";147.37;23.05
6901;59;"2022-04-04";"gas";608.74;45.36
6902;75;"2022-01-06";"gas";432.04;45.86
6903;51;"2023-09-13";"electricity";1608.19;104.38
6904;21;"2023-05-21";"gas";978.52;113.19
6905;6;"2024-01-10";"electricity";728.37;47.2
6906;78;"2021-11-14";"gas";418.53;57.61
6907;74;"2022-08-19";"electricity";450.92;58.66
6908;2;"2022-06-16";"gas";853.96;87.79
6909;47;"2022-12-14";"electricity";619.06;85.34
6910;20;"2022-02-10";"gas";1475.76;139.28
6911;82;"2022-11-24";"gas";120.51;13.83
6912;68;"2023-09-10";"gas";1008.46;59.3
6913;10;"2023-01-30";"gas";215.84;33.04
6914;44;"2022-08-18";"gas";204.1;25.53
6915;43;"2023-12-21";"gas";434.23;52.02
6916;100;"2023-01-30";"gas";215.87;39.43
6917;77;"2024-01-29";"electricity";553.93;45.07
6918;79;"2024-02-03";"electricity";480.26;90.4
6919;14;"2024-02-19";"electricity";264.41;37.86
6920;71;"2023-04-27";"electricity";405.54;58.51
6921;72;"2023-04-30";"gas";451.92;55.78
6922;1;"2022-07-30";"gas";925.92;127.91
6923;72;"2023-05-16";"gas";146.52;21.94
6924;80;"2023-08-25";"gas";557.83;48.56
6925;34;"2022-04-25";"electricity";419.74;49.04
6926;97;"2022-12-06";"electricity";1039.37;83.18
6927;59;"2023-08-01";"gas";1986.09;154.94
6928;97;"2023-04-09";"gas";1806.14;107.49
6929;5;"2022-02-24";"electricity";684.84;61.94
6930;43;"2023-07-02";"gas";437.91;45.63
6931;82;"2022-05-17";"electricity";17.4;2.94
6932;19;"2023-08-20";"electricity";185.8;23.99
6933;10;"2023-01-17";"electricity";105.67;20.12
6934;57;"2023-10-05";"gas";1544.85;122.2
6935;33;"2023-07-23";"electricity";925.57;46.85
6936;56;"2023-12-11";"gas";243.58;29.43
6937;16;"2022-11-02";"electricity";977.68;76.44
6938;17;"2022-06-01";"electricity";213.43;18.52
6939;4;"2022-01-27";"electricity";387.25;54.78
6940;61;"2022-11-04";"electricity";437.42;53.22
6941;17;"2024-04-11";"electricity";407.06;40.98
6942;22;"2023-04-07";"electricity";607.68;76.75
6943;64;"2022-07-10";"electricity";221.53;38.95
6944;93;"2022-01-12";"electricity";865.52;73.08
6945;35;"2023-05-31";"gas";511.98;28.86
6946;61;"2022-04-06";"electricity";148.88;15.86
6947;86;"2024-02-14";"electricity";1594.97;84.79
6948;66;"2023-12-30";"gas";44.36;5.74
6949;8;"2024-04-06";"electricity";1301.21;98.31
6950;26;"2023-11-12";"electricity";1008.56;81.2
6951;53;"2022-12-26";"gas";748.34;71.22
6952;77;"2023-08-25";"gas";1251.7;64.15
6953;30;"2023-06-27";"gas";663.74;78.44
6954;65;"2023-09-10";"gas";610.95;38.54
6955;97;"2022-06-16";"electricity";1965.64;99.74
6956;80;"2021-09-16";"electricity";1052.09;104.01
6957;58;"2023-01-21";"gas";33.14;3.81
6958;30;"2024-03-04";"electricity";683.75;90.84
6959;71;"2024-01-23";"gas";925.73;90.44
6960;79;"2021-10-01";"gas";280.45;52.2
6961;30;"2022-04-05";"gas";906.96;111.72
6962;45;"2023-07-01";"electricity";1912.89;114.44
6963;61;"2021-06-27";"electricity";486.88;57.85
6964;42;"2023-03-19";"gas";1108.87;66.76
6965;40;"2022-04-22";"gas";109.36;14.13
6966;85;"2021-11-08";"gas";266.12;26.24
6967;83;"2023-12-14";"electricity";841.77;115.82
6968;28;"2024-04-23";"gas";1825.05;166.82
6969;58;"2021-10-16";"electricity";382.68;67.44
6970;24;"2022-07-28";"gas";1534.94;127.06
6971;1;"2021-06-17";"electricity";331.2;38.6
6972;79;"2023-07-12";"electricity";306.21;51.44
6973;74;"2021-12-24";"gas";448.81;84.11
6974;26;"2022-06-20";"gas";767.32;47.4
6975;40;"2022-10-02";"gas";322.53;42.97
6976;86;"2023-01-03";"electricity";628.04;36.99
6977;43;"2022-08-05";"gas";357.61;41.68
6978;74;"2023-12-20";"gas";355.22;45.53
6979;92;"2023-10-11";"gas";702.38;85.39
6980;21;"2023-04-07";"gas";652.39;58.81
6981;38;"2022-01-17";"gas";441.4;69.7
6982;95;"2022-03-19";"electricity";1846.02;111.55
6983;81;"2021-10-18";"gas";299.59;34.8
6984;72;"2023-08-17";"gas";486.79;88.26
6985;18;"2022-04-18";"electricity";1936.21;120.99
6986;76;"2023-12-22";"electricity";389.01;48.76
6987;81;"2022-08-16";"electricity";898.47;92.92
6988;9;"2022-10-30";"gas";383.06;35.84
6989;38;"2022-06-07";"gas";185.24;21.4
6990;4;"2024-02-26";"gas";997.47;87.67
6991;26;"2021-12-16";"electricity";1842.61;133.73
6992;66;"2021-07-30";"electricity";132.16;24.63
6993;13;"2022-05-17";"gas";74.85;13.66
6994;18;"2021-10-07";"electricity";1537.08;88.49
6995;45;"2023-12-12";"electricity";694.99;52.95
6996;93;"2024-01-08";"electricity";1861.86;181.75
6997;34;"2023-07-03";"electricity";646.49;66.5
6998;25;"2022-11-21";"electricity";598.79;70.43
6999;17;"2022-02-25";"gas";169.78;20.37
7000;35;"2022-12-14";"gas";790.83;78.33
7001;92;"2023-10-20";"gas";443.81;37.98
7002;63;"2023-07-10";"electricity";513.84;72.59
7003;85;"2021-12-31";"gas";986.69;92.06
7004;90;"2022-11-25";"electricity";480.29;55.82
7005;3;"2023-02-09";"electricity";157.39;29.6
7006;23;"2021-12-30";"electricity";762.35;107.25
7007;12;"2023-02-23";"gas";840.19;81.62
7008;58;"2023-04-07";"electricity";197.65;26.11
7009;62;"2022-12-17";"electricity";510.8;69.6
7010;64;"2022-06-09";"electricity";136.33;14.86
7011;69;"2022-07-17";"electricity";1398.47;108.88
7012;58;"2022-12-18";"electricity";361.68;62.28
7013;1;"2023-08-03";"electricity";480.35;41.14
7014;6;"2024-05-21";"gas";1295.11;92.68
7015;97;"2021-07-20";"gas";1144.39;59.1
7016;12;"2022-10-01";"electricity";253.25;27.98
7017;11;"2024-04-21";"gas";139.68;22.51
7018;66;"2022-07-10";"electricity";152.31;28.43
7019;47;"2022-01-29";"gas";783.61;97.67
7020;76;"2023-06-12";"electricity";287.89;31.0
7021;49;"2023-03-10";"electricity";1827.61;145.65
7022;70;"2022-11-17";"electricity";249.66;32.83
7023;93;"2023-09-02";"gas";1922.63;166.79
7024;16;"2023-02-23";"electricity";1816.71;132.18
7025;97;"2021-06-29";"gas";1574.51;155.89
7026;49;"2022-11-22";"electricity";1630.35;104.56
7027;41;"2023-12-05";"electricity";1216.68;107.65
7028;37;"2021-09-22";"electricity";1421.2;89.92
7029;30;"2022-07-23";"electricity";882.05;104.48
7030;19;"2023-07-02";"electricity";884.24;85.17
7031;4;"2021-09-16";"gas";130.1;18.84
7032;50;"2022-04-28";"gas";108.31;19.82
7033;58;"2021-10-29";"gas";38.34;4.85
7034;41;"2023-12-29";"electricity";986.79;74.53
7035;65;"2022-10-04";"electricity";1863.97;124.64
7036;58;"2021-08-23";"electricity";409.86;54.33
7037;30;"2023-11-30";"gas";213.1;17.3
7038;23;"2023-09-24";"gas";552.79;68.51
7039;93;"2023-05-06";"electricity";805.74;44.8
7040;14;"2022-06-16";"gas";388.62;42.58
7041;66;"2021-11-18";"gas";428.05;77.42
7042;64;"2023-04-01";"gas";338.36;57.36
7043;6;"2023-12-10";"electricity";905.9;65.01
7044;15;"2023-01-06";"gas";235.01;27.84
7045;8;"2023-02-06";"gas";1439.83;105.84
7046;72;"2024-01-10";"gas";177.93;28.63
7047;31;"2023-08-22";"electricity";532.83;71.98
7048;27;"2021-12-01";"gas";381.56;67.87
7049;23;"2022-04-04";"electricity";452.09;47.52
7050;86;"2023-05-12";"electricity";1965.21;141.88
7051;40;"2022-05-10";"gas";455.64;46.5
7052;78;"2022-05-11";"gas";52.01;9.89
7053;78;"2023-03-06";"electricity";385.7;75.7
7054;83;"2021-07-01";"electricity";232.17;26.03
7055;27;"2022-05-04";"gas";332.04;37.76
7056;5;"2022-07-31";"electricity";549.37;31.03
7057;71;"2021-08-23";"gas";397.44;49.7
7058;22;"2023-04-23";"gas";930.64;104.87
7059;91;"2021-11-23";"electricity";1072.81;56.89
7060;73;"2022-03-31";"gas";68.21;12.62
7061;42;"2023-12-27";"gas";1420.43;106.33
7062;80;"2023-01-23";"gas";1554.8;104.87
7063;90;"2021-08-22";"gas";378.87;55.47
7064;70;"2021-06-17";"gas";473.36;46.9
7065;60;"2021-09-22";"gas";284.43;40.61
7066;92;"2023-12-24";"electricity";793.78;99.03
7067;12;"2021-08-23";"electricity";588.6;82.0
7068;9;"2023-05-01";"electricity";312.41;42.93
7069;2;"2022-01-25";"electricity";691.79;59.53
7070;32;"2022-10-11";"electricity";612.61;80.92
7071;90;"2023-08-16";"electricity";428.76;63.8
7072;21;"2021-12-22";"gas";348.1;45.18
7073;38;"2024-03-18";"gas";223.56;29.01
7074;31;"2024-03-16";"electricity";800.38;93.73
7075;98;"2021-09-08";"electricity";44.04;4.58
7076;67;"2023-04-26";"gas";523.89;67.77
7077;39;"2023-11-03";"gas";273.42;43.18
7078;55;"2022-12-13";"electricity";493.36;53.4
7079;33;"2021-08-16";"electricity";1492.72;108.27
7080;81;"2021-11-09";"electricity";757.32;102.16
7081;99;"2024-02-24";"gas";371.13;55.43
7082;49;"2022-02-13";"gas";836.09;46.68
7083;80;"2022-04-14";"electricity";1459.45;93.22
7084;42;"2022-08-26";"gas";666.54;50.95
7085;87;"2024-05-11";"gas";195.99;26.8
7086;93;"2023-10-09";"gas";1304.92;97.71
7087;45;"2022-08-07";"electricity";1308.12;98.83
7088;44;"2023-12-15";"gas";170.56;24.46
7089;45;"2021-10-22";"gas";1533.89;110.26
7090;47;"2022-09-23";"electricity";139.85;18.98
7091;33;"2023-02-15";"gas";794.42;70.01
7092;45;"2022-04-22";"electricity";908.19;77.08
7093;46;"2024-02-17";"electricity";993.89;96.16
7094;10;"2023-04-03";"electricity";123.11;15.79
7095;25;"2022-12-28";"electricity";286.64;42.19
7096;7;"2023-10-23";"electricity";381.42;45.92
7097;1;"2024-01-20";"gas";676.19;61.54
7098;66;"2024-05-11";"electricity";231.53;36.37
7099;34;"2021-08-04";"gas";439.13;52.57
7100;89;"2023-09-13";"electricity";949.83;64.57
7101;85;"2022-03-10";"electricity";451.75;47.51
7102;24;"2024-03-06";"electricity";1002.55;92.16
7103;42;"2021-11-16";"electricity";1065.9;62.06
7104;81;"2024-04-09";"electricity";397.97;42.63
7105;76;"2024-02-10";"electricity";139.08;18.42
7106;65;"2024-05-11";"electricity";1762.5;145.39
7107;67;"2021-12-12";"gas";740.04;108.49
7108;97;"2023-08-21";"electricity";1730.01;126.7
7109;92;"2024-05-06";"gas";858.89;114.34
7110;7;"2021-11-30";"electricity";434.64;53.16
7111;84;"2022-06-03";"gas";774.26;111.77
7112;66;"2024-03-24";"electricity";103.86;10.51
7113;94;"2022-08-31";"electricity";447.8;52.07
7114;65;"2022-12-31";"gas";1823.53;124.05
7115;29;"2021-10-01";"electricity";570.0;50.5
7116;51;"2021-05-29";"gas";1528.17;127.87
7117;17;"2021-06-23";"electricity";718.76;57.77
7118;10;"2021-12-19";"gas";383.05;76.03
7119;1;"2023-09-08";"gas";859.42;119.57
7120;55;"2021-10-29";"gas";39.0;4.02
7121;58;"2023-01-24";"gas";116.66;17.52
7122;56;"2023-11-16";"gas";252.55;44.41
7123;61;"2022-12-05";"gas";946.04;109.1
7124;27;"2021-07-02";"electricity";307.62;37.09
7125;66;"2022-11-07";"electricity";29.78;5.29
7126;40;"2022-07-10";"gas";326.97;55.76
7127;26;"2024-02-02";"electricity";1785.31;141.84
7128;97;"2024-01-30";"gas";929.71;57.4
7129;45;"2024-01-29";"electricity";862.92;86.08
7130;92;"2022-06-14";"electricity";866.36;124.96
7131;93;"2022-01-08";"electricity";927.7;74.12
7132;95;"2021-11-14";"electricity";1850.5;118.67
7133;94;"2024-05-06";"gas";418.51;56.59
7134;8;"2022-06-01";"electricity";1700.62;122.09
7135;51;"2023-04-23";"electricity";1671.7;104.25
7136;3;"2022-02-19";"electricity";491.39;54.28
7137;89;"2022-12-09";"gas";691.9;52.22
7138;35;"2022-10-07";"electricity";1510.36;100.56
7139;37;"2022-04-12";"gas";1650.97;115.75
7140;18;"2021-08-23";"electricity";1581.72;108.29
7141;81;"2024-02-09";"gas";395.95;32.08
7142;4;"2023-11-20";"electricity";909.13;81.47
7143;76;"2022-07-19";"electricity";220.55;29.19
7144;92;"2022-10-14";"electricity";919.28;79.72
7145;65;"2022-10-21";"gas";1662.19;96.44
7146;44;"2021-09-14";"gas";315.74;61.82
7147;82;"2022-05-19";"electricity";309.8;42.56
7148;68;"2023-06-04";"gas";1926.79;111.04
7149;29;"2021-07-26";"gas";622.7;38.68
7150;70;"2022-04-21";"electricity";124.6;10.04
7151;93;"2021-08-02";"electricity";694.26;55.89
7152;30;"2022-09-02";"gas";584.59;54.66
7153;56;"2023-07-17";"gas";346.21;42.76
7154;79;"2022-02-05";"gas";192.33;19.53
7155;20;"2024-01-01";"gas";746.19;51.74
7156;65;"2023-09-28";"gas";1521.04;146.42
7157;62;"2024-04-20";"electricity";740.34;98.71
7158;2;"2023-03-25";"electricity";845.35;73.81
7159;98;"2022-07-18";"electricity";425.24;69.44
7160;76;"2021-09-27";"gas";489.59;72.88
7161;68;"2023-05-17";"electricity";1781.28;118.39
7162;14;"2024-05-13";"gas";345.73;42.28
7163;33;"2022-07-31";"gas";1921.68;126.66
7164;4;"2022-01-06";"electricity";911.93;133.32
7165;91;"2021-08-02";"gas";1200.06;81.46
7166;62;"2021-10-13";"gas";288.43;38.72
7167;67;"2023-01-19";"electricity";679.68;82.28
7168;49;"2021-10-22";"gas";1341.94;81.37
7169;49;"2021-10-27";"gas";1227.68;85.48
7170;12;"2023-04-26";"gas";868.42;96.52
7171;17;"2023-08-17";"electricity";595.4;78.63
7172;36;"2021-10-13";"gas";810.65;63.46
7173;72;"2024-01-21";"gas";40.37;7.61
7174;77;"2023-12-09";"gas";1503.4;145.73
7175;67;"2021-08-04";"gas";751.36;72.39
7176;33;"2021-08-01";"electricity";511.93;49.31
7177;80;"2022-11-29";"gas";1285.03;84.44
7178;65;"2023-11-18";"gas";1112.62;56.3
7179;61;"2021-12-06";"electricity";173.53;14.29
7180;52;"2023-09-22";"gas";1710.98;141.81
7181;4;"2024-03-15";"electricity";443.69;36.71
7182;51;"2022-10-03";"gas";560.72;52.76
7183;27;"2022-02-20";"gas";261.51;34.74
7184;39;"2023-05-17";"electricity";68.73;12.19
7185;32;"2021-10-28";"gas";743.49;93.83
7186;73;"2023-02-23";"electricity";313.42;56.18
7187;23;"2024-02-19";"electricity";390.93;37.72
7188;44;"2021-08-23";"gas";77.41;8.07
7189;49;"2024-05-01";"electricity";768.64;44.45
7190;4;"2023-08-07";"gas";643.75;57.98
7191;5;"2022-11-11";"gas";1495.4;139.49
7192;57;"2023-12-02";"gas";1944.35;121.65
7193;37;"2021-12-16";"gas";1827.76;174.68
7194;89;"2022-08-23";"electricity";1488.64;148.58
7195;53;"2024-04-18";"electricity";770.4;72.13
7196;78;"2022-04-30";"gas";144.14;23.67
7197;68;"2022-05-09";"gas";1665.52;125.24
7198;17;"2023-12-28";"gas";674.14;63.89
7199;91;"2022-05-02";"electricity";679.63;40.78
7200;17;"2021-08-13";"electricity";636.1;67.33
7201;70;"2021-07-11";"gas";358.11;35.56
7202;12;"2023-03-06";"gas";308.44;36.48
7203;60;"2023-05-29";"electricity";15.02;1.51
7204;67;"2022-09-03";"gas";944.77;137.63
7205;56;"2021-12-04";"electricity";116.26;16.8
7206;15;"2024-04-19";"gas";110.2;12.4
7207;43;"2022-10-06";"electricity";678.8;96.98
7208;59;"2022-02-09";"gas";1612.96;158.41
7209;97;"2023-11-26";"gas";500.42;44.62
7210;96;"2022-10-25";"electricity";1481.01;147.52
7211;25;"2023-12-26";"electricity";181.55;27.03
7212;12;"2023-12-18";"electricity";952.24;96.07
7213;91;"2021-08-07";"electricity";1240.71;100.28
7214;88;"2022-01-15";"electricity";984.21;128.11
7215;24;"2021-09-27";"gas";1195.68;111.17
7216;20;"2022-10-08";"gas";1512.7;101.85
7217;75;"2023-08-15";"electricity";988.07;81.94
7218;48;"2023-11-23";"electricity";1028.48;87.76
7219;59;"2023-02-16";"gas";1396.27;115.33
7220;80;"2021-07-21";"electricity";1629.89;141.03
7221;13;"2023-02-08";"electricity";240.24;45.1
7222;41;"2022-10-16";"gas";1740.79;101.71
7223;7;"2022-06-16";"gas";46.39;5.62
7224;57;"2022-05-08";"gas";1610.9;134.38
7225;23;"2022-10-13";"gas";751.54;64.94
7226;19;"2022-02-17";"electricity";422.28;38.94
7227;85;"2022-08-07";"electricity";452.87;64.88
7228;23;"2022-06-23";"gas";293.91;31.74
7229;24;"2022-04-14";"gas";1657.41;136.74
7230;16;"2022-05-05";"gas";834.5;79.75
7231;85;"2023-01-30";"gas";185.7;19.27
7232;50;"2022-05-31";"electricity";367.62;46.89
7233;63;"2023-08-31";"electricity";890.2;81.72
7234;23;"2022-05-05";"gas";845.22;88.99
7235;48;"2021-10-20";"gas";966.84;49.97
7236;58;"2024-02-25";"electricity";484.7;87.26
7237;23;"2022-09-13";"gas";658.07;96.71
7238;46;"2022-02-12";"electricity";927.71;83.66
7239;89;"2023-06-15";"gas";902.14;77.4
7240;94;"2022-04-24";"gas";959.86;124.48
7241;76;"2024-04-12";"electricity";440.91;56.78
7242;30;"2021-09-25";"gas";234.12;28.46
7243;73;"2021-09-01";"gas";250.5;26.1
7244;36;"2022-12-14";"gas";1429.94;138.84
7245;92;"2022-06-29";"electricity";836.04;117.93
7246;23;"2024-04-12";"gas";757.09;83.62
7247;49;"2023-01-21";"gas";582.62;40.42
7248;56;"2023-10-10";"electricity";236.86;39.09
7249;65;"2023-03-31";"gas";1341.14;87.23
7250;55;"2023-01-25";"electricity";91.11;13.57
7251;6;"2022-09-24";"electricity";891.79;83.53
7252;17;"2021-06-27";"electricity";582.29;61.56
7253;96;"2023-05-25";"electricity";1847.66;119.02
7254;59;"2024-05-07";"electricity";1789.69;174.21
7255;50;"2021-09-24";"gas";177.89;21.77
7256;67;"2022-07-27";"gas";469.42;43.64
7257;50;"2021-06-16";"gas";403.08;53.7
7258;16;"2022-11-11";"gas";1143.71;85.37
7259;76;"2023-08-15";"electricity";252.01;28.66
7260;41;"2021-06-13";"gas";1199.16;73.66
7261;77;"2021-07-19";"gas";1533.48;135.3
7262;84;"2023-04-23";"gas";633.06;76.01
7263;91;"2021-06-20";"gas";1428.39;137.25
7264;52;"2022-10-25";"gas";1036.1;83.73
7265;75;"2022-09-22";"gas";937.57;98.72
7266;40;"2023-08-18";"gas";57.38;9.52
7267;89;"2021-09-18";"electricity";648.96;33.87
7268;84;"2023-10-18";"gas";237.68;29.97
7269;46;"2022-05-29";"electricity";1437.47;116.25
7270;17;"2024-03-23";"gas";619.2;63.44
7271;94;"2021-11-10";"gas";305.07;30.99
7272;11;"2023-01-13";"gas";12.57;2.09
7273;25;"2022-12-03";"gas";164.32;20.41
7274;12;"2022-09-05";"gas";344.85;33.91
7275;38;"2021-06-06";"gas";193.04;19.91
7276;12;"2023-05-06";"gas";801.58;107.08
7277;8;"2023-01-08";"electricity";940.96;87.09
7278;75;"2021-06-17";"electricity";234.5;18.81
7279;2;"2021-07-26";"electricity";874.8;80.75
7280;15;"2024-04-04";"electricity";959.2;143.51
7281;24;"2021-09-02";"gas";737.98;62.92
7282;9;"2023-06-04";"electricity";670.33;86.66
7283;36;"2021-10-01";"gas";1757.62;154.5
7284;92;"2022-07-24";"gas";886.69;72.59
7285;84;"2024-05-16";"electricity";334.71;43.3
7286;72;"2023-10-07";"electricity";361.06;47.29
7287;13;"2022-10-29";"electricity";184.87;33.14
7288;59;"2022-07-04";"electricity";509.17;28.63
7289;27;"2023-05-25";"electricity";192.22;37.42
7290;18;"2023-05-17";"electricity";532.45;28.3
7291;26;"2024-04-22";"electricity";679.12;47.54
7292;10;"2021-12-12";"electricity";416.0;47.35
7293;5;"2022-11-08";"electricity";1754.02;111.41
7294;73;"2021-07-30";"electricity";254.07;38.55
7295;21;"2022-02-13";"gas";997.17;117.24
7296;15;"2022-09-27";"gas";835.17;102.75
7297;78;"2021-06-30";"gas";173.48;24.28
7298;40;"2021-06-09";"gas";31.81;4.32
7299;42;"2022-05-16";"gas";1810.23;127.09
7300;5;"2021-12-03";"electricity";1257.61;118.63
7301;8;"2021-08-10";"gas";1433.46;124.51
7302;87;"2021-12-06";"gas";380.54;66.49
7303;97;"2023-07-31";"electricity";596.99;41.56
7304;99;"2023-02-15";"gas";416.56;55.47
7305;38;"2021-06-16";"electricity";342.35;47.14
7306;91;"2022-12-05";"electricity";1482.42;100.57
7307;83;"2022-03-20";"gas";321.4;42.42
7308;50;"2022-06-26";"electricity";292.61;46.66
7309;38;"2022-11-17";"electricity";491.32;56.03
7310;95;"2022-10-20";"electricity";1076.86;86.58
7311;97;"2023-03-17";"electricity";985.4;73.36
7312;79;"2022-02-24";"gas";330.06;36.02
7313;60;"2022-05-30";"gas";496.54;53.07
7314;68;"2022-12-31";"gas";1993.67;198.29
7315;17;"2022-07-25";"electricity";351.45;48.34
7316;30;"2024-01-14";"gas";784.83;86.66
7317;86;"2024-02-11";"gas";1404.38;126.98
7318;18;"2023-12-03";"gas";1153.71;75.84
7319;29;"2023-11-14";"electricity";1537.97;149.75
7320;42;"2023-10-27";"gas";1531.52;143.5
7321;54;"2024-03-24";"gas";413.63;58.48
7322;5;"2022-07-15";"gas";862.38;67.75
7323;41;"2022-04-15";"electricity";1719.93;91.8
7324;55;"2023-10-20";"gas";301.84;45.04
7325;13;"2023-04-15";"gas";153.82;25.5
7326;92;"2023-04-30";"gas";547.45;64.74
7327;64;"2023-11-08";"electricity";446.16;69.75
7328;69;"2023-07-26";"electricity";1496.91;97.61
7329;1;"2021-06-02";"gas";859.19;86.06
7330;53;"2022-02-18";"electricity";833.67;112.09
7331;69;"2023-11-19";"electricity";1451.58;118.09
7332;79;"2022-05-23";"electricity";319.18;47.57
7333;44;"2022-12-24";"gas";86.91;12.94
7334;47;"2024-01-09";"electricity";512.88;50.7
7335;46;"2021-06-02";"electricity";554.6;30.3
7336;27;"2023-12-08";"electricity";71.57;8.99
7337;34;"2023-01-21";"gas";114.33;14.04
7338;64;"2023-01-16";"electricity";162.92;32.55
7339;45;"2023-05-20";"electricity";961.87;79.53
7340;69;"2024-03-15";"gas";1221.44;82.06
7341;57;"2022-12-03";"gas";926.58;91.06
7342;63;"2023-07-26";"gas";644.52;85.46
7343;52;"2023-01-24";"electricity";1922.54;186.06
7344;13;"2023-10-25";"gas";385.96;51.58
7345;15;"2022-06-20";"electricity";808.54;96.42
7346;72;"2023-07-30";"gas";173.41;20.89
7347;73;"2021-11-13";"gas";45.3;8.22
7348;96;"2024-03-13";"gas";1191.21;65.18
7349;80;"2021-12-13";"electricity";1918.93;114.24
7350;30;"2024-05-27";"gas";462.48;67.32
7351;48;"2023-08-06";"electricity";976.07;92.93
7352;20;"2022-08-11";"gas";507.33;40.64
7353;3;"2022-02-20";"gas";359.61;43.95
7354;18;"2022-05-13";"electricity";1896.21;111.63
7355;74;"2021-12-13";"electricity";97.33;17.4
7356;84;"2022-10-03";"gas";580.23;55.5
7357;94;"2022-10-09";"electricity";679.6;61.9
7358;59;"2024-02-11";"gas";1786.13;106.95
7359;98;"2023-10-18";"gas";257.57;49.56
7360;23;"2022-05-03";"electricity";221.14;26.72
7361;27;"2021-11-12";"gas";339.8;42.64
7362;61;"2023-12-14";"gas";580.78;59.28
7363;30;"2023-07-07";"electricity";655.14;53.57
7364;57;"2023-10-26";"gas";1453.65;79.18
7365;45;"2021-11-01";"gas";568.86;43.34
7366;14;"2022-12-11";"electricity";123.13;14.21
7367;85;"2023-10-14";"gas";496.52;43.13
7368;16;"2023-09-19";"gas";726.64;66.35
7369;98;"2024-01-04";"gas";214.63;41.58
7370;72;"2021-08-18";"gas";87.61;12.19
7371;88;"2021-12-10";"gas";432.08;59.05
7372;40;"2021-10-21";"gas";399.18;54.08
7373;21;"2021-09-10";"electricity";228.18;28.06
7374;18;"2021-08-09";"electricity";828.19;55.62
7375;66;"2022-10-12";"electricity";464.34;55.54
7376;95;"2022-05-30";"electricity";1295.18;116.58
7377;29;"2022-03-11";"electricity";1851.18;159.29
7378;79;"2022-11-12";"electricity";90.2;16.22
7379;44;"2023-04-26";"electricity";393.98;69.02
7380;23;"2022-06-24";"electricity";729.47;89.25
7381;29;"2022-05-03";"gas";1227.42;105.07
7382;50;"2023-07-15";"gas";404.54;44.15
7383;7;"2024-01-19";"gas";196.15;38.61
7384;22;"2022-11-19";"electricity";234.77;20.03
7385;85;"2023-11-18";"electricity";455.19;53.46
7386;51;"2023-03-15";"gas";1163.66;73.29
7387;24;"2022-10-22";"gas";1309.06;73.52
7388;14;"2022-01-17";"electricity";496.54;96.8
7389;19;"2021-12-28";"electricity";113.48;10.44
7390;30;"2022-10-08";"electricity";859.09;81.83
7391;26;"2023-02-08";"gas";504.67;30.38
7392;87;"2022-04-06";"gas";372.17;56.74
7393;15;"2023-12-11";"gas";839.43;74.66
7394;51;"2022-08-28";"gas";1719.58;149.68
7395;13;"2024-05-06";"electricity";473.7;70.58
7396;97;"2024-05-21";"electricity";500.86;49.03
7397;2;"2021-09-21";"gas";580.95;58.79
7398;21;"2023-09-23";"gas";940.34;106.99
7399;88;"2022-04-16";"gas";831.53;112.52
7400;76;"2022-10-17";"gas";741.85;70.14
7401;65;"2023-12-13";"electricity";607.47;41.83
7402;44;"2021-06-28";"gas";81.47;10.55
7403;87;"2021-11-28";"gas";460.94;51.6
7404;63;"2023-04-12";"gas";201.13;17.8
7405;58;"2023-04-16";"gas";124.78;18.64
7406;80;"2024-01-26";"gas";1382.96;110.22
7407;17;"2023-07-14";"electricity";284.22;35.41
7408;88;"2022-11-09";"gas";368.21;36.32
7409;11;"2023-04-26";"electricity";303.82;49.71
7410;6;"2022-08-29";"gas";1620.16;129.3
7411;36;"2023-03-14";"electricity";898.54;63.81
7412;2;"2024-05-09";"gas";254.81;24.12
7413;40;"2022-04-28";"electricity";111.28;17.21
7414;15;"2024-01-02";"electricity";325.02;42.61
7415;14;"2024-01-25";"electricity";429.83;63.79
7416;80;"2022-05-13";"gas";1519.75;83.95
7417;1;"2022-02-20";"electricity";386.32;55.69
7418;41;"2023-02-23";"gas";1859.75;126.19
7419;6;"2024-01-25";"electricity";1512.76;94.29
7420;52;"2023-10-29";"electricity";918.64;49.55
7421;4;"2023-06-08";"electricity";559.16;47.69
7422;86;"2023-11-19";"electricity";1101.33;91.31
7423;7;"2021-09-18";"electricity";98.27;14.55
7424;4;"2023-10-26";"gas";193.92;22.34
7425;15;"2023-05-07";"electricity";701.42;69.51
7426;35;"2023-03-21";"electricity";629.09;43.9
7427;58;"2024-02-22";"electricity";489.27;68.98
7428;42;"2024-03-13";"electricity";1179.8;85.92
7429;8;"2022-01-18";"gas";880.42;55.12
7430;6;"2021-08-29";"gas";1052.11;70.15
7431;15;"2022-12-02";"electricity";470.62;65.26
7432;80;"2022-04-21";"gas";1713.81;141.42
7433;82;"2024-05-22";"electricity";469.18;89.66
7434;57;"2022-08-27";"electricity";832.28;74.65
7435;77;"2023-05-31";"gas";1993.79;140.11
7436;11;"2021-08-25";"electricity";424.84;84.58
7437;62;"2023-11-25";"electricity";882.29;125.7
7438;23;"2023-03-04";"electricity";768.33;90.8
7439;68;"2022-09-11";"gas";1559.76;151.98
7440;13;"2023-09-19";"electricity";398.41;64.44
7441;65;"2023-08-19";"electricity";1008.84;65.9
7442;51;"2022-05-09";"electricity";1962.01;173.24
7443;66;"2024-04-14";"electricity";74.69;12.3
7444;75;"2022-09-03";"gas";717.77;58.68
7445;81;"2023-10-06";"gas";479.53;70.01
7446;56;"2022-02-17";"gas";156.84;31.32
7447;67;"2022-02-03";"gas";877.02;118.17
7448;10;"2022-11-18";"electricity";261.22;48.67
7449;46;"2022-12-10";"electricity";641.99;49.78
7450;65;"2022-06-24";"electricity";1447.37;76.28
7451;78;"2021-09-09";"electricity";422.16;51.78
7452;30;"2023-09-13";"gas";741.59;63.84
7453;49;"2021-07-29";"gas";561.75;45.35
7454;46;"2021-12-26";"electricity";1894.54;161.85
7455;29;"2023-07-10";"electricity";1103.26;60.87
7456;27;"2023-07-18";"gas";369.17;60.04
7457;76;"2023-08-21";"gas";511.04;44.67
7458;92;"2024-05-17";"electricity";783.58;87.86
7459;5;"2023-04-27";"electricity";528.81;48.45
7460;94;"2022-01-27";"gas";619.82;81.36
7461;84;"2023-11-25";"electricity";770.44;97.28
7462;27;"2023-06-25";"gas";498.46;75.5
7463;57;"2021-12-25";"gas";1910.49;112.33
7464;38;"2023-07-08";"electricity";229.94;23.7
7465;76;"2022-05-29";"electricity";239.15;24.96
7466;21;"2022-06-06";"electricity";899.72;90.29
7467;91;"2022-06-21";"gas";543.05;49.83
7468;80;"2024-02-23";"gas";1195.36;95.01
7469;73;"2023-01-29";"gas";206.35;35.57
7470;36;"2024-03-20";"electricity";1016.25;52.36
7471;29;"2024-01-21";"electricity";1019.07;52.94
7472;13;"2023-11-15";"gas";77.62;10.31
7473;52;"2024-01-20";"gas";1708.71;159.08
7474;60;"2023-11-05";"gas";227.38;42.47
7475;59;"2021-08-04";"electricity";1058.24;95.73
7476;31;"2022-07-17";"electricity";678.64;84.53
7477;7;"2024-01-21";"electricity";485.22;89.12
7478;28;"2024-01-19";"gas";849.66;54.9
7479;78;"2023-11-03";"electricity";227.75;29.55
7480;99;"2021-06-13";"gas";798.77;85.75
7481;22;"2023-02-06";"electricity";657.38;83.66
7482;35;"2024-02-04";"electricity";869.79;54.93
7483;64;"2023-05-11";"gas";63.45;7.97
7484;59;"2023-05-16";"gas";1276.87;106.47
7485;94;"2022-11-16";"electricity";944.22;107.25
7486;63;"2021-12-17";"gas";290.88;39.55
7487;78;"2021-10-30";"gas";332.68;61.42
7488;15;"2023-08-05";"gas";345.75;34.23
7489;75;"2021-12-02";"gas";709.67;70.2
7490;81;"2021-07-26";"electricity";210.42;29.57
7491;16;"2024-04-07";"gas";1085.36;86.91
7492;31;"2023-09-10";"electricity";802.59;103.5
7493;6;"2021-11-15";"electricity";1758.63;95.46
7494;88;"2023-01-13";"gas";881.54;72.05
7495;27;"2023-02-08";"electricity";432.68;53.02
7496;20;"2023-11-27";"gas";1153.15;62.23
7497;45;"2022-05-30";"gas";1984.53;163.76
7498;56;"2022-06-20";"gas";499.45;68.21
7499;17;"2023-04-14";"electricity";784.78;92.97
7500;30;"2021-09-20";"gas";333.14;39.62
7501;34;"2023-02-06";"gas";793.07;65.25
7502;29;"2022-10-28";"gas";1590.15;88.46
7503;37;"2022-04-01";"gas";1553.79;129.61
7504;89;"2023-12-10";"gas";1848.01;149.52
7505;11;"2022-02-26";"gas";37.4;5.93
7506;39;"2023-09-30";"gas";104.99;13.46
7507;90;"2023-03-09";"gas";40.26;4.38
7508;3;"2021-07-15";"gas";254.67;49.88
7509;46;"2021-12-29";"gas";1190.13;94.13
7510;45;"2024-01-28";"electricity";1043.19;76.35
7511;17;"2022-02-24";"electricity";222.45;20.85
7512;74;"2021-11-07";"gas";290.67;39.4
7513;45;"2022-04-13";"gas";1738.04;129.86
7514;35;"2022-01-15";"electricity";655.26;40.6
7515;36;"2023-04-05";"electricity";1719.72;119.98
7516;19;"2022-07-27";"gas";347.95;28.62
7517;88;"2022-08-15";"electricity";619.47;79.0
7518;35;"2022-01-16";"gas";1823.55;160.97
7519;69;"2023-05-14";"gas";1284.82;81.94
7520;80;"2021-09-01";"electricity";872.95;44.17
7521;62;"2024-03-14";"gas";343.31;47.49
7522;38;"2021-08-04";"gas";19.38;3.54
7523;77;"2022-03-01";"electricity";687.27;65.48
7524;13;"2022-05-03";"gas";290.77;33.06
7525;100;"2021-08-08";"electricity";230.72;25.93
7526;88;"2021-06-28";"gas";931.29;128.53
7527;67;"2022-05-30";"electricity";398.84;32.48
7528;22;"2024-02-29";"electricity";438.63;49.48
7529;39;"2022-09-19";"electricity";401.74;46.61
7530;64;"2023-11-11";"electricity";73.51;12.46
7531;97;"2024-01-30";"electricity";1250.22;110.32
7532;50;"2024-01-02";"electricity";192.39;24.68
7533;32;"2023-04-18";"electricity";562.05;68.56
7534;65;"2023-06-07";"electricity";1288.32;75.02
7535;53;"2023-09-26";"electricity";779.88;113.26
7536;49;"2023-06-05";"electricity";549.04;48.63
7537;52;"2024-04-28";"electricity";626.25;42.81
7538;99;"2021-12-22";"electricity";134.91;18.46
7539;100;"2023-08-30";"gas";198.79;21.09
7540;94;"2023-11-08";"gas";281.31;35.54
7541;54;"2023-01-27";"electricity";112.04;19.76
7542;22;"2022-06-10";"electricity";466.86;68.65
7543;2;"2021-07-28";"gas";749.08;99.4
7544;92;"2023-10-01";"gas";119.72;16.37
7545;33;"2021-10-31";"gas";737.64;67.65
7546;36;"2021-07-04";"gas";846.75;68.53
7547;74;"2021-12-05";"electricity";54.93;10.21
7548;41;"2022-05-14";"gas";1878.83;96.33
7549;82;"2023-04-27";"electricity";32.38;4.22
7550;67;"2021-08-04";"electricity";904.28;91.87
7551;78;"2021-10-10";"electricity";190.78;21.9
7552;35;"2022-08-11";"gas";706.98;51.66
7553;45;"2021-06-25";"electricity";1927.84;109.27
7554;8;"2023-07-27";"gas";962.92;56.33
7555;100;"2023-02-23";"gas";435.57;79.75
7556;15;"2022-05-04";"gas";611.21;62.56
7557;26;"2022-04-15";"gas";1184.94;109.06
7558;30;"2023-06-28";"gas";205.56;17.51
7559;53;"2023-01-06";"gas";372.03;43.16
7560;22;"2022-11-08";"electricity";648.85;90.32
7561;60;"2023-09-14";"electricity";209.23;22.62
7562;92;"2023-01-30";"gas";187.82;20.13
7563;94;"2021-07-17";"gas";138.97;15.9
7564;3;"2021-09-20";"electricity";464.78;83.41
7565;28;"2023-04-03";"gas";1550.1;97.15
7566;34;"2022-11-10";"gas";589.72;74.32
7567;24;"2023-09-22";"gas";573.58;57.11
7568;45;"2021-10-25";"electricity";1752.15;149.0
7569;34;"2023-01-09";"gas";909.39;116.29
7570;17;"2022-10-28";"gas";999.37;141.37
7571;88;"2021-12-16";"electricity";452.8;52.84
7572;21;"2023-12-27";"electricity";706.19;93.16
7573;88;"2022-11-29";"electricity";426.61;60.31
7574;32;"2021-11-17";"gas";258.38;24.1
7575;94;"2022-11-02";"electricity";700.77;65.31
7576;62;"2022-05-29";"electricity";520.34;63.2
7577;87;"2024-02-22";"electricity";495.1;51.09
7578;28;"2022-05-24";"electricity";1983.73;113.35
7579;77;"2024-01-26";"gas";888.29;86.97
7580;37;"2022-08-07";"gas";1265.38;80.59
7581;3;"2023-01-30";"gas";100.58;14.45
7582;27;"2023-05-30";"gas";60.36;6.21
7583;21;"2022-06-07";"gas";874.18;108.08
7584;65;"2022-02-06";"gas";1520.32;136.75
7585;49;"2023-11-27";"electricity";711.92;62.59
7586;62;"2023-03-08";"electricity";810.79;72.31
7587;16;"2023-01-07";"electricity";1133.82;73.03
7588;31;"2021-07-19";"electricity";152.89;18.67
7589;83;"2022-06-26";"electricity";716.14;101.09
7590;100;"2021-06-06";"electricity";339.48;59.73
7591;59;"2024-05-16";"gas";1318.63;77.72
7592;36;"2023-12-23";"gas";1044.78;99.57
7593;1;"2024-03-06";"electricity";224.43;18.66
7594;95;"2022-11-24";"electricity";563.46;54.09
7595;68;"2023-04-17";"electricity";749.12;60.8
7596;78;"2024-04-26";"electricity";131.06;23.06
7597;80;"2024-01-15";"electricity";1967.91;183.63
7598;15;"2021-11-20";"electricity";525.5;49.85
7599;98;"2021-12-29";"gas";231.92;25.53
7600;13;"2023-10-22";"electricity";249.27;44.07
7601;26;"2022-05-24";"electricity";1365.35;94.07
7602;89;"2022-03-06";"electricity";1798.76;104.39
7603;96;"2022-10-28";"electricity";1619.82;94.81
7604;72;"2021-10-19";"gas";297.14;32.7
7605;83;"2022-11-26";"gas";924.7;105.36
7606;25;"2021-06-17";"gas";951.16;100.46
7607;65;"2021-11-05";"electricity";1562.66;91.55
7608;79;"2021-07-04";"gas";23.21;2.36
7609;21;"2022-12-15";"gas";727.01;103.71
7610;3;"2021-12-30";"gas";287.76;29.53
7611;82;"2023-04-01";"gas";112.13;18.28
7612;65;"2023-06-19";"gas";588.92;33.07
7613;90;"2024-02-17";"gas";491.82;50.27
7614;75;"2023-09-18";"gas";283.89;34.73
7615;66;"2023-02-19";"electricity";42.4;4.66
7616;5;"2022-11-04";"electricity";606.48;55.25
7617;29;"2023-09-02";"gas";1101.33;62.81
7618;32;"2022-12-21";"gas";145.37;12.5
7619;6;"2023-01-18";"gas";898.57;54.77
7620;20;"2022-11-12";"gas";1786.82;128.19
7621;49;"2022-05-24";"gas";1372.36;118.11
7622;43;"2022-01-09";"electricity";728.68;67.47
7623;52;"2023-12-30";"electricity";1864.39;165.16
7624;53;"2023-09-21";"electricity";932.63;108.84
7625;76;"2021-11-14";"electricity";632.25;54.27
7626;86;"2022-02-18";"electricity";1003.67;50.41
7627;34;"2021-06-01";"electricity";284.12;32.46
7628;36;"2022-10-15";"electricity";776.18;42.14
7629;63;"2021-06-15";"electricity";166.79;23.08
7630;58;"2021-11-19";"gas";432.04;64.99
7631;89;"2023-09-29";"electricity";1283.44;71.03
7632;8;"2022-05-20";"gas";1530.67;103.07
7633;5;"2022-02-19";"electricity";732.65;54.17
7634;64;"2022-06-27";"gas";320.86;33.25
7635;1;"2022-04-19";"gas";320.15;31.69
7636;15;"2021-07-31";"electricity";444.29;48.84
7637;70;"2021-07-06";"electricity";734.14;76.24
7638;88;"2023-11-26";"electricity";222.81;23.4
7639;45;"2023-07-02";"electricity";1267.83;94.13
7640;16;"2021-11-04";"electricity";520.73;27.89
7641;55;"2022-08-05";"gas";392.63;66.01
7642;72;"2022-01-12";"electricity";333.56;46.41
7643;94;"2021-10-20";"electricity";512.31;51.31
7644;98;"2022-08-20";"electricity";385.13;45.89
7645;1;"2022-03-07";"gas";480.06;43.0
7646;31;"2022-05-26";"electricity";408.3;52.65
7647;74;"2024-03-28";"electricity";102.42;13.15
7648;9;"2023-04-21";"electricity";819.33;88.07
7649;86;"2024-03-24";"gas";1651.1;152.85
7650;53;"2022-02-09";"gas";558.85;71.7
7651;19;"2022-10-06";"gas";984.69;122.13
7652;69;"2022-03-28";"electricity";986.15;64.16
7653;21;"2022-06-01";"electricity";992.21;80.34
7654;97;"2022-06-25";"gas";971.94;53.26
7655;19;"2023-11-13";"gas";371.67;54.01
7656;48;"2023-12-19";"gas";881.08;73.08
7657;93;"2022-02-18";"gas";1957.18;170.7
7658;43;"2023-02-08";"electricity";470.15;55.71
7659;59;"2023-08-20";"gas";1928.1;146.07
7660;52;"2021-11-27";"gas";1001.07;57.96
7661;12;"2023-02-11";"electricity";662.85;79.77
7662;90;"2022-08-05";"gas";273.23;51.86
7663;56;"2022-06-24";"electricity";268.97;42.33
7664;61;"2021-11-26";"electricity";869.16;94.19
7665;27;"2024-02-04";"gas";185.67;32.37
7666;66;"2022-05-26";"gas";483.12;69.61
7667;53;"2023-08-26";"electricity";431.08;56.62
7668;8;"2021-12-01";"electricity";1295.39;128.05
7669;51;"2023-03-04";"gas";1265.75;123.18
7670;74;"2021-08-05";"electricity";344.89;46.03
7671;92;"2023-05-26";"gas";359.43;51.29
7672;18;"2021-09-24";"electricity";892.5;53.96
7673;10;"2022-03-01";"electricity";286.79;52.37
7674;79;"2023-08-09";"electricity";60.36;12.03
7675;91;"2022-02-24";"electricity";1317.27;80.82
7676;88;"2024-02-05";"electricity";884.84;86.73
7677;64;"2024-01-26";"gas";64.69;8.17
7678;15;"2023-08-13";"electricity";976.16;84.79
7679;83;"2022-01-22";"electricity";931.9;96.12
7680;5;"2021-12-13";"electricity";1339.35;106.09
7681;69;"2022-05-04";"electricity";1962.6;167.0
7682;55;"2021-11-24";"gas";357.79;60.81
7683;30;"2022-06-15";"electricity";993.06;107.94
7684;77;"2024-03-31";"electricity";1405.83;116.3
7685;92;"2023-10-13";"gas";928.99;133.08
7686;12;"2023-06-08";"gas";109.82;15.27
7687;90;"2023-05-08";"electricity";377.31;56.48
7688;32;"2024-01-11";"gas";686.75;100.84
7689;97;"2022-04-03";"electricity";1502.88;122.92
7690;32;"2021-08-11";"gas";411.0;55.46
7691;96;"2023-08-16";"gas";730.95;52.4
7692;87;"2023-12-03";"electricity";477.88;78.88
7693;47;"2021-08-15";"gas";572.43;54.34
7694;63;"2023-01-09";"electricity";500.06;40.31
7695;72;"2023-09-26";"gas";423.97;56.58
7696;17;"2023-07-30";"electricity";752.33;104.07
7697;73;"2021-07-21";"electricity";300.05;37.43
7698;47;"2021-10-16";"electricity";480.56;66.8
7699;95;"2021-11-08";"gas";1031.36;89.34
7700;45;"2023-10-02";"electricity";1752.3;103.58
7701;90;"2023-03-26";"electricity";217.14;25.75
7702;67;"2023-11-01";"electricity";919.88;78.8
7703;62;"2023-05-15";"gas";356.88;39.04
7704;15;"2021-12-15";"gas";755.07;73.12
7705;33;"2021-12-05";"gas";1659.99;120.56
7706;4;"2022-09-28";"electricity";568.88;45.53
7707;5;"2022-05-23";"electricity";1431.01;141.39
7708;25;"2023-01-16";"gas";122.95;15.18
7709;15;"2022-01-21";"gas";611.07;80.34
7710;71;"2022-09-08";"gas";956.54;95.45
7711;38;"2021-12-29";"gas";389.78;54.35
7712;89;"2021-07-13";"electricity";1346.16;86.33
7713;44;"2022-04-19";"gas";283.76;45.62
7714;21;"2022-05-08";"electricity";596.22;51.58
7715;26;"2021-08-14";"electricity";626.4;41.13
7716;89;"2022-01-26";"gas";1310.72;83.56
7717;30;"2023-01-07";"gas";311.54;31.16
7718;84;"2023-01-15";"electricity";630.75;93.91
7719;2;"2023-05-07";"gas";404.92;44.01
7720;52;"2023-06-30";"electricity";1041.13;90.52
7721;75;"2024-02-02";"gas";228.89;28.94
7722;87;"2023-11-22";"electricity";315.6;43.65
7723;92;"2024-04-22";"gas";816.01;115.2
7724;6;"2023-08-06";"electricity";941.36;50.87
7725;89;"2021-12-09";"gas";1072.01;85.16
7726;29;"2022-03-26";"electricity";1288.14;120.92
7727;98;"2023-06-04";"gas";332.6;59.83
7728;96;"2024-01-05";"gas";757.01;46.09
7729;92;"2022-11-06";"gas";155.04;19.58
7730;38;"2021-09-04";"electricity";320.3;34.22
7731;7;"2022-04-06";"gas";196.35;31.78
7732;93;"2024-02-16";"electricity";1439.16;125.08
7733;83;"2022-10-16";"gas";398.19;37.52
7734;56;"2023-10-09";"gas";179.56;35.5
7735;98;"2023-03-07";"gas";275.38;45.86
7736;1;"2022-08-12";"gas";208.01;21.52
7737;58;"2023-12-30";"gas";166.69;17.24
7738;52;"2022-02-07";"electricity";1302.48;72.63
7739;73;"2022-10-05";"electricity";431.87;67.07
7740;64;"2021-09-10";"gas";357.24;57.24
7741;9;"2021-10-22";"gas";293.24;36.52
7742;33;"2023-12-18";"electricity";1277.56;119.53
7743;46;"2022-01-10";"gas";1539.98;128.21
7744;77;"2024-01-01";"gas";1883.31;143.22
7745;28;"2024-01-16";"gas";1230.0;88.05
7746;62;"2023-05-27";"gas";963.23;79.31
7747;83;"2022-09-30";"electricity";373.04;48.37
7748;11;"2023-05-21";"electricity";368.62;37.97
7749;19;"2021-06-21";"gas";439.42;46.09
7750;58;"2021-08-27";"electricity";490.6;73.32
7751;3;"2023-06-14";"gas";485.28;77.05
7752;43;"2021-12-15";"gas";727.14;76.73
7753;34;"2021-10-02";"electricity";754.68;82.99
7754;11;"2024-05-18";"gas";397.3;74.46
7755;72;"2022-10-19";"electricity";65.8;7.14
7756;54;"2023-08-12";"gas";253.24;26.05
7757;100;"2023-03-19";"gas";200.73;26.95
7758;50;"2021-09-06";"electricity";95.56;10.95
7759;8;"2024-03-21";"gas";1258.57;77.2
7760;14;"2022-02-16";"electricity";403.51;57.25
7761;20;"2022-06-15";"electricity";1106.02;71.66
7762;3;"2022-07-03";"electricity";206.4;27.43
7763;4;"2023-07-08";"gas";531.93;79.19
7764;83;"2021-12-11";"gas";901.0;93.26
7765;28;"2021-06-05";"electricity";1223.55;68.5
7766;87;"2022-10-29";"electricity";127.14;24.41
7767;58;"2023-02-03";"electricity";352.53;62.8
7768;79;"2024-02-16";"electricity";143.26;23.04
7769;37;"2023-02-04";"electricity";1587.13;101.72
7770;95;"2022-06-22";"electricity";1193.34;89.77
7771;82;"2022-12-26";"gas";425.85;44.85
7772;94;"2022-02-21";"gas";372.81;43.21
7773;83;"2023-10-04";"gas";327.91;43.55
7774;99;"2021-06-25";"gas";654.65;97.96
7775;63;"2022-05-23";"electricity";210.2;30.13
7776;55;"2023-03-08";"gas";87.19;9.0
7777;27;"2022-05-21";"gas";329.89;40.04
7778;62;"2023-08-13";"gas";303.17;33.95
7779;37;"2022-08-26";"gas";621.68;49.66
7780;91;"2022-07-13";"gas";611.67;60.3
7781;47;"2023-03-06";"gas";183.1;21.16
7782;36;"2023-04-05";"gas";1902.33;148.24
7783;81;"2024-03-22";"electricity";166.49;17.54
7784;74;"2021-12-09";"gas";41.77;7.73
7785;14;"2023-02-28";"gas";427.55;54.69
7786;54;"2023-04-02";"gas";260.63;36.49
7787;88;"2021-07-22";"gas";543.76;59.21
7788;2;"2023-01-09";"electricity";220.15;22.51
7789;15;"2023-07-02";"electricity";265.02;37.21
7790;26;"2023-03-03";"electricity";1124.45;83.78
7791;53;"2022-03-18";"electricity";467.94;56.96
7792;61;"2021-10-18";"electricity";831.97;96.26
7793;21;"2023-02-24";"gas";356.77;45.04
7794;86;"2022-09-17";"electricity";1033.61;74.36
7795;55;"2022-02-15";"electricity";353.98;49.22
7796;41;"2023-05-04";"gas";533.92;35.38
7797;14;"2022-05-08";"electricity";378.23;69.1
7798;54;"2022-02-14";"gas";487.45;69.07
7799;95;"2023-05-13";"electricity";566.61;44.95
7800;62;"2023-07-24";"electricity";141.93;11.63
7801;8;"2023-01-27";"gas";1654.27;115.16
7802;10;"2023-01-16";"electricity";486.61;79.43
7803;14;"2021-11-01";"gas";226.51;44.97
7804;92;"2023-03-26";"electricity";733.67;70.64
7805;2;"2021-09-11";"gas";692.99;59.67
7806;15;"2021-09-23";"electricity";997.87;139.88
7807;52;"2023-04-25";"gas";700.79;38.42
7808;11;"2023-12-08";"gas";298.25;56.88
7809;11;"2022-02-16";"electricity";492.54;60.97
7810;53;"2023-12-05";"gas";474.89;39.13
7811;88;"2022-06-07";"electricity";786.79;105.11
7812;24;"2022-09-19";"gas";1472.31;143.61
7813;43;"2021-06-13";"gas";630.46;60.87
7814;59;"2023-11-27";"electricity";796.81;42.51
7815;53;"2023-10-16";"electricity";631.34;66.32
7816;1;"2021-11-28";"gas";341.14;41.35
7817;21;"2021-07-10";"gas";926.67;114.2
7818;24;"2024-04-18";"electricity";1450.93;124.74
7819;71;"2023-06-23";"electricity";204.29;16.62
7820;99;"2024-04-09";"electricity";267.59;39.42
7821;43;"2022-07-15";"gas";858.82;98.94
7822;37;"2022-10-01";"electricity";585.74;40.31
7823;92;"2022-05-01";"gas";771.75;108.44
7824;75;"2021-06-26";"gas";273.85;22.18
7825;54;"2024-05-03";"electricity";493.8;53.46
7826;96;"2024-05-23";"electricity";560.85;48.98
7827;25;"2023-06-16";"gas";548.69;80.21
7828;22;"2021-09-26";"gas";622.71;71.72
7829;75;"2023-03-29";"electricity";709.2;77.4
7830;51;"2023-12-27";"electricity";874.68;45.58
7831;66;"2022-10-24";"electricity";316.79;43.05
7832;46;"2021-11-12";"electricity";1504.09;78.16
7833;30;"2021-10-15";"gas";714.77;74.95
7834;12;"2022-04-11";"gas";773.87;64.82
7835;92;"2024-02-19";"electricity";575.12;68.58
7836;77;"2022-11-16";"gas";619.3;51.58
7837;78;"2022-07-10";"gas";225.31;36.39
7838;54;"2021-07-21";"gas";146.32;26.99
7839;44;"2022-11-23";"electricity";302.86;30.66
7840;94;"2021-08-04";"gas";206.52;19.25
7841;57;"2023-03-11";"electricity";1189.47;103.14
7842;50;"2024-01-22";"electricity";382.96;52.59
7843;99;"2024-05-09";"electricity";548.34;81.25
7844;48;"2022-07-12";"gas";1067.67;82.75
7845;20;"2022-07-21";"electricity";1694.31;95.04
7846;90;"2022-06-27";"gas";166.95;32.39
7847;15;"2024-03-23";"gas";981.85;81.01
7848;97;"2022-05-10";"gas";645.47;48.74
7849;4;"2021-08-01";"gas";485.66;48.59
7850;13;"2022-06-10";"electricity";161.68;22.86
7851;18;"2022-05-30";"gas";679.12;39.11
7852;13;"2023-05-10";"gas";309.78;55.28
7853;46;"2023-05-23";"electricity";1335.78;125.85
7854;50;"2022-09-20";"electricity";278.21;53.53
7855;79;"2023-01-14";"electricity";424.47;65.15
7856;5;"2023-06-09";"gas";940.02;83.91
7857;27;"2022-08-09";"electricity";60.24;10.38
7858;71;"2022-12-18";"electricity";365.64;51.13
7859;1;"2023-03-27";"electricity";426.03;51.49
7860;54;"2021-07-24";"gas";139.8;27.96
7861;45;"2023-01-30";"electricity";1899.11;114.96
7862;36;"2024-03-23";"gas";1650.8;151.18
7863;78;"2022-08-27";"gas";331.0;36.48
7864;39;"2022-05-01";"gas";374.11;46.83
7865;9;"2023-08-23";"gas";194.37;25.92
7866;61;"2021-06-05";"electricity";673.39;57.38
7867;29;"2023-01-17";"gas";1887.5;115.76
7868;57;"2022-04-20";"gas";1473.8;126.55
7869;56;"2022-04-01";"electricity";348.49;65.54
7870;87;"2022-03-25";"electricity";290.51;41.04
7871;27;"2022-05-01";"gas";70.41;14.0
7872;47;"2023-07-25";"electricity";874.69;102.71
7873;28;"2024-05-09";"gas";1470.52;140.64
7874;17;"2023-05-30";"gas";818.48;114.09
7875;54;"2023-11-15";"electricity";138.36;16.73
7876;79;"2022-02-12";"electricity";174.27;19.2
7877;16;"2022-11-18";"gas";1882.22;150.4
7878;96;"2023-10-20";"electricity";1648.57;138.72
7879;11;"2022-08-25";"gas";358.73;61.25
7880;15;"2022-01-17";"gas";992.16;105.31
7881;87;"2023-09-28";"electricity";416.21;76.78
7882;51;"2022-03-01";"gas";1617.58;128.27
7883;78;"2023-07-05";"gas";23.99;3.99
7884;40;"2022-01-13";"gas";234.43;28.13
7885;96;"2023-12-14";"electricity";1816.6;123.16
7886;6;"2023-02-08";"gas";1910.7;133.16
7887;20;"2023-05-26";"gas";789.2;62.71
7888;68;"2023-02-27";"gas";1526.7;95.08
7889;41;"2023-09-09";"gas";1318.09;114.04
7890;79;"2023-10-25";"electricity";33.17;5.02
7891;49;"2021-10-06";"electricity";1273.36;109.18
7892;100;"2024-02-04";"electricity";229.52;41.52
7893;69;"2023-12-07";"electricity";1993.45;136.95
7894;4;"2021-09-18";"gas";688.27;66.39
7895;84;"2022-07-20";"gas";505.71;71.46
7896;73;"2023-05-25";"gas";429.41;68.03
7897;85;"2022-12-22";"electricity";683.88;74.31
7898;96;"2023-04-20";"gas";1826.27;162.21
7899;46;"2024-05-18";"electricity";1250.74;105.37
7900;87;"2023-10-28";"gas";431.19;53.66
7901;16;"2024-05-21";"gas";1747.41;113.47
7902;31;"2021-07-12";"electricity";278.15;36.02
7903;94;"2021-07-18";"electricity";579.83;61.6
7904;64;"2024-04-16";"electricity";341.01;64.32
7905;58;"2021-07-28";"electricity";92.04;10.86
7906;63;"2022-10-13";"electricity";442.3;49.01
7907;77;"2024-04-14";"electricity";1214.23;103.82
7908;49;"2021-12-01";"electricity";1507.12;119.53
7909;17;"2022-09-15";"electricity";769.61;75.89
7910;25;"2024-02-26";"electricity";560.99;67.52
7911;77;"2022-05-25";"gas";1546.3;88.63
7912;79;"2023-05-29";"gas";223.01;43.21
7913;71;"2021-06-06";"gas";411.09;56.42
7914;5;"2022-06-10";"electricity";1564.14;153.26
7915;17;"2022-09-06";"gas";815.54;108.91
7916;61;"2023-02-17";"electricity";626.49;60.63
7917;30;"2022-06-01";"electricity";396.97;36.59
7918;86;"2021-07-23";"gas";1663.15;104.08
7919;100;"2022-04-07";"electricity";462.8;86.67
7920;98;"2023-06-02";"gas";303.53;56.8
7921;61;"2021-12-07";"gas";389.31;35.53
7922;12;"2022-03-25";"electricity";965.45;142.72
7923;19;"2022-05-23";"electricity";395.46;49.11
7924;47;"2023-11-08";"electricity";977.67;128.91
7925;99;"2023-02-06";"gas";363.14;35.88
7926;93;"2023-05-23";"electricity";1409.28;117.36
7927;37;"2023-10-17";"electricity";730.57;37.19
7928;39;"2023-03-08";"gas";182.05;32.72
7929;29;"2022-02-01";"electricity";631.52;49.49
7930;40;"2021-11-04";"electricity";416.21;50.08
7931;49;"2022-07-03";"electricity";562.79;50.16
7932;57;"2021-07-12";"electricity";867.25;51.16
7933;43;"2024-03-12";"gas";379.64;46.43
7934;3;"2022-09-05";"electricity";317.75;33.85
7935;96;"2024-03-30";"gas";920.59;81.94
7936;56;"2022-03-06";"gas";231.58;31.08
7937;32;"2023-05-16";"gas";468.44;69.24
7938;94;"2023-09-14";"gas";427.64;45.8
7939;94;"2022-04-26";"gas";503.91;43.94
7940;20;"2024-03-11";"electricity";1138.12;68.97
7941;16;"2023-06-27";"gas";1779.68;177.4
7942;24;"2021-12-17";"electricity";1230.27;68.73
7943;60;"2023-12-24";"electricity";326.78;51.9
7944;16;"2021-10-02";"electricity";1896.67;163.91
7945;5;"2022-10-14";"gas";1200.23;61.88
7946;52;"2021-08-02";"gas";956.44;70.81
7947;67;"2024-01-15";"electricity";774.48;66.81
7948;82;"2021-09-05";"electricity";164.43;27.01
7949;13;"2022-05-17";"gas";347.93;60.74
7950;18;"2022-04-04";"gas";1520.3;77.68
7951;90;"2023-12-02";"gas";164.8;19.46
7952;65;"2023-07-17";"gas";1612.26;127.59
7953;43;"2023-09-02";"electricity";434.3;53.44
7954;25;"2024-04-28";"electricity";877.8;72.36
7955;97;"2022-06-14";"gas";1861.33;162.68
7956;64;"2022-06-19";"electricity";191.93;23.35
7957;74;"2021-08-19";"electricity";157.46;27.7
7958;90;"2022-12-27";"electricity";157.16;28.66
7959;93;"2022-09-18";"electricity";1158.75;97.77
7960;96;"2023-07-27";"electricity";1855.74;132.41
7961;52;"2021-10-23";"gas";1590.19;88.6
7962;93;"2024-02-13";"gas";1303.58;94.59
7963;100;"2023-01-03";"gas";289.99;45.5
7964;65;"2023-04-28";"gas";577.37;52.23
7965;30;"2022-08-07";"gas";407.8;42.71
7966;97;"2023-04-10";"electricity";849.99;70.98
7967;97;"2023-07-11";"gas";1853.13;159.71
7968;94;"2022-03-01";"electricity";828.12;96.87
7969;56;"2023-05-21";"electricity";52.67;8.56
7970;84;"2023-03-06";"gas";447.44;62.38
7971;55;"2023-08-04";"gas";257.28;34.96
7972;87;"2021-08-31";"gas";284.82;33.59
7973;68;"2023-03-04";"gas";1890.88;167.42
7974;66;"2022-03-16";"gas";421.66;70.99
7975;95;"2023-12-21";"gas";545.31;32.4
7976;44;"2023-05-05";"electricity";50.53;6.57
7977;80;"2024-04-20";"gas";1257.84;112.82
7978;38;"2021-10-18";"electricity";229.52;40.85
7979;16;"2021-06-01";"gas";1986.19;141.96
7980;93;"2022-01-08";"gas";1555.02;139.91
7981;17;"2023-10-18";"electricity";437.09;54.3
7982;40;"2022-12-16";"gas";63.91;9.96
7983;4;"2022-10-26";"gas";166.2;16.16
7984;17;"2021-09-21";"electricity";872.19;118.22
7985;14;"2023-07-31";"electricity";452.75;52.06
7986;57;"2023-08-11";"gas";1365.43;126.96
7987;74;"2021-11-08";"electricity";457.4;85.63
7988;43;"2022-06-14";"gas";653.65;66.94
7989;72;"2022-04-07";"electricity";294.51;51.05
7990;68;"2021-07-01";"electricity";915.57;67.63
7991;100;"2021-07-27";"gas";205.2;24.38
7992;63;"2022-03-05";"electricity";126.5;14.98
7993;10;"2022-09-01";"electricity";154.5;17.36
7994;45;"2024-02-12";"gas";1612.72;93.99
7995;44;"2024-04-29";"electricity";326.06;64.13
7996;85;"2023-10-28";"electricity";634.22;77.25
7997;54;"2024-04-19";"electricity";10.42;2.07
7998;27;"2023-12-10";"gas";457.33;71.47
7999;70;"2022-12-29";"gas";282.89;25.46
8000;76;"2023-01-27";"gas";494.65;49.78
8001;5;"2023-05-31";"gas";1394.84;77.62
8002;95;"2021-05-29";"gas";717.84;64.89
8003;86;"2021-06-15";"electricity";1082.73;98.99
8004;68;"2023-04-06";"gas";1797.84;151.02
8005;59;"2021-07-27";"gas";1680.86;120.06
8006;34;"2023-07-21";"gas";998.62;106.97
8007;22;"2022-07-11";"gas";649.52;85.35
8008;100;"2023-05-11";"electricity";359.96;62.99
8009;31;"2023-10-12";"electricity";464.98;49.9
8010;17;"2023-01-26";"gas";649.81;70.91
8011;4;"2023-09-01";"electricity";968.52;132.98
8012;19;"2022-03-20";"gas";486.54;45.54
8013;14;"2021-06-13";"electricity";135.08;18.73
8014;91;"2024-05-05";"gas";1684.44;87.61
8015;14;"2021-12-20";"gas";128.86;20.97
8016;22;"2022-06-03";"gas";924.82;113.84
8017;77;"2021-10-10";"electricity";1904.74;120.07
8018;54;"2021-10-09";"gas";252.88;31.49
8019;44;"2021-12-13";"electricity";301.1;41.51
8020;54;"2024-01-09";"gas";206.84;30.91
8021;15;"2021-12-14";"electricity";801.78;107.5
8022;79;"2023-07-07";"electricity";160.07;30.36
8023;23;"2023-01-01";"electricity";259.99;30.38
8024;99;"2022-11-28";"electricity";636.05;88.22
8025;54;"2023-10-16";"electricity";419.95;50.46
8026;86;"2022-06-08";"gas";1994.63;157.97
8027;53;"2022-11-12";"electricity";780.34;63.01
8028;30;"2021-10-17";"gas";858.02;94.3
8029;87;"2022-07-07";"electricity";487.94;86.2
8030;92;"2021-10-27";"gas";664.43;97.13
8031;46;"2021-09-05";"gas";969.56;94.33
8032;42;"2021-06-01";"gas";1373.89;132.41
8033;96;"2024-03-15";"electricity";589.64;55.26
8034;1;"2022-03-26";"gas";121.59;9.76
8035;73;"2023-02-09";"gas";84.27;11.64
8036;73;"2023-02-06";"gas";432.39;70.32
8037;6;"2023-10-17";"electricity";1322.84;110.01
8038;91;"2022-07-07";"gas";628.14;46.39
8039;98;"2023-12-11";"electricity";317.8;44.76
8040;91;"2021-08-28";"electricity";896.54;72.58
8041;76;"2023-07-29";"gas";106.11;11.22
8042;42;"2022-06-07";"electricity";612.01;38.73
8043;77;"2023-05-23";"electricity";1617.96;161.69
8044;75;"2023-12-21";"gas";156.34;16.57
8045;18;"2024-03-17";"electricity";1454.95;78.91
8046;76;"2021-12-15";"electricity";813.16;106.13
8047;23;"2024-05-24";"gas";983.57;118.04
8048;7;"2024-01-30";"gas";32.52;4.76
8049;100;"2021-06-22";"gas";22.14;3.45
8050;30;"2024-02-23";"gas";785.99;65.15
8051;87;"2021-08-27";"gas";236.23;33.3
8052;22;"2022-09-09";"electricity";483.33;44.27
8053;47;"2022-05-24";"gas";151.36;17.27
8054;57;"2023-10-23";"gas";774.63;56.42
8055;62;"2023-10-02";"gas";165.88;19.54
8056;10;"2022-07-13";"gas";259.42;39.85
8057;38;"2024-04-13";"gas";214.09;31.07
8058;85;"2024-04-17";"gas";285.21;27.75
8059;31;"2021-08-16";"gas";328.33;46.65
8060;57;"2022-12-22";"electricity";845.67;77.55
8061;56;"2021-07-04";"gas";498.93;55.24
8062;39;"2024-01-09";"electricity";258.61;50.62
8063;71;"2023-03-05";"gas";549.84;65.14
8064;24;"2021-07-06";"electricity";1304.05;116.39
8065;3;"2024-03-17";"electricity";498.35;79.37
8066;89;"2023-05-16";"electricity";815.89;64.99
8067;95;"2022-12-23";"gas";820.85;65.25
8068;60;"2023-04-27";"gas";223.16;40.27
8069;40;"2023-03-25";"electricity";167.05;24.87
8070;20;"2023-07-20";"electricity";1644.39;105.37
8071;46;"2022-06-07";"gas";764.94;67.04
8072;46;"2023-07-05";"gas";1918.59;123.92
8073;63;"2022-03-08";"gas";144.02;18.01
8074;88;"2024-04-02";"electricity";757.68;113.07
8075;77;"2023-03-03";"gas";1838.92;153.61
8076;77;"2022-07-07";"gas";1633.89;159.46
8077;5;"2022-08-26";"gas";1202.75;103.91
8078;82;"2022-04-20";"electricity";456.42;49.19
8079;62;"2023-01-26";"gas";325.74;30.75
8080;44;"2024-03-18";"electricity";180.71;19.54
8081;46;"2022-04-10";"gas";1290.05;114.53
8082;61;"2024-01-05";"electricity";283.55;40.44
8083;28;"2023-12-16";"gas";1447.97;108.26
8084;11;"2024-04-22";"gas";362.07;39.22
8085;98;"2022-03-15";"gas";467.35;73.24
8086;90;"2023-06-21";"electricity";84.09;13.73
8087;35;"2023-06-13";"gas";863.15;76.7
8088;9;"2023-11-16";"electricity";670.2;81.5
8089;17;"2023-04-18";"electricity";347.64;34.38
8090;48;"2023-08-13";"gas";1168.1;109.07
8091;74;"2022-04-26";"electricity";223.2;33.32
8092;84;"2022-04-08";"electricity";678.68;68.28
8093;21;"2021-07-14";"gas";253.66;36.61
8094;90;"2021-12-01";"gas";244.02;45.1
8095;93;"2023-02-07";"electricity";1178.96;89.9
8096;53;"2022-09-10";"gas";806.69;105.8
8097;95;"2022-07-12";"gas";1300.72;110.55
8098;35;"2021-09-17";"electricity";1636.28;111.66
8099;17;"2023-08-18";"electricity";412.04;52.56
8100;16;"2022-12-20";"electricity";1048.41;104.12
8101;39;"2023-03-31";"gas";264.48;48.05
8102;88;"2023-06-15";"electricity";775.93;91.27
8103;37;"2023-10-09";"gas";1532.74;94.98
8104;75;"2023-08-30";"gas";915.8;95.94
8105;23;"2023-03-11";"gas";573.98;53.37
8106;66;"2022-04-04";"gas";58.57;7.33
8107;26;"2023-08-03";"gas";1775.34;98.96
8108;42;"2023-03-16";"gas";1035.38;82.78
8109;75;"2024-01-08";"gas";580.66;51.68
8110;2;"2021-06-19";"gas";829.34;99.11
8111;20;"2023-04-25";"electricity";557.1;46.23
8112;73;"2022-01-03";"electricity";41.11;6.03
8113;63;"2021-09-24";"gas";154.93;21.79
8114;9;"2022-06-22";"gas";266.15;29.64
8115;26;"2022-07-28";"gas";1275.24;107.16
8116;67;"2024-05-08";"electricity";845.17;92.37
8117;86;"2022-10-04";"electricity";537.61;27.59
8118;91;"2022-01-05";"gas";892.21;61.82
8119;56;"2022-08-09";"gas";18.01;2.01
8120;79;"2024-02-18";"gas";33.79;5.21
8121;99;"2024-05-25";"gas";423.51;42.42
8122;93;"2022-03-30";"gas";1082.57;87.3
8123;86;"2024-04-30";"electricity";1724.99;107.29
8124;80;"2023-05-18";"gas";1723.58;146.38
8125;83;"2021-08-06";"gas";253.98;22.15
8126;81;"2022-07-09";"electricity";659.75;63.74
8127;64;"2023-12-31";"gas";105.46;13.45
8128;83;"2023-05-17";"gas";729.52;73.02
8129;29;"2023-05-05";"gas";1973.12;139.98
8130;25;"2023-11-20";"gas";131.22;18.87
8131;77;"2023-10-23";"gas";1150.34;80.24
8132;47;"2022-03-28";"electricity";499.32;60.24
8133;70;"2021-08-31";"electricity";930.1;111.58
8134;95;"2021-08-15";"electricity";894.87;63.83
8135;74;"2024-04-21";"electricity";41.15;6.49
8136;47;"2022-02-02";"electricity";792.54;107.29
8137;33;"2023-03-08";"gas";699.82;38.48
8138;73;"2022-04-24";"electricity";46.34;5.89
8139;84;"2022-01-29";"gas";812.45;77.27
8140;37;"2021-08-17";"gas";1364.36;82.71
8141;61;"2022-08-31";"gas";540.78;60.79
8142;59;"2024-01-24";"electricity";1141.78;104.32
8143;82;"2024-02-05";"electricity";372.05;65.29
8144;99;"2023-08-07";"electricity";827.77;105.01
8145;91;"2024-01-23";"electricity";1727.44;116.4
8146;85;"2023-08-28";"gas";467.53;65.51
8147;64;"2023-09-03";"gas";73.77;12.34
8148;13;"2022-05-27";"gas";456.8;58.28
8149;72;"2024-05-25";"gas";337.43;56.59
8150;62;"2023-01-19";"gas";388.13;39.4
8151;61;"2022-12-10";"gas";157.61;23.26
8152;60;"2022-12-13";"gas";386.03;75.95
8153;69;"2024-05-21";"electricity";1410.61;89.31
8154;57;"2022-05-27";"gas";722.98;66.43
8155;23;"2023-05-01";"electricity";457.18;39.07
8156;19;"2022-06-27";"electricity";791.06;89.76
8157;42;"2023-10-11";"gas";1985.14;157.82
8158;74;"2021-10-02";"gas";422.29;67.63
8159;1;"2023-12-09";"electricity";476.95;48.39
8160;1;"2023-05-22";"electricity";736.57;62.02
8161;85;"2022-06-15";"electricity";334.67;38.98
8162;99;"2023-07-22";"electricity";781.73;99.91
8163;1;"2022-03-20";"electricity";347.26;28.48
8164;17;"2022-07-17";"electricity";628.94;89.18
8165;19;"2024-02-20";"electricity";723.28;88.42
8166;98;"2021-11-11";"gas";54.3;10.23
8167;87;"2022-09-11";"electricity";499.45;64.14
8168;31;"2022-09-15";"gas";323.56;48.47
8169;29;"2023-04-04";"electricity";1485.78;144.53
8170;56;"2022-04-08";"electricity";341.83;54.59
8171;87;"2022-05-29";"gas";290.28;41.45
8172;38;"2022-09-22";"electricity";372.76;45.08
8173;29;"2021-08-31";"gas";1418.24;99.31
8174;75;"2024-04-03";"electricity";850.12;86.48
8175;90;"2023-08-01";"electricity";367.25;60.67
8176;3;"2023-02-26";"electricity";43.16;7.59
8177;51;"2022-04-07";"electricity";979.73;77.69
8178;80;"2023-04-02";"electricity";828.3;70.87
8179;79;"2021-09-29";"electricity";49.48;7.66
8180;74;"2021-08-13";"electricity";207.27;30.4
8181;39;"2023-02-06";"electricity";197.45;38.15
8182;89;"2023-07-13";"gas";598.75;41.61
8183;56;"2021-12-26";"gas";304.99;34.37
8184;71;"2023-08-12";"electricity";553.17;50.92
8185;56;"2023-04-13";"gas";215.71;31.22
8186;62;"2021-07-12";"gas";385.72;49.95
8187;93;"2021-12-06";"electricity";1033.44;69.38
8188;75;"2022-05-19";"gas";760.34;110.88
8189;98;"2022-05-16";"gas";39.46;7.83
8190;94;"2021-07-04";"electricity";322.64;39.79
8191;9;"2022-07-08";"electricity";749.44;81.55
8192;91;"2024-03-26";"gas";1269.45;76.19
8193;99;"2024-01-04";"electricity";587.76;84.17
8194;88;"2021-12-22";"gas";720.4;73.04
8195;20;"2024-03-12";"gas";1202.9;84.46
8196;34;"2021-11-03";"electricity";593.77;55.67
8197;11;"2021-12-02";"gas";424.52;77.84
8198;37;"2022-03-07";"gas";1305.54;99.72
8199;5;"2021-12-20";"gas";973.6;85.88
8200;49;"2024-01-13";"gas";900.68;76.4
8201;23;"2023-01-09";"electricity";820.66;67.55
8202;14;"2023-03-22";"electricity";81.64;10.67
8203;88;"2022-07-09";"electricity";862.63;129.14
8204;32;"2022-08-13";"gas";225.19;22.2
8205;48;"2023-02-08";"gas";960.18;49.12
8206;8;"2024-05-10";"gas";1962.29;170.3
8207;31;"2022-03-17";"gas";886.06;107.66
8208;94;"2022-09-28";"gas";708.89;63.45
8209;28;"2022-08-29";"electricity";1385.23;70.72
8210;85;"2024-03-06";"gas";341.73;31.12
8211;29;"2022-08-22";"gas";1083.36;101.88
8212;31;"2023-09-04";"electricity";689.11;74.12
8213;86;"2023-12-02";"gas";1559.06;95.54
8214;100;"2024-05-01";"electricity";369.65;57.79
8215;93;"2022-02-15";"electricity";1818.55;124.84
8216;3;"2022-08-12";"electricity";417.79;81.85
8217;87;"2023-01-13";"gas";466.34;92.77
8218;21;"2021-07-11";"gas";568.69;74.29
8219;76;"2021-07-05";"gas";928.39;88.52
8220;83;"2023-10-08";"gas";601.16;81.09
8221;20;"2023-09-17";"electricity";1591.94;107.79
8222;79;"2022-11-16";"gas";450.83;84.93
8223;39;"2022-03-10";"electricity";128.74;14.75
8224;61;"2024-04-24";"electricity";138.33;12.53
8225;50;"2023-01-26";"gas";483.76;56.04
8226;46;"2021-06-06";"gas";677.29;60.96
8227;25;"2022-02-06";"electricity";218.28;26.88
8228;11;"2022-03-17";"electricity";106.42;18.67
8229;5;"2024-04-04";"electricity";569.99;50.51
8230;4;"2021-12-27";"electricity";732.88;84.95
8231;9;"2022-09-04";"electricity";622.9;74.16
8232;18;"2024-01-13";"electricity";1937.59;109.19
8233;71;"2021-09-13";"electricity";295.43;43.66
8234;83;"2024-03-06";"gas";450.12;37.92
8235;25;"2022-08-04";"gas";249.37;36.73
8236;60;"2021-07-31";"electricity";231.32;43.0
8237;26;"2023-03-30";"gas";1965.83;103.51
8238;15;"2023-07-23";"electricity";672.71;96.95
8239;27;"2023-07-12";"electricity";487.47;57.23
8240;67;"2023-05-25";"gas";244.19;23.65
8241;54;"2022-04-10";"gas";54.86;7.74
8242;53;"2021-09-23";"electricity";375.85;50.78
8243;23;"2023-07-03";"electricity";210.69;19.09
8244;24;"2023-11-09";"gas";1255.05;95.22
8245;87;"2024-03-12";"electricity";216.28;25.65
8246;51;"2022-07-12";"gas";783.69;68.74
8247;23;"2021-11-01";"gas";428.54;35.34
8248;66;"2022-03-13";"gas";329.45;44.55
8249;79;"2022-01-03";"gas";498.21;82.14
8250;47;"2022-06-22";"electricity";234.72;25.57
8251;43;"2023-06-25";"gas";628.27;58.67
8252;10;"2022-10-02";"gas";98.79;15.05
8253;60;"2023-10-07";"electricity";286.28;35.74
8254;58;"2023-10-22";"gas";353.8;57.09
8255;91;"2021-10-20";"gas";1849.35;95.97
8256;83;"2021-09-18";"electricity";639.27;78.8
8257;99;"2022-02-10";"gas";990.38;135.31
8258;86;"2022-07-23";"gas";1366.93;69.65
8259;26;"2023-01-10";"electricity";1014.29;79.33
8260;61;"2023-04-12";"electricity";701.81;73.15
8261;49;"2023-04-13";"electricity";996.84;78.82
8262;30;"2021-11-30";"electricity";140.57;15.59
8263;71;"2024-04-15";"electricity";819.9;92.74
8264;51;"2021-11-03";"gas";785.79;72.13
8265;100;"2021-09-02";"electricity";496.06;97.28
8266;4;"2023-12-17";"electricity";297.37;41.12
8267;39;"2022-01-13";"electricity";24.43;2.85
8268;100;"2022-05-20";"gas";38.02;7.55
8269;40;"2022-12-25";"gas";69.8;9.8
8270;67;"2023-08-14";"electricity";436.6;39.5
8271;47;"2022-08-13";"electricity";554.86;48.29
8272;12;"2021-06-30";"gas";649.3;78.06
8273;87;"2023-09-13";"electricity";431.31;85.56
8274;74;"2023-09-03";"gas";142.95;28.13
8275;85;"2023-03-13";"gas";710.05;72.24
8276;80;"2023-05-01";"gas";1499.33;109.13
8277;56;"2024-02-16";"gas";187.57;21.2
8278;80;"2023-02-12";"electricity";1402.56;90.79
8279;16;"2023-06-28";"electricity";838.53;59.44
8280;64;"2023-09-16";"electricity";419.4;79.29
8281;50;"2023-06-04";"electricity";467.24;51.5
8282;50;"2022-10-13";"gas";235.49;46.22
8283;22;"2023-12-04";"electricity";721.97;68.98
8284;9;"2022-11-23";"gas";913.16;131.39
8285;34;"2023-03-22";"electricity";966.35;79.3
8286;18;"2021-08-12";"electricity";1895.67;184.67
8287;96;"2023-11-08";"electricity";1030.5;62.04
8288;17;"2023-06-23";"electricity";617.61;91.49
8289;31;"2024-03-03";"electricity";716.48;98.2
8290;25;"2024-02-25";"gas";965.25;118.56
8291;98;"2023-08-29";"gas";389.59;51.12
8292;73;"2023-03-05";"electricity";15.76;1.88
8293;49;"2021-05-29";"gas";1999.81;142.59
8294;17;"2023-08-10";"electricity";309.54;27.33
8295;88;"2022-09-28";"electricity";981.35;120.76
8296;60;"2022-03-31";"electricity";35.75;5.36
8297;29;"2024-03-28";"gas";1380.66;133.38
8298;2;"2023-08-28";"electricity";541.1;64.86
8299;64;"2023-12-09";"gas";476.79;52.71
8300;18;"2023-04-05";"electricity";1470.91;127.19
8301;38;"2022-09-19";"gas";304.63;39.84
8302;67;"2023-08-13";"electricity";130.07;15.32
8303;13;"2024-04-14";"electricity";177.2;33.07
8304;72;"2022-03-30";"gas";23.52;3.62
8305;7;"2023-05-30";"gas";225.01;43.02
8306;74;"2023-07-09";"electricity";248.0;46.03
8307;3;"2022-03-15";"gas";348.28;41.68
8308;67;"2022-10-26";"electricity";569.37;74.71
8309;3;"2022-03-24";"electricity";45.74;6.52
8310;64;"2023-11-12";"gas";174.27;27.6
8311;76;"2022-12-11";"electricity";667.71;73.22
8312;99;"2021-07-25";"electricity";204.23;23.07
8313;27;"2022-12-12";"electricity";154.66;24.98
8314;68;"2024-05-11";"electricity";635.91;50.12
8315;25;"2023-10-31";"electricity";570.06;78.59
8316;28;"2024-05-03";"electricity";1606.07;155.57
8317;22;"2021-11-25";"electricity";886.51;77.22
8318;26;"2023-06-15";"gas";1488.85;138.09
8319;42;"2021-07-28";"electricity";1954.89;134.11
8320;60;"2023-07-17";"gas";17.18;1.73
8321;34;"2021-06-15";"electricity";230.64;19.0
8322;19;"2021-08-23";"gas";103.46;12.67
8323;95;"2022-05-29";"electricity";620.81;31.69
8324;83;"2021-11-20";"gas";174.22;15.4
8325;80;"2021-08-02";"gas";549.88;32.69
8326;45;"2021-12-31";"gas";1512.46;108.57
8327;73;"2023-03-08";"gas";457.92;65.84
8328;90;"2021-12-14";"gas";94.16;15.58
8329;60;"2024-02-20";"gas";216.53;31.86
8330;44;"2023-05-07";"gas";151.95;29.35
8331;55;"2022-08-18";"gas";401.94;53.69
8332;13;"2021-10-18";"gas";31.4;3.74
8333;91;"2023-08-31";"gas";1268.64;68.73
8334;49;"2022-09-26";"electricity";789.15;43.97
8335;64;"2023-07-20";"electricity";404.92;70.71
8336;83;"2022-03-04";"electricity";552.54;48.66
8337;88;"2022-12-20";"gas";210.26;28.64
8338;40;"2022-12-27";"gas";446.5;89.08
8339;13;"2022-02-06";"gas";270.95;41.29
8340;30;"2024-05-23";"gas";740.32;77.17
8341;3;"2022-08-19";"electricity";407.41;72.18
8342;80;"2023-01-31";"electricity";1702.05;114.34
8343;54;"2023-08-27";"gas";282.59;37.23
8344;61;"2023-08-06";"gas";820.67;81.77
8345;80;"2022-03-13";"electricity";1216.03;101.56
8346;12;"2021-08-13";"electricity";377.0;40.99
8347;91;"2022-11-01";"electricity";929.99;86.46
8348;7;"2021-10-27";"gas";481.32;91.01
8349;49;"2023-04-12";"gas";636.71;55.94
8350;57;"2022-10-30";"electricity";668.92;63.84
8351;28;"2021-07-18";"electricity";749.09;61.63
8352;29;"2022-10-30";"electricity";1116.77;61.39
8353;49;"2023-05-21";"electricity";936.41;67.44
8354;14;"2022-02-21";"electricity";496.69;58.45
8355;14;"2023-03-21";"gas";493.64;50.49
8356;12;"2022-12-03";"gas";920.38;115.15
8357;70;"2023-06-12";"electricity";469.29;46.3
8358;36;"2023-08-02";"electricity";1520.28;111.25
8359;24;"2021-08-30";"electricity";1780.85;173.69
8360;38;"2021-10-19";"electricity";228.92;38.01
8361;91;"2022-06-04";"electricity";540.69;33.28
8362;59;"2022-02-21";"gas";1648.2;102.97
8363;59;"2022-04-23";"electricity";536.42;28.12
8364;68;"2022-12-27";"electricity";1896.53;186.51
8365;21;"2023-08-12";"electricity";722.79;85.17
8366;97;"2023-04-17";"gas";1264.15;75.46
8367;82;"2022-11-16";"gas";335.5;61.9
8368;86;"2022-02-01";"gas";637.77;49.79
8369;87;"2021-08-28";"gas";386.12;70.99
8370;78;"2024-01-20";"gas";350.82;35.26
8371;57;"2023-04-08";"electricity";621.95;42.35
8372;63;"2021-11-15";"electricity";486.41;49.48
8373;49;"2023-08-28";"gas";673.22;36.77
8374;70;"2021-12-21";"gas";674.21;101.09
8375;23;"2024-01-22";"electricity";929.72;106.81
8376;29;"2021-08-30";"gas";1937.03;109.63
8377;5;"2022-02-07";"electricity";1047.17;74.61
8378;13;"2022-09-07";"gas";178.73;19.11
8379;83;"2023-07-23";"gas";111.67;15.91
8380;26;"2021-08-03";"gas";632.86;39.22
8381;35;"2021-08-08";"gas";1868.73;184.08
8382;55;"2021-10-28";"electricity";110.58;18.77
8383;68;"2023-08-01";"electricity";1965.46;100.25
8384;29;"2023-08-15";"gas";1237.35;68.5
8385;85;"2023-10-19";"electricity";242.93;28.86
8386;17;"2021-06-19";"electricity";627.1;89.3
8387;23;"2021-07-05";"gas";535.34;59.79
8388;98;"2023-06-04";"gas";369.95;64.78
8389;13;"2023-02-27";"electricity";69.84;10.52
8390;16;"2024-04-17";"electricity";1305.78;73.5
8391;89;"2021-10-19";"electricity";1926.47;109.27
8392;57;"2023-08-07";"gas";990.5;75.7
8393;30;"2022-12-25";"gas";921.66;86.34
8394;82;"2023-01-22";"electricity";66.0;11.31
8395;76;"2022-02-19";"gas";734.32;79.92
8396;35;"2022-06-29";"gas";1839.29;143.64
8397;53;"2023-11-24";"gas";332.93;30.97
8398;8;"2022-09-29";"electricity";653.15;40.23
8399;85;"2023-08-30";"gas";227.8;31.18
8400;83;"2022-01-09";"gas";779.14;96.28
8401;26;"2024-01-26";"gas";502.85;37.48
8402;82;"2021-09-27";"gas";70.56;13.22
8403;54;"2024-02-02";"electricity";77.49;10.9
8404;76;"2021-11-13";"gas";657.01;58.17
8405;30;"2021-12-12";"electricity";802.92;110.11
8406;47;"2022-06-25";"gas";589.27;54.44
8407;50;"2021-07-22";"electricity";124.0;22.87
8408;48;"2023-06-25";"gas";902.02;64.12
8409;25;"2022-12-21";"gas";276.98;32.76
8410;91;"2021-12-30";"gas";805.21;73.43
8411;35;"2023-12-13";"electricity";1653.31;119.35
8412;90;"2023-03-18";"electricity";50.29;9.77
8413;52;"2021-12-21";"gas";1163.77;99.07
8414;86;"2021-11-07";"gas";1204.32;114.54
8415;52;"2023-12-14";"electricity";949.82;65.04
8416;57;"2024-02-16";"gas";1350.91;99.07
8417;17;"2022-05-06";"gas";362.79;47.14
8418;52;"2023-06-21";"electricity";1483.44;140.56
8419;39;"2023-04-13";"gas";72.81;14.15
8420;13;"2024-02-09";"electricity";474.15;49.32
8421;76;"2023-07-05";"electricity";605.34;59.64
8422;16;"2021-06-13";"gas";1026.14;56.52
8423;10;"2021-10-25";"gas";207.02;23.37
8424;75;"2024-05-08";"electricity";976.81;91.63
8425;82;"2023-05-18";"electricity";191.58;29.49
8426;1;"2023-10-16";"electricity";411.63;37.0
8427;75;"2023-03-28";"gas";105.55;12.89
8428;92;"2021-06-26";"gas";297.58;37.22
8429;49;"2023-01-26";"gas";1672.11;127.36
8430;7;"2024-02-05";"gas";477.56;55.19
8431;81;"2023-06-02";"gas";895.55;124.88
8432;96;"2021-07-11";"electricity";1940.03;159.6
8433;100;"2024-03-01";"electricity";149.32;26.03
8434;24;"2024-01-16";"gas";670.45;39.14
8435;23;"2023-09-25";"electricity";695.65;73.76
8436;94;"2022-12-13";"gas";146.18;20.25
8437;75;"2022-08-16";"electricity";533.45;53.71
8438;58;"2024-02-17";"gas";320.14;50.22
8439;61;"2022-01-21";"electricity";263.76;27.36
8440;54;"2022-10-08";"electricity";239.64;39.55
8441;76;"2024-03-22";"electricity";979.47;139.52
8442;67;"2021-12-20";"electricity";815.61;114.62
8443;51;"2023-03-18";"electricity";1281.91;65.27
8444;31;"2023-08-27";"gas";735.17;77.39
8445;99;"2023-11-12";"gas";753.16;86.35
8446;3;"2021-06-11";"electricity";350.14;50.22
8447;88;"2022-07-14";"gas";108.65;16.26
8448;23;"2023-03-31";"electricity";960.28;95.75
8449;44;"2024-03-26";"electricity";190.79;22.36
8450;49;"2024-05-20";"electricity";1003.5;69.17
8451;60;"2023-11-19";"electricity";389.22;41.48
8452;25;"2022-07-24";"electricity";327.44;39.16
8453;70;"2023-06-17";"electricity";364.13;32.35
8454;79;"2023-03-26";"electricity";411.11;53.23
8455;95;"2024-03-21";"gas";1926.92;156.63
8456;86;"2021-08-31";"electricity";574.42;46.63
8457;10;"2023-12-25";"gas";386.89;58.85
8458;10;"2021-11-26";"gas";488.94;71.45
8459;98;"2022-02-20";"gas";195.78;22.24
8460;27;"2021-08-25";"electricity";81.46;13.86
8461;11;"2022-10-08";"electricity";146.81;16.34
8462;72;"2021-06-11";"electricity";105.29;18.69
8463;30;"2024-03-12";"gas";119.58;17.82
8464;98;"2024-01-04";"electricity";324.09;41.49
8465;48;"2024-05-26";"electricity";1063.06;80.6
8466;54;"2024-04-15";"gas";146.05;26.58
8467;63;"2021-08-25";"electricity";845.35;76.3
8468;39;"2021-10-04";"electricity";186.35;20.71
8469;95;"2023-03-16";"gas";1041.29;70.73
8470;19;"2022-08-14";"gas";471.55;39.98
8471;68;"2022-11-03";"electricity";1902.85;150.51
8472;73;"2023-08-07";"gas";315.17;43.13
8473;87;"2022-04-20";"electricity";377.92;48.23
8474;16;"2024-02-01";"electricity";772.5;51.43
8475;51;"2023-06-30";"electricity";1611.78;87.53
8476;82;"2024-03-22";"gas";164.82;30.96
8477;19;"2023-02-02";"electricity";142.11;17.19
8478;95;"2022-11-25";"gas";1894.8;180.52
8479;71;"2022-09-17";"electricity";848.55;76.17
8480;21;"2023-12-01";"electricity";783.1;67.2
8481;65;"2022-09-17";"gas";578.68;39.87
8482;15;"2024-02-27";"electricity";373.27;42.78
8483;39;"2023-01-21";"gas";47.26;5.59
8484;100;"2024-01-28";"electricity";101.79;11.27
8485;77;"2023-11-22";"gas";900.15;51.61
8486;41;"2023-01-29";"electricity";1943.25;98.1
8487;36;"2022-12-13";"gas";1088.03;84.29
8488;38;"2021-07-29";"gas";300.52;58.72
8489;41;"2022-12-04";"electricity";592.78;36.69
8490;27;"2021-06-13";"electricity";227.72;37.09
8491;97;"2022-06-09";"electricity";1918.6;141.85
8492;7;"2021-06-28";"gas";36.08;5.53
8493;98;"2023-06-18";"gas";36.95;4.2
8494;99;"2023-03-06";"electricity";358.04;51.45
8495;94;"2023-01-08";"electricity";786.15;85.74
8496;37;"2022-05-21";"gas";1021.19;84.93
8497;51;"2023-06-05";"gas";1957.68;132.79
8498;71;"2022-07-27";"gas";478.49;56.22
8499;23;"2022-02-21";"gas";926.85;90.39
8500;11;"2021-10-25";"electricity";307.01;57.11
8501;30;"2021-11-24";"gas";379.17;56.68
8502;8;"2024-03-17";"electricity";1668.6;127.23
8503;13;"2023-11-06";"gas";34.0;3.82
8504;71;"2021-08-15";"electricity";774.81;89.86
8505;62;"2024-03-09";"electricity";677.57;74.71
8506;44;"2022-10-22";"electricity";219.66;39.43
8507;6;"2023-09-08";"gas";1398.83;107.1
8508;89;"2022-05-01";"electricity";1462.51;99.84
8509;46;"2022-11-28";"electricity";1194.42;91.86
8510;78;"2023-04-12";"gas";99.12;16.0
8511;62;"2022-11-10";"gas";430.41;51.76
8512;62;"2023-09-13";"electricity";508.68;55.65
8513;73;"2022-03-02";"gas";163.37;30.17
8514;37;"2021-07-10";"electricity";879.93;86.21
8515;54;"2024-03-26";"gas";394.85;77.03
8516;95;"2022-04-12";"gas";708.32;60.21
8517;88;"2023-09-20";"electricity";423.33;45.08
8518;23;"2023-11-29";"electricity";627.9;76.47
8519;14;"2022-11-06";"electricity";129.88;16.06
8520;68;"2021-07-09";"gas";1481.3;123.92
8521;49;"2022-09-09";"electricity";1245.17;117.09
8522;97;"2023-09-14";"electricity";648.85;58.94
8523;83;"2023-03-25";"gas";750.6;69.1
8524;52;"2023-03-18";"gas";882.96;75.1
8525;74;"2022-03-05";"gas";74.16;12.55
8526;91;"2023-11-30";"electricity";1697.17;90.93
8527;38;"2021-06-11";"gas";308.85;54.63
8528;45;"2023-11-12";"gas";935.37;79.77
8529;69;"2023-08-31";"electricity";1302.92;125.95
8530;21;"2021-11-12";"gas";560.44;50.89
8531;58;"2022-05-28";"gas";28.2;4.03
8532;43;"2024-05-28";"gas";433.29;48.05
8533;68;"2022-06-30";"gas";507.69;30.66
8534;77;"2021-09-23";"electricity";570.9;32.42
8535;38;"2022-12-13";"electricity";109.01;17.39
8536;8;"2024-05-14";"gas";915.44;79.78
8537;6;"2023-06-21";"gas";1234.25;86.82
8538;78;"2022-11-19";"gas";441.54;77.49
8539;78;"2021-11-26";"electricity";124.32;14.78
8540;6;"2022-11-07";"electricity";1396.7;70.47
8541;28;"2022-07-06";"gas";956.69;53.12
8542;67;"2022-05-05";"electricity";231.47;34.66
8543;14;"2024-01-17";"gas";255.19;41.26
8544;70;"2024-04-02";"gas";295.49;39.74
8545;63;"2023-07-15";"electricity";812.68;104.1
8546;61;"2022-05-09";"electricity";340.55;42.51
8547;72;"2023-12-22";"gas";197.93;25.84
8548;88;"2021-11-24";"electricity";872.06;123.95
8549;50;"2021-09-22";"electricity";133.3;20.71
8550;75;"2022-08-17";"gas";248.88;27.06
8551;96;"2023-10-09";"gas";950.82;90.43
8552;10;"2024-03-22";"electricity";198.37;38.47
8553;15;"2022-10-30";"gas";564.99;59.82
8554;37;"2022-05-11";"electricity";1828.72;134.92
8555;54;"2024-03-06";"gas";286.66;47.14
8556;59;"2021-06-23";"electricity";1229.5;79.78
8557;66;"2023-08-28";"electricity";268.72;32.84
8558;40;"2023-10-17";"electricity";76.26;14.75
8559;51;"2021-07-26";"electricity";1813.33;178.0
8560;95;"2023-10-31";"gas";1423.15;85.62
8561;52;"2023-03-27";"electricity";557.94;33.83
8562;80;"2023-09-23";"gas";1799.52;153.45
8563;88;"2023-07-04";"electricity";863.83;106.62
8564;79;"2023-06-03";"gas";82.03;11.37
8565;96;"2023-08-07";"electricity";1321.98;130.84
8566;68;"2022-10-19";"gas";1531.53;128.53
8567;77;"2022-11-17";"electricity";1689.71;122.59
8568;87;"2021-09-25";"electricity";485.75;67.58
8569;10;"2021-11-22";"electricity";61.17;9.89
8570;75;"2024-01-21";"gas";587.4;69.94
8571;52;"2023-09-05";"gas";1062.4;101.54
8572;76;"2022-08-03";"gas";907.92;99.64
8573;25;"2023-07-05";"electricity";210.96;30.37
8574;14;"2022-05-29";"electricity";359.4;42.43
8575;88;"2024-02-29";"electricity";433.57;51.87
8576;4;"2022-12-17";"electricity";710.13;76.63
8577;62;"2023-11-18";"electricity";578.2;65.2
8578;15;"2022-09-24";"gas";136.62;17.67
8579;74;"2023-02-22";"gas";332.15;57.42
8580;80;"2022-04-27";"gas";1762.73;166.35
8581;45;"2022-04-24";"gas";1303.99;81.95
8582;40;"2021-10-24";"electricity";375.19;66.2
8583;22;"2021-12-10";"electricity";181.88;27.12
8584;15;"2023-09-16";"gas";700.79;75.56
8585;71;"2022-04-19";"gas";683.29;81.62
8586;25;"2023-10-29";"electricity";393.35;54.27
8587;39;"2022-04-30";"electricity";428.29;48.52
8588;47;"2022-03-31";"gas";396.97;43.44
8589;53;"2021-09-27";"electricity";120.83;15.73
8590;72;"2023-03-28";"gas";248.58;42.36
8591;94;"2022-03-19";"electricity";303.11;43.79
8592;25;"2024-03-20";"electricity";568.07;76.85
8593;66;"2023-08-29";"electricity";267.51;44.53
8594;72;"2021-09-16";"electricity";143.88;24.66
8595;70;"2022-03-19";"electricity";806.93;66.41
8596;35;"2022-04-18";"electricity";947.01;70.89
8597;31;"2024-03-17";"gas";465.44;62.72
8598;92;"2024-04-22";"gas";351.13;39.55
8599;54;"2021-12-10";"gas";279.38;29.97
8600;92;"2023-06-14";"electricity";735.13;66.44
8601;51;"2021-11-25";"gas";784.15;40.52
8602;50;"2021-12-12";"gas";181.46;32.04
8603;17;"2023-07-17";"gas";144.34;19.73
8604;46;"2023-04-08";"electricity";1289.14;122.1
8605;55;"2022-10-20";"gas";421.7;80.0
8606;8;"2022-12-10";"electricity";1046.94;93.04
8607;38;"2022-10-23";"electricity";342.68;54.54
8608;73;"2023-12-08";"electricity";425.99;81.39
8609;88;"2023-12-05";"gas";127.78;16.27
8610;24;"2022-07-18";"electricity";1213.52;85.16
8611;36;"2022-08-16";"gas";651.73;42.31
8612;67;"2023-03-26";"electricity";624.83;89.7
8613;76;"2022-05-19";"electricity";914.02;130.06
8614;9;"2024-02-24";"electricity";286.29;28.07
8615;83;"2021-09-13";"gas";964.68;144.58
8616;5;"2023-07-01";"gas";613.93;51.7
8617;51;"2024-04-12";"electricity";1619.67;106.49
8618;53;"2021-08-23";"electricity";759.99;90.31
8619;86;"2022-09-24";"electricity";1914.19;97.81
8620;43;"2022-07-18";"gas";553.71;81.24
8621;51;"2022-05-23";"electricity";1226.14;117.57
8622;51;"2022-03-13";"gas";1760.36;146.5
8623;72;"2021-11-02";"gas";460.7;79.6
8624;74;"2021-08-27";"gas";319.18;43.64
8625;91;"2024-02-15";"electricity";813.73;63.26
8626;27;"2024-04-29";"electricity";135.05;23.54
8627;31;"2021-08-10";"gas";457.17;51.28
8628;38;"2023-10-27";"gas";14.73;1.63
8629;68;"2021-10-11";"electricity";749.14;56.37
8630;69;"2022-10-15";"electricity";1446.75;144.45
8631;46;"2022-11-19";"gas";1072.75;70.27
8632;65;"2023-03-15";"gas";1337.99;98.51
8633;67;"2022-08-08";"gas";395.46;53.15
8634;57;"2022-02-21";"electricity";1277.6;122.78
8635;79;"2024-03-04";"electricity";293.97;43.33
8636;56;"2023-11-06";"gas";310.01;33.67
8637;85;"2021-06-14";"electricity";267.03;27.32
8638;71;"2022-11-23";"electricity";946.19;77.63
8639;3;"2024-03-18";"gas";319.66;61.54
8640;46;"2024-02-18";"electricity";836.17;77.03
8641;19;"2022-05-07";"electricity";572.9;60.27
8642;50;"2024-03-11";"gas";268.72;42.64
8643;88;"2021-08-17";"electricity";934.97;130.86
8644;83;"2022-07-20";"gas";271.68;36.23
8645;14;"2021-08-13";"electricity";359.79;37.33
8646;69;"2023-03-29";"electricity";1180.25;87.41
8647;93;"2021-10-14";"gas";739.48;37.98
8648;93;"2023-01-28";"gas";1080.97;93.02
8649;4;"2021-11-02";"gas";768.7;108.78
8650;27;"2022-02-01";"electricity";359.57;55.74
8651;64;"2021-09-05";"gas";471.4;84.17
8652;4;"2023-03-15";"gas";859.02;121.6
8653;61;"2024-03-29";"electricity";880.36;71.65
8654;49;"2024-03-21";"gas";863.51;82.42
8655;7;"2024-05-09";"gas";102.68;14.36
8656;100;"2022-02-17";"gas";164.28;31.16
8657;90;"2023-05-02";"gas";485.77;76.79
8658;54;"2023-06-10";"electricity";159.92;22.09
8659;100;"2021-09-12";"electricity";226.6;31.03
8660;83;"2022-05-10";"gas";613.39;85.6
8661;15;"2022-10-22";"gas";398.8;50.05
8662;51;"2022-03-13";"electricity";1966.86;160.9
8663;30;"2023-02-13";"electricity";710.8;64.0
8664;10;"2023-07-25";"gas";371.43;72.71
8665;47;"2023-10-06";"electricity";738.51;108.13
8666;70;"2024-01-31";"gas";452.18;67.01
8667;61;"2023-11-01";"gas";153.44;12.76
8668;49;"2021-08-22";"electricity";1098.42;56.65
8669;71;"2023-04-09";"electricity";542.36;60.64
8670;16;"2023-09-07";"electricity";1999.53;110.41
8671;43;"2022-06-13";"gas";552.74;78.36
8672;34;"2024-05-09";"electricity";725.36;80.25
8673;72;"2023-05-02";"gas";44.9;7.98
8674;51;"2022-04-24";"electricity";1892.82;180.77
8675;67;"2021-11-25";"gas";888.34;101.94
8676;96;"2023-08-15";"gas";645.54;42.46
8677;14;"2023-01-11";"gas";414.08;63.48
8678;49;"2023-05-01";"gas";939.96;58.57
8679;58;"2022-02-22";"electricity";464.48;72.58
8680;100;"2023-12-09";"electricity";214.48;24.64
8681;39;"2022-05-22";"gas";493.06;81.09
8682;57;"2022-09-09";"gas";1644.22;120.75
8683;24;"2022-02-22";"gas";751.06;57.15
8684;8;"2021-08-15";"gas";738.52;62.98
8685;39;"2021-11-25";"gas";397.17;40.71
8686;89;"2023-12-16";"gas";1009.03;85.34
8687;99;"2021-11-13";"electricity";913.81;91.13
8688;80;"2023-01-05";"gas";907.52;71.66
8689;31;"2023-01-11";"electricity";580.22;68.5
8690;89;"2022-08-07";"gas";1898.18;139.46
8691;41;"2021-07-02";"electricity";794.26;78.27
8692;6;"2022-03-03";"electricity";1625.96;81.37
8693;41;"2021-11-25";"gas";1741.15;109.69
8694;50;"2022-10-23";"electricity";197.92;23.45
8695;79;"2023-09-30";"electricity";188.32;28.11
8696;39;"2023-04-09";"electricity";388.94;59.55
8697;97;"2021-09-08";"gas";819.64;44.7
8698;61;"2024-05-11";"gas";490.43;58.64
8699;91;"2024-05-14";"electricity";922.35;61.25
8700;36;"2023-03-01";"gas";1916.1;183.32
8701;63;"2023-07-12";"gas";723.71;87.72
8702;35;"2022-12-14";"electricity";561.67;46.99
8703;82;"2022-09-26";"gas";117.05;18.18
8704;27;"2022-03-01";"gas";373.76;44.61
8705;19;"2022-11-21";"electricity";427.97;59.9
8706;39;"2023-02-28";"gas";393.22;49.55
8707;63;"2021-09-03";"electricity";981.0;111.22
8708;76;"2023-10-12";"gas";469.33;43.02
8709;72;"2023-09-28";"gas";176.79;25.47
8710;83;"2021-12-12";"gas";391.31;44.75
8711;49;"2021-06-15";"electricity";979.01;94.08
8712;66;"2023-06-22";"electricity";305.67;35.74
8713;42;"2022-09-18";"electricity";1294.05;83.62
8714;97;"2023-03-14";"gas";801.72;72.21
8715;6;"2024-03-18";"electricity";1500.77;126.74
8716;69;"2022-09-13";"gas";1179.37;101.27
8717;19;"2021-11-17";"gas";307.07;34.19
8718;70;"2022-02-12";"electricity";141.38;16.63
8719;35;"2023-09-09";"electricity";1069.48;56.01
8720;53;"2022-07-15";"gas";420.55;35.0
8721;2;"2023-09-08";"gas";386.16;55.81
8722;79;"2023-03-14";"electricity";194.96;34.5
8723;15;"2023-11-20";"electricity";718.82;73.9
8724;69;"2022-09-03";"electricity";1513.81;129.98
8725;77;"2022-06-07";"gas";1811.5;93.13
8726;18;"2023-05-21";"gas";1911.02;169.21
8727;97;"2022-09-06";"gas";1631.07;128.18
8728;22;"2024-05-04";"electricity";667.97;70.59
8729;4;"2021-08-14";"gas";967.01;114.12
8730;96;"2023-12-16";"electricity";1975.47;161.18
8731;50;"2022-03-25";"gas";96.96;15.58
8732;77;"2024-03-07";"gas";644.55;34.52
8733;41;"2022-03-06";"electricity";1596.6;152.04
8734;67;"2021-09-26";"gas";116.36;15.26
8735;75;"2022-05-05";"electricity";836.81;102.87
8736;95;"2021-12-08";"gas";801.22;60.44
8737;72;"2022-01-04";"electricity";138.71;24.5
8738;6;"2023-10-30";"gas";1747.5;132.17
8739;68;"2022-03-12";"electricity";606.2;30.86
8740;91;"2022-04-13";"gas";619.43;47.74
8741;71;"2023-03-28";"gas";382.5;36.16
8742;50;"2022-01-24";"gas";307.07;57.82
8743;6;"2022-01-18";"electricity";1674.44;128.79
8744;25;"2023-06-29";"gas";545.23;75.21
8745;80;"2021-09-21";"electricity";1455.3;142.92
8746;69;"2024-02-20";"gas";1412.85;131.1
8747;72;"2023-11-10";"electricity";378.59;57.74
8748;15;"2023-01-15";"gas";705.94;79.85
8749;61;"2022-06-06";"electricity";401.15;42.61
8750;26;"2022-08-23";"electricity";656.18;56.0
8751;48;"2024-03-16";"gas";963.57;73.83
8752;32;"2021-08-02";"electricity";383.16;31.46
8753;27;"2021-07-05";"electricity";207.2;40.36
8754;58;"2023-08-26";"electricity";338.53;48.28
8755;60;"2022-06-03";"gas";265.6;44.81
8756;20;"2024-03-30";"gas";869.42;78.61
8757;38;"2024-04-11";"electricity";446.71;54.7
8758;87;"2023-05-05";"electricity";334.3;60.55
8759;51;"2023-11-20";"electricity";865.22;72.62
8760;50;"2024-05-10";"electricity";103.35;14.36
8761;72;"2023-07-12";"gas";323.73;44.33
8762;79;"2024-03-28";"electricity";203.85;27.7
8763;49;"2022-10-10";"gas";751.05;67.36
8764;89;"2022-10-07";"gas";1616.2;92.83
8765;77;"2022-08-22";"electricity";1639.58;113.19
8766;46;"2022-10-17";"electricity";930.01;63.65
8767;12;"2024-03-22";"electricity";515.81;41.68
8768;17;"2023-09-27";"electricity";249.33;36.9
8769;64;"2021-07-05";"gas";110.73;12.7
8770;36;"2021-08-08";"electricity";1659.89;83.13
8771;42;"2022-09-25";"electricity";1031.4;102.1
8772;58;"2021-08-18";"electricity";209.95;40.3
8773;11;"2023-11-04";"electricity";107.21;20.69
8774;14;"2023-10-21";"gas";403.14;42.25
8775;30;"2022-02-05";"gas";218.99;31.89
8776;7;"2023-12-25";"gas";261.75;47.27
8777;8;"2022-11-09";"electricity";1171.26;94.28
8778;69;"2022-03-08";"gas";1055.01;87.4
8779;16;"2023-11-01";"electricity";1610.17;83.97
8780;30;"2024-03-02";"gas";680.38;71.98
8781;63;"2023-04-25";"electricity";595.24;83.38
8782;71;"2022-02-14";"electricity";874.05;72.48
8783;25;"2021-05-31";"gas";190.53;25.18
8784;42;"2022-06-21";"gas";677.94;43.08
8785;100;"2021-08-09";"electricity";17.87;2.48
8786;75;"2021-12-12";"gas";883.55;77.52
8787;37;"2023-04-21";"gas";1696.33;165.31
8788;1;"2022-05-12";"gas";477.81;70.91
8789;54;"2022-04-21";"electricity";26.68;4.31
8790;17;"2021-12-30";"gas";333.4;31.4
8791;31;"2024-04-14";"electricity";467.55;60.26
8792;56;"2023-07-18";"gas";33.48;3.66
8793;12;"2022-05-14";"electricity";169.6;16.3
8794;64;"2023-12-04";"electricity";436.01;68.13
8795;43;"2023-02-18";"gas";203.69;19.74
8796;73;"2024-03-24";"gas";19.7;3.62
8797;52;"2023-12-13";"gas";1097.34;101.06
8798;22;"2024-03-15";"electricity";441.93;40.24
8799;8;"2022-09-03";"electricity";1214.1;106.89
8800;14;"2022-12-08";"electricity";255.63;31.79
8801;33;"2022-02-04";"electricity";1151.76;94.34
8802;12;"2021-12-24";"gas";755.66;108.13
8803;61;"2022-04-20";"electricity";174.82;22.68
8804;16;"2023-04-12";"electricity";535.31;42.94
8805;86;"2023-07-07";"gas";1343.05;90.04
8806;60;"2023-01-12";"electricity";205.5;29.37
8807;61;"2022-04-08";"gas";990.51;143.57
8808;29;"2022-01-22";"gas";1769.27;100.39
8809;52;"2024-02-05";"gas";833.39;50.74
8810;2;"2024-05-24";"gas";799.12;66.14
8811;10;"2022-03-31";"electricity";83.2;15.19
8812;15;"2023-09-17";"gas";219.88;32.67
8813;97;"2023-08-09";"electricity";1127.04;77.79
8814;88;"2022-03-22";"electricity";251.95;30.84
8815;74;"2021-07-03";"gas";341.02;56.98
8816;11;"2023-02-24";"electricity";125.08;23.97
8817;28;"2021-06-01";"electricity";1395.13;126.97
8818;7;"2021-09-07";"gas";121.23;17.59
8819;28;"2021-10-12";"gas";1033.01;73.83
8820;10;"2021-09-08";"electricity";258.48;33.22
8821;73;"2024-04-18";"electricity";190.07;31.8
8822;47;"2023-04-15";"gas";726.83;97.5
8823;40;"2024-03-18";"gas";355.62;44.69
8824;69;"2023-03-23";"gas";1716.38;151.16
8825;63;"2022-07-29";"gas";725.72;93.77
8826;73;"2022-02-28";"gas";45.93;7.02
8827;94;"2021-06-29";"electricity";206.88;30.0
8828;91;"2023-08-09";"electricity";800.16;47.39
8829;34;"2023-07-09";"gas";852.6;103.06
8830;53;"2023-04-15";"gas";158.43;19.59
8831;36;"2022-05-08";"electricity";904.48;69.4
8832;29;"2021-12-24";"gas";839.91;51.91
8833;63;"2022-04-24";"electricity";448.66;62.84
8834;71;"2023-09-20";"gas";103.91;10.58
8835;16;"2023-02-28";"gas";1628.28;103.23
8836;17;"2024-04-20";"gas";224.57;32.69
8837;75;"2024-05-14";"electricity";775.31;114.7
8838;26;"2024-04-19";"electricity";1770.85;110.12
8839;19;"2022-08-05";"gas";826.16;112.22
8840;95;"2024-05-01";"gas";949.39;79.15
8841;11;"2023-12-04";"electricity";464.26;66.12
8842;77;"2021-07-29";"electricity";1998.76;178.66
8843;97;"2021-08-08";"gas";1612.22;114.21
8844;99;"2023-12-27";"electricity";850.98;85.26
8845;75;"2022-02-15";"gas";609.03;89.21
8846;76;"2021-08-22";"electricity";601.84;65.92
8847;20;"2023-06-12";"electricity";1297.83;104.8
8848;55;"2021-10-09";"gas";107.48;15.78
8849;93;"2021-12-25";"electricity";1990.96;185.39
8850;99;"2023-09-08";"gas";714.84;102.7
8851;6;"2024-04-10";"gas";786.55;58.3
8852;77;"2022-01-30";"gas";761.41;70.94
8853;17;"2022-08-31";"electricity";460.81;44.67
8854;83;"2022-07-09";"gas";177.95;22.11
8855;52;"2022-03-07";"gas";597.9;43.06
8856;13;"2022-10-15";"electricity";59.09;6.13
8857;1;"2022-12-23";"gas";161.84;18.02
8858;55;"2021-07-13";"gas";326.64;48.46
8859;53;"2022-01-22";"electricity";243.89;23.31
8860;19;"2022-04-09";"electricity";715.19;90.66
8861;87;"2024-02-11";"gas";213.88;35.7
8862;10;"2022-02-27";"electricity";35.82;5.23
8863;67;"2022-01-20";"electricity";619.28;90.77
8864;32;"2022-09-28";"gas";183.89;15.42
8865;47;"2023-07-08";"electricity";611.27;82.72
8866;67;"2023-06-04";"electricity";180.36;23.1
8867;71;"2024-02-06";"electricity";635.95;83.72
8868;89;"2022-06-03";"gas";1640.16;135.78
8869;95;"2021-11-14";"electricity";1406.87;116.63
8870;60;"2021-10-13";"electricity";32.15;4.13
8871;22;"2022-12-09";"gas";845.21;83.37
8872;56;"2024-03-06";"gas";223.28;30.29
8873;45;"2022-03-20";"electricity";1779.63;141.1
8874;89;"2022-07-15";"gas";1603.75;135.5
8875;59;"2021-10-22";"electricity";1921.18;98.2
8876;86;"2023-05-23";"gas";1028.2;100.25
8877;87;"2023-12-25";"gas";334.26;33.92
8878;43;"2023-02-08";"gas";180.09;18.76
8879;86;"2022-02-04";"gas";1916.39;139.6
8880;84;"2023-01-14";"gas";120.39;16.44
8881;84;"2023-08-06";"gas";582.16;58.3
8882;44;"2023-04-01";"electricity";408.59;75.99
8883;53;"2022-07-08";"electricity";640.86;67.32
8884;26;"2023-01-15";"electricity";1922.54;141.67
8885;93;"2023-09-25";"gas";1393.11;72.19
8886;77;"2021-12-12";"electricity";1363.48;89.07
8887;63;"2023-06-18";"electricity";289.76;39.51
8888;67;"2024-02-29";"gas";605.77;63.85
8889;37;"2021-10-11";"gas";1880.35;164.77
8890;51;"2023-11-24";"gas";974.68;54.39
8891;16;"2022-03-28";"electricity";1630.36;158.9
8892;67;"2023-10-19";"gas";132.23;18.34
8893;60;"2022-10-24";"electricity";490.14;72.91
8894;80;"2023-11-09";"electricity";546.72;49.82
8895;99;"2021-12-07";"gas";752.04;73.75
8896;91;"2021-11-11";"electricity";949.25;84.65
8897;33;"2023-05-08";"electricity";1233.64;84.27
8898;7;"2024-02-11";"gas";150.89;19.89
8899;31;"2023-11-15";"electricity";585.98;82.26
8900;2;"2023-06-17";"electricity";693.95;94.78
8901;20;"2023-07-18";"electricity";785.35;55.22
8902;27;"2022-07-30";"electricity";294.19;50.81
8903;31;"2021-12-05";"electricity";965.1;94.9
8904;59;"2023-09-05";"electricity";823.05;80.14
8905;48;"2022-12-11";"gas";1094.11;94.46
8906;42;"2023-11-15";"gas";1354.79;73.33
8907;45;"2021-11-14";"gas";1316.5;76.33
8908;36;"2024-03-03";"electricity";746.04;62.31
8909;55;"2022-02-13";"gas";239.44;29.06
8910;35;"2021-07-30";"electricity";896.45;47.32
8911;59;"2022-09-04";"electricity";687.26;44.42
8912;14;"2022-10-15";"electricity";485.64;79.46
8913;17;"2023-05-04";"electricity";356.4;43.27
8914;40;"2022-01-12";"gas";266.77;34.37
8915;78;"2024-04-11";"electricity";71.85;13.39
8916;95;"2024-04-10";"gas";1836.63;116.78
8917;77;"2023-03-16";"electricity";1884.97;118.98
8918;89;"2021-06-04";"electricity";574.96;47.57
8919;49;"2024-02-20";"gas";1061.39;88.4
8920;15;"2024-02-03";"gas";645.81;64.78
8921;96;"2021-09-15";"gas";1918.6;139.96
8922;81;"2022-02-21";"electricity";317.03;27.44
8923;92;"2024-03-14";"electricity";846.56;99.89
8924;29;"2021-12-08";"gas";651.21;63.47
8925;73;"2024-05-17";"gas";353.65;59.53
8926;1;"2023-09-20";"electricity";378.82;35.15
8927;87;"2023-12-16";"gas";78.09;9.12
8928;57;"2021-11-12";"electricity";1353.82;77.64
8929;2;"2022-07-30";"gas";131.94;15.13
8930;1;"2021-06-20";"electricity";451.43;43.41
8931;94;"2021-07-28";"gas";550.67;65.11
8932;51;"2023-08-21";"gas";701.64;45.1
8933;30;"2022-02-23";"electricity";123.06;16.45
8934;20;"2023-03-25";"gas";1775.05;111.45
8935;30;"2023-02-04";"gas";488.44;67.26
8936;69;"2024-03-28";"gas";752.31;51.96
8937;96;"2023-12-25";"electricity";726.04;54.67
8938;8;"2023-07-18";"gas";1068.9;91.56
8939;62;"2023-10-03";"electricity";813.69;90.63
8940;19;"2021-06-06";"electricity";458.12;54.11
8941;54;"2021-07-22";"gas";165.2;26.32
8942;99;"2021-09-01";"electricity";144.5;18.83
8943;25;"2022-09-13";"electricity";381.13;55.13
8944;77;"2023-07-01";"gas";1918.31;159.48
8945;92;"2023-08-19";"gas";522.51;57.02
8946;58;"2021-12-02";"electricity";321.12;50.01
8947;72;"2022-05-10";"electricity";247.46;40.87
8948;24;"2022-06-13";"gas";790.17;56.86
8949;100;"2024-05-04";"gas";43.68;7.19
8950;90;"2022-03-29";"gas";400.14;44.16
8951;42;"2021-10-04";"electricity";1895.42;144.67
8952;77;"2022-03-11";"gas";989.34;50.87
8953;99;"2023-04-17";"gas";617.81;67.79
8954;16;"2023-02-19";"electricity";1340.27;91.42
8955;77;"2024-05-03";"gas";690.25;66.92
8956;24;"2024-04-22";"gas";1845.27;169.19
8957;28;"2023-04-29";"electricity";1230.93;113.78
8958;75;"2021-07-26";"electricity";388.67;50.81
8959;46;"2023-11-03";"electricity";1475.11;146.05
8960;15;"2022-05-29";"gas";328.5;42.83
8961;46;"2022-08-10";"gas";1223.71;66.75
8962;7;"2022-01-21";"gas";96.19;17.42
8963;39;"2022-10-13";"electricity";140.86;16.21
8964;38;"2021-07-28";"electricity";381.61;65.36
8965;45;"2024-04-11";"electricity";612.78;60.16
8966;38;"2023-09-17";"gas";60.25;9.04
8967;90;"2021-12-28";"electricity";404.46;51.18
8968;19;"2023-03-12";"electricity";337.9;35.45
8969;24;"2023-11-18";"electricity";1716.75;93.15
8970;19;"2022-06-09";"gas";255.64;22.96
8971;93;"2024-03-05";"gas";1496.34;108.53
8972;47;"2023-08-04";"gas";202.19;21.17
8973;88;"2021-06-07";"electricity";982.15;96.27
8974;26;"2024-05-06";"electricity";787.9;43.69
8975;93;"2024-02-26";"gas";1496.58;126.25
8976;68;"2022-03-13";"electricity";1847.32;126.0
8977;99;"2022-03-04";"gas";986.48;122.8
8978;70;"2023-01-15";"gas";922.71;115.45
8979;4;"2022-12-31";"electricity";741.23;90.28
8980;41;"2022-10-24";"electricity";1927.32;139.76
8981;8;"2023-07-25";"gas";1985.29;189.93
8982;40;"2022-04-19";"electricity";347.07;40.51
8983;93;"2021-09-01";"electricity";822.63;45.53
8984;98;"2022-08-28";"electricity";22.42;4.19
8985;76;"2024-02-12";"gas";365.91;30.92
8986;21;"2021-06-25";"electricity";439.09;38.65
8987;50;"2024-01-13";"gas";273.61;45.52
8988;23;"2024-01-02";"gas";211.99;26.2
8989;88;"2022-06-30";"electricity";491.0;65.48
8990;74;"2023-09-15";"gas";189.2;35.22
8991;51;"2021-12-16";"electricity";1546.32;131.16
8992;51;"2022-03-09";"gas";741.3;55.07
8993;51;"2023-12-05";"gas";742.38;58.37
8994;40;"2022-02-28";"electricity";463.01;65.3
8995;6;"2022-01-18";"electricity";1173.34;72.76
8996;72;"2021-12-23";"electricity";143.87;22.61
8997;86;"2021-08-27";"electricity";556.1;40.74
8998;3;"2021-12-22";"electricity";172.29;24.16
8999;94;"2023-09-23";"gas";160.76;24.03
9000;92;"2021-10-03";"gas";321.48;45.73
9001;27;"2022-09-24";"electricity";323.63;63.04
9002;99;"2023-10-02";"electricity";933.39;77.06
9003;3;"2024-01-17";"electricity";356.4;51.82
9004;55;"2022-01-30";"gas";76.14;8.24
9005;7;"2023-04-15";"electricity";434.08;80.52
9006;17;"2023-07-07";"electricity";209.27;18.3
9007;11;"2023-05-19";"gas";190.77;31.74
9008;12;"2021-11-04";"electricity";662.98;99.42
9009;10;"2022-06-22";"gas";482.83;81.74
9010;51;"2021-10-08";"electricity";1947.38;175.07
9011;58;"2021-08-28";"electricity";365.84;51.29
9012;99;"2022-06-28";"gas";187.81;19.99
9013;48;"2022-02-26";"gas";1616.77;101.88
9014;7;"2022-12-23";"electricity";396.33;45.98
9015;42;"2023-12-01";"electricity";895.85;47.45
9016;89;"2023-05-01";"electricity";701.01;61.1
9017;75;"2024-02-12";"gas";517.9;62.39
9018;40;"2023-05-08";"electricity";328.71;56.08
9019;84;"2022-01-09";"electricity";787.69;68.07
9020;87;"2023-08-29";"electricity";287.48;35.08
9021;32;"2023-12-16";"gas";731.46;103.45
9022;86;"2021-09-09";"gas";864.25;49.71
9023;82;"2023-02-16";"gas";152.56;30.22
9024;32;"2023-05-27";"gas";911.24;105.55
9025;14;"2023-11-11";"electricity";103.07;14.83
9026;28;"2024-03-10";"gas";1733.87;153.37
9027;63;"2023-03-19";"gas";739.93;100.48
9028;1;"2022-04-09";"gas";427.23;44.86
9029;47;"2022-07-09";"electricity";369.62;48.86
9030;9;"2022-11-26";"gas";374.16;48.01
9031;61;"2023-11-25";"gas";194.4;18.01
9032;25;"2022-07-05";"gas";493.9;70.09
9033;97;"2022-08-26";"electricity";705.84;67.64
9034;50;"2022-01-11";"electricity";338.79;41.31
9035;20;"2021-07-27";"electricity";1006.18;60.63
9036;77;"2022-06-24";"gas";793.22;47.21
9037;69;"2023-11-13";"gas";1833.6;173.6
9038;35;"2024-01-27";"electricity";1715.77;149.74
9039;79;"2021-12-25";"gas";423.38;72.68
9040;38;"2024-03-26";"electricity";491.18;86.75
9041;54;"2023-08-31";"electricity";386.44;59.76
9042;56;"2021-10-11";"gas";53.71;9.65
9043;13;"2023-05-25";"electricity";185.47;31.96
9044;81;"2022-07-16";"gas";578.87;74.58
9045;64;"2023-05-04";"gas";104.35;17.72
9046;89;"2022-10-27";"electricity";1005.4;54.77
9047;49;"2023-07-21";"electricity";885.27;58.38
9048;59;"2024-03-26";"gas";1973.31;162.35
9049;43;"2023-08-18";"electricity";801.0;83.36
9050;90;"2023-11-17";"electricity";249.93;30.57
9051;29;"2022-09-21";"gas";780.33;49.43
9052;48;"2021-06-18";"electricity";605.16;43.45
9053;76;"2023-03-11";"gas";602.06;63.28
9054;58;"2023-08-01";"gas";161.45;30.02
9055;63;"2022-10-15";"electricity";711.25;67.5
9056;90;"2023-08-06";"gas";188.72;32.46
9057;13;"2021-09-29";"electricity";121.57;17.9
9058;22;"2022-10-04";"electricity";432.87;57.29
9059;89;"2023-10-17";"electricity";1404.48;124.31
9060;22;"2022-02-04";"gas";957.01;119.03
9061;71;"2022-11-17";"gas";806.1;120.85
9062;46;"2022-09-03";"gas";1977.14;122.14
9063;31;"2023-02-13";"electricity";507.05;43.72
9064;6;"2024-01-05";"electricity";1320.98;94.25
9065;9;"2021-12-30";"electricity";543.1;44.05
9066;24;"2023-02-12";"electricity";1831.73;163.67
9067;12;"2023-07-06";"electricity";124.93;11.09
9068;92;"2023-04-25";"electricity";756.71;103.07
9069;98;"2023-12-01";"electricity";143.77;19.33
9070;47;"2023-11-08";"gas";456.94;40.08
9071;14;"2022-03-08";"gas";431.22;58.51
9072;17;"2023-11-11";"electricity";979.82;92.85
9073;69;"2023-10-19";"electricity";628.3;41.28
9074;35;"2023-12-03";"gas";516.36;34.9
9075;88;"2023-10-11";"electricity";936.68;119.29
9076;99;"2022-07-18";"gas";790.11;85.72
9077;37;"2023-04-03";"electricity";1790.09;106.93
9078;56;"2022-09-16";"electricity";333.49;62.07
9079;22;"2022-07-22";"gas";274.68;34.9
9080;13;"2024-04-04";"electricity";348.56;64.98
9081;63;"2023-01-12";"electricity";138.24;12.26
9082;85;"2021-11-28";"electricity";581.15;59.67
9083;73;"2023-02-20";"electricity";207.36;27.76
9084;24;"2022-08-03";"electricity";628.15;35.2
9085;92;"2022-03-11";"gas";380.78;40.41
9086;2;"2024-02-20";"electricity";546.04;80.95
9087;22;"2021-07-10";"electricity";565.31;48.83
9088;16;"2022-12-19";"electricity";610.67;33.15
9089;45;"2022-11-19";"electricity";938.55;81.04
9090;10;"2023-02-22";"gas";334.44;49.04
9091;57;"2023-04-30";"gas";1903.96;102.54
9092;27;"2021-06-06";"gas";409.53;61.94
9093;43;"2023-08-27";"electricity";345.92;44.08
9094;20;"2023-03-19";"gas";941.38;56.63
9095;93;"2023-01-05";"gas";1689.59;90.29
9096;7;"2022-10-25";"electricity";315.07;45.31
9097;99;"2021-08-02";"gas";301.81;40.79
9098;53;"2022-01-13";"electricity";372.73;36.37
9099;68;"2023-03-06";"gas";1015.97;93.94
9100;70;"2022-02-28";"gas";251.81;34.87
9101;74;"2024-03-09";"electricity";414.21;49.87
9102;76;"2024-03-27";"electricity";715.67;82.37
9103;73;"2022-01-04";"electricity";152.89;25.73
9104;65;"2023-05-18";"gas";686.28;51.38
9105;16;"2022-09-04";"gas";1673.28;157.18
9106;68;"2022-04-15";"gas";1605.8;120.5
9107;82;"2023-01-11";"gas";418.63;42.47
9108;36;"2024-01-26";"electricity";1438.72;101.73
9109;54;"2023-08-05";"gas";287.91;51.51
9110;22;"2022-02-16";"electricity";243.52;24.08
9111;82;"2024-02-04";"gas";285.45;45.01
9112;75;"2021-10-03";"gas";442.04;48.77
9113;82;"2021-09-20";"gas";488.42;79.75
9114;97;"2021-10-23";"electricity";1003.09;78.44
9115;17;"2021-12-29";"gas";827.61;73.6
9116;67;"2024-02-23";"gas";223.05;21.52
9117;96;"2023-02-22";"electricity";1858.42;154.67
9118;47;"2023-03-30";"gas";580.91;52.51
9119;69;"2024-04-06";"electricity";608.66;53.46
9120;59;"2023-09-01";"gas";1934.76;175.19
9121;18;"2021-06-16";"gas";1365.59;77.43
9122;71;"2022-07-10";"electricity";926.09;112.35
9123;43;"2023-07-20";"gas";407.49;45.29
9124;81;"2022-03-29";"electricity";701.81;83.36
9125;74;"2023-08-20";"electricity";187.64;23.15
9126;82;"2021-12-29";"gas";197.25;19.73
9127;71;"2022-06-23";"electricity";459.0;50.29
9128;36;"2022-09-16";"gas";686.14;58.79
9129;63;"2022-02-03";"gas";820.07;67.15
9130;91;"2023-05-10";"gas";591.67;48.69
9131;34;"2023-03-19";"gas";633.09;69.69
9132;72;"2021-06-01";"electricity";244.86;31.13
9133;59;"2022-08-28";"electricity";1622.57;121.79
9134;41;"2023-01-24";"electricity";1154.31;74.61
9135;21;"2022-10-13";"electricity";351.22;35.64
9136;8;"2023-10-20";"electricity";1448.3;79.89
9137;24;"2024-05-26";"electricity";1647.17;142.91
9138;99;"2022-08-25";"electricity";979.76;101.73
9139;43;"2021-05-31";"electricity";952.82;140.91
9140;52;"2024-03-15";"gas";1745.49;137.61
9141;34;"2023-11-04";"electricity";819.04;93.21
9142;8;"2021-08-27";"electricity";1017.55;68.05
9143;38;"2022-02-21";"electricity";73.98;7.66
9144;16;"2021-08-29";"electricity";1998.5;167.26
9145;59;"2023-10-29";"electricity";741.18;40.65
9146;73;"2021-12-04";"gas";168.32;26.68
9147;17;"2021-08-09";"electricity";352.83;47.66
9148;56;"2022-12-30";"electricity";157.96;24.06
9149;55;"2023-03-25";"gas";347.83;66.08
9150;29;"2023-12-22";"electricity";579.94;37.27
9151;89;"2024-03-28";"electricity";1866.7;162.05
9152;61;"2022-07-02";"electricity";720.79;83.67
9153;41;"2023-08-13";"gas";1175.6;90.57
9154;19;"2021-06-28";"gas";733.43;98.5
9155;40;"2022-10-17";"gas";385.6;71.41
9156;12;"2023-03-22";"gas";626.32;91.8
9157;73;"2022-01-20";"electricity";166.82;31.99
9158;93;"2024-05-08";"electricity";1250.12;81.68
9159;39;"2022-08-31";"gas";148.79;19.63
9160;52;"2023-11-27";"gas";535.95;27.66
9161;35;"2024-01-07";"electricity";1399.2;109.71
9162;57;"2023-09-16";"gas";641.27;44.29
9163;76;"2021-08-07";"electricity";848.72;93.27
9164;11;"2023-07-22";"electricity";426.77;75.02
9165;73;"2023-04-26";"gas";20.89;3.55
9166;95;"2022-01-23";"gas";789.63;70.39
9167;91;"2022-10-06";"electricity";1014.6;90.23
9168;90;"2021-10-28";"gas";342.97;53.34
9169;21;"2023-09-07";"electricity";688.88;93.05
9170;21;"2021-06-08";"electricity";300.53;35.97
9171;33;"2023-06-21";"electricity";1829.87;126.51
9172;93;"2024-01-18";"gas";1975.84;152.88
9173;96;"2021-12-25";"electricity";1055.2;56.5
9174;14;"2022-01-28";"electricity";356.27;42.03
9175;23;"2023-03-09";"electricity";986.51;143.28
9176;80;"2021-10-23";"gas";678.26;59.7
9177;63;"2022-04-26";"gas";568.23;69.58
9178;67;"2022-10-14";"electricity";101.96;15.0
9179;66;"2022-12-16";"electricity";490.24;59.57
9180;98;"2023-06-08";"electricity";119.57;12.55
9181;59;"2022-04-13";"gas";809.55;44.06
9182;85;"2023-04-14";"electricity";899.17;85.67
9183;95;"2022-11-27";"electricity";1375.28;121.38
9184;58;"2022-10-18";"electricity";464.21;69.75
9185;96;"2022-08-30";"gas";861.04;60.83
9186;99;"2023-12-28";"electricity";827.23;83.0
9187;82;"2022-01-10";"gas";220.23;41.51
9188;31;"2023-12-29";"electricity";726.03;67.17
9189;64;"2024-03-21";"electricity";359.23;44.22
9190;91;"2021-11-22";"electricity";1229.89;77.71
9191;74;"2023-08-15";"gas";374.91;67.57
9192;67;"2022-11-08";"gas";903.87;111.24
9193;16;"2022-02-17";"gas";1823.27;174.28
9194;67;"2023-06-08";"gas";298.83;30.43
9195;57;"2024-05-07";"electricity";695.73;38.36
9196;54;"2023-05-27";"electricity";188.14;22.43
9197;66;"2023-02-16";"gas";133.09;19.3
9198;1;"2023-12-21";"electricity";725.79;82.36
9199;53;"2022-04-10";"electricity";408.99;35.97
9200;92;"2023-03-24";"gas";427.0;62.61
9201;90;"2022-10-19";"electricity";12.59;2.23
9202;23;"2022-08-18";"electricity";969.83;104.47
9203;97;"2021-09-13";"electricity";857.43;56.89
9204;35;"2023-09-27";"gas";1273.91;87.23
9205;18;"2022-02-07";"gas";1140.1;91.87
9206;29;"2021-11-13";"electricity";1060.64;98.21
9207;50;"2021-05-31";"electricity";420.39;59.96
9208;8;"2023-12-29";"electricity";921.55;64.93
9209;79;"2023-05-23";"electricity";341.5;66.24
9210;98;"2021-09-21";"electricity";211.19;29.04
9211;87;"2021-11-01";"gas";385.34;70.94
9212;96;"2024-05-06";"electricity";1566.94;149.47
9213;21;"2023-01-31";"electricity";945.55;91.91
9214;60;"2023-04-23";"gas";21.85;3.27
9215;86;"2023-01-03";"gas";1169.82;73.19
9216;24;"2022-06-25";"electricity";1191.57;97.73
9217;88;"2023-04-18";"electricity";781.28;96.58
9218;2;"2021-07-02";"gas";997.28;89.95
9219;42;"2023-12-03";"electricity";1227.09;85.94
9220;40;"2022-09-08";"gas";352.18;47.34
9221;56;"2021-05-31";"gas";84.54;11.28
9222;89;"2022-08-14";"gas";1024.43;81.68
9223;63;"2024-04-03";"gas";441.11;43.35
9224;42;"2022-05-01";"electricity";1598.39;128.07
9225;29;"2024-03-28";"gas";1765.59;164.78
9226;85;"2021-12-03";"gas";145.42;20.34
9227;75;"2023-08-04";"gas";929.87;106.72
9228;28;"2021-10-02";"electricity";1003.59;77.75
9229;89;"2023-10-12";"electricity";1604.17;105.35
9230;42;"2024-05-15";"gas";1284.73;81.45
9231;18;"2022-09-01";"electricity";960.47;66.46
9232;58;"2022-11-02";"gas";189.71;21.58
9233;77;"2022-09-16";"electricity";937.67;64.22
9234;46;"2023-02-19";"gas";1141.36;84.6
9235;33;"2021-07-08";"electricity";1341.32;76.34
9236;24;"2022-05-13";"electricity";841.19;67.89
9237;64;"2023-03-13";"gas";228.23;40.7
9238;79;"2022-01-09";"electricity";33.04;6.09
9239;24;"2023-07-01";"electricity";1193.36;75.09
9240;85;"2021-07-15";"electricity";820.92;68.9
9241;61;"2023-07-15";"electricity";763.25;94.85
9242;80;"2021-09-03";"gas";1580.73;101.51
9243;97;"2021-06-11";"gas";1213.95;77.62
9244;81;"2022-04-23";"gas";101.28;12.06
9245;57;"2022-09-01";"electricity";1442.81;132.41
9246;55;"2023-04-02";"electricity";103.73;14.21
9247;5;"2021-11-30";"electricity";1741.72;108.67
9248;8;"2023-03-08";"electricity";699.04;67.76
9249;69;"2022-08-05";"gas";1302.0;73.39
9250;20;"2023-04-19";"gas";1422.91;132.66
9251;84;"2024-01-17";"gas";360.38;46.52
9252;36;"2023-02-03";"gas";1457.04;113.31
9253;55;"2022-01-09";"electricity";341.9;60.31
9254;80;"2023-12-29";"gas";1845.12;97.07
9255;54;"2022-03-30";"electricity";276.94;27.98
9256;11;"2022-01-21";"electricity";163.77;27.95
9257;69;"2022-01-14";"gas";1592.86;80.59
9258;4;"2023-10-30";"electricity";935.3;78.51
9259;23;"2021-08-01";"gas";407.89;38.9
9260;1;"2022-03-03";"electricity";990.21;148.16
9261;95;"2021-09-28";"gas";526.55;36.36
9262;76;"2022-09-29";"electricity";616.12;60.04
9263;38;"2021-12-08";"gas";275.03;37.59
9264;18;"2023-03-31";"electricity";1640.66;120.43
9265;62;"2023-01-23";"electricity";941.0;118.61
9266;31;"2021-07-20";"gas";500.26;64.36
9267;41;"2021-07-03";"gas";1655.26;132.75
9268;2;"2021-12-24";"gas";554.97;77.94
9269;8;"2022-10-07";"gas";1364.94;97.0
9270;83;"2024-05-15";"electricity";948.82;88.4
9271;26;"2022-12-13";"gas";1043.81;86.38
9272;34;"2023-09-01";"gas";879.24;98.7
9273;33;"2023-04-04";"electricity";741.74;69.55
9274;58;"2024-03-21";"electricity";189.49;30.65
9275;69;"2023-06-10";"gas";1288.9;75.98
9276;49;"2022-01-17";"electricity";525.1;31.14
9277;54;"2022-07-22";"gas";243.0;30.97
9278;81;"2021-08-24";"electricity";672.14;74.85
9279;90;"2022-07-19";"electricity";174.0;18.22
9280;21;"2023-09-30";"electricity";961.88;114.34
9281;17;"2024-02-21";"electricity";849.09;90.72
9282;53;"2024-02-14";"electricity";265.82;29.14
9283;65;"2023-10-10";"gas";1034.16;53.27
9284;6;"2021-06-14";"gas";1135.5;95.78
9285;75;"2022-10-10";"electricity";717.53;103.33
9286;71;"2024-01-28";"gas";789.56;97.95
9287;23;"2023-10-31";"electricity";160.02;23.12
9288;75;"2023-08-13";"electricity";654.91;74.05
9289;70;"2022-11-12";"electricity";632.62;59.72
9290;90;"2021-10-04";"gas";287.25;43.41
9291;52;"2021-12-13";"electricity";1613.45;121.98
9292;7;"2023-05-07";"electricity";152.34;30.22
9293;36;"2021-10-07";"gas";1236.75;108.34
9294;90;"2022-08-25";"gas";154.08;20.56
9295;94;"2021-07-10";"electricity";442.31;46.53
9296;16;"2023-09-05";"gas";986.49;80.4
9297;92;"2024-02-05";"gas";664.63;70.27
9298;22;"2023-09-27";"gas";937.44;106.95
9299;16;"2021-11-29";"electricity";1316.89;92.42
9300;93;"2023-04-12";"gas";1910.47;162.35
9301;5;"2024-01-09";"gas";1753.13;124.14
9302;75;"2024-04-05";"electricity";251.14;24.55
9303;88;"2023-02-19";"electricity";447.38;52.85
9304;53;"2023-08-30";"electricity";723.32;65.77
9305;85;"2023-01-19";"electricity";584.45;60.12
9306;6;"2021-12-23";"electricity";703.21;50.02
9307;48;"2022-09-22";"electricity";1976.68;165.86
9308;35;"2022-04-15";"electricity";953.17;94.08
9309;42;"2022-11-28";"electricity";580.47;38.44
9310;78;"2022-05-29";"electricity";82.91;15.87
9311;64;"2022-02-24";"gas";392.04;67.33
9312;51;"2024-03-18";"gas";857.42;55.57
9313;77;"2023-03-30";"electricity";1389.59;110.33
9314;33;"2024-03-27";"gas";681.2;53.47
9315;56;"2023-04-15";"electricity";252.89;45.98
9316;36;"2024-04-28";"gas";1717.62;124.41
9317;62;"2023-02-20";"electricity";238.12;24.08
9318;19;"2022-04-14";"electricity";547.85;49.45
9319;65;"2023-07-16";"electricity";1720.49;167.26
9320;29;"2023-07-21";"gas";1868.58;146.52
9321;12;"2022-02-15";"gas";424.38;35.39
9322;71;"2022-05-04";"gas";309.51;45.95
9323;78;"2022-05-21";"gas";312.49;37.7
9324;20;"2022-06-25";"gas";914.92;51.98
9325;74;"2021-07-28";"electricity";156.84;30.52
9326;84;"2023-04-19";"electricity";586.1;51.37
9327;62;"2022-11-27";"gas";747.57;74.69
9328;44;"2022-02-04";"gas";375.13;41.6
9329;98;"2021-06-03";"electricity";326.53;62.67
9330;21;"2023-05-04";"electricity";612.0;55.43
9331;40;"2021-10-14";"gas";170.94;30.6
9332;3;"2024-01-30";"gas";143.97;18.51
9333;68;"2023-03-10";"gas";1857.19;138.9
9334;78;"2021-07-25";"gas";91.36;10.89
9335;6;"2022-11-24";"gas";718.27;50.82
9336;55;"2022-07-14";"electricity";53.15;8.34
9337;39;"2023-05-10";"gas";244.5;26.12
9338;95;"2021-12-13";"gas";1295.0;82.72
9339;45;"2023-05-12";"gas";1558.51;109.36
9340;55;"2023-06-10";"electricity";268.43;34.84
9341;30;"2021-07-12";"gas";318.2;34.72
9342;77;"2022-04-14";"electricity";1351.25;119.04
9343;98;"2021-09-05";"electricity";163.0;18.42
9344;93;"2024-02-09";"gas";1873.66;117.12
9345;70;"2021-11-28";"electricity";478.26;40.5
9346;48;"2021-12-19";"gas";711.92;36.82
9347;49;"2022-07-30";"electricity";1676.98;106.64
9348;2;"2021-10-21";"electricity";865.37;73.91
9349;12;"2022-06-24";"gas";444.5;44.13
9350;27;"2024-02-16";"electricity";223.07;22.51
9351;80;"2023-01-25";"gas";1924.97;144.05
9352;43;"2022-07-26";"gas";514.06;69.69
9353;52;"2021-09-02";"gas";928.95;53.49
9354;3;"2021-09-12";"gas";357.36;67.31
9355;50;"2023-07-31";"gas";377.1;63.37
9356;65;"2021-06-02";"electricity";1830.7;141.2
9357;26;"2023-08-07";"electricity";1543.97;146.78
9358;5;"2022-10-30";"electricity";1976.46;189.13
9359;84;"2023-09-08";"gas";542.29;67.99
9360;86;"2022-06-05";"gas";1615.88;81.21
9361;46;"2021-11-19";"gas";1418.09;127.35
9362;77;"2024-02-21";"electricity";1925.42;173.73
9363;100;"2022-12-02";"electricity";244.03;30.93
9364;33;"2024-02-26";"electricity";1449.55;136.67
9365;92;"2024-01-26";"gas";736.19;60.52
9366;72;"2023-09-30";"electricity";14.65;1.99
9367;65;"2024-04-21";"electricity";1929.7;139.68
9368;93;"2024-04-13";"electricity";1407.65;90.11
9369;36;"2021-09-25";"gas";602.41;32.0
9370;8;"2021-06-14";"electricity";1537.75;141.38
9371;39;"2021-08-07";"gas";38.19;5.19
9372;51;"2024-02-07";"electricity";618.99;57.78
9373;72;"2022-12-27";"gas";313.38;50.32
9374;68;"2023-12-20";"electricity";1038.77;79.0
9375;78;"2021-10-09";"electricity";335.2;57.84
9376;70;"2023-12-29";"gas";637.17;74.75
9377;46;"2023-08-27";"electricity";742.65;72.99
9378;80;"2023-01-28";"electricity";1127.09;90.28
9379;68;"2023-09-18";"electricity";1303.61;79.41
9380;87;"2022-11-01";"electricity";26.3;4.48
9381;17;"2022-07-10";"electricity";365.36;32.0
9382;30;"2022-06-02";"electricity";610.82;62.8
9383;60;"2023-02-12";"electricity";28.77;4.46
9384;70;"2024-01-08";"gas";414.8;51.24
9385;55;"2022-04-22";"electricity";192.47;20.06
9386;13;"2024-01-18";"gas";11.55;2.12
9387;94;"2021-07-15";"gas";584.77;47.93
9388;98;"2024-02-16";"gas";15.4;2.24
9389;51;"2023-10-05";"gas";1796.11;155.49
9390;8;"2021-10-23";"gas";850.03;56.99
9391;55;"2022-07-18";"electricity";375.27;67.62
9392;77;"2023-09-10";"gas";1399.71;116.32
9393;80;"2022-10-31";"electricity";1603.11;113.18
9394;13;"2023-10-24";"gas";270.5;53.48
9395;15;"2022-08-20";"gas";478.1;49.57
9396;87;"2021-11-07";"electricity";350.47;38.01
9397;32;"2024-04-22";"gas";725.15;85.7
9398;32;"2023-05-29";"electricity";102.4;10.98
9399;44;"2023-12-13";"gas";411.14;81.5
9400;42;"2022-08-29";"electricity";1870.99;183.71
9401;1;"2024-03-24";"gas";252.51;30.76
9402;35;"2021-12-13";"electricity";1249.36;64.73
9403;59;"2024-02-10";"gas";1757.17;118.87
9404;98;"2023-07-10";"electricity";86.29;15.39
9405;60;"2022-04-30";"gas";158.55;27.21
9406;79;"2023-09-03";"electricity";375.44;59.84
9407;58;"2023-10-03";"electricity";89.11;13.83
9408;1;"2023-05-23";"electricity";420.19;60.83
9409;97;"2022-03-10";"gas";1895.45;128.95
9410;22;"2023-06-02";"electricity";281.96;26.93
9411;19;"2022-01-13";"gas";302.03;29.37
9412;99;"2024-02-19";"gas";685.79;74.45
9413;76;"2023-12-10";"electricity";985.65;129.93
9414;30;"2023-05-10";"gas";188.36;18.82
9415;5;"2024-03-28";"gas";1840.16;121.72
9416;31;"2022-07-29";"electricity";103.58;10.8
9417;57;"2024-04-04";"electricity";680.05;59.64
9418;62;"2023-08-25";"electricity";553.72;49.97
9419;66;"2021-10-20";"electricity";23.59;2.45
9420;13;"2022-05-10";"gas";465.68;90.25
9421;7;"2024-05-20";"electricity";318.8;37.35
9422;97;"2021-11-05";"electricity";1689.92;90.7
9423;5;"2022-10-24";"gas";1546.86;144.95
9424;34;"2024-03-13";"gas";965.61;111.81
9425;9;"2024-03-26";"electricity";802.83;76.22
9426;89;"2023-08-20";"electricity";714.04;71.31
9427;78;"2024-04-06";"gas";428.19;67.44
9428;10;"2022-01-22";"gas";47.16;6.49
9429;30;"2022-07-12";"gas";868.59;84.52
9430;82;"2024-03-05";"electricity";353.95;70.33
9431;86;"2021-07-31";"electricity";955.69;65.62
9432;53;"2024-01-08";"gas";968.16;142.92
9433;25;"2021-08-31";"electricity";485.49;57.82
9434;31;"2023-11-09";"gas";306.78;43.35
9435;94;"2023-01-09";"electricity";424.09;63.51
9436;5;"2022-08-12";"gas";727.26;61.2
9437;28;"2023-11-19";"gas";1847.05;101.75
9438;52;"2023-02-21";"electricity";777.06;40.41
9439;33;"2023-12-10";"electricity";1098.06;100.27
9440;96;"2022-12-13";"electricity";987.46;50.76
9441;95;"2021-10-04";"gas";1931.42;105.56
9442;14;"2024-04-24";"electricity";371.1;58.14
9443;72;"2023-01-21";"gas";358.27;40.66
9444;47;"2023-07-15";"gas";561.97;68.71
9445;37;"2023-08-15";"gas";821.28;43.3
9446;8;"2021-12-12";"electricity";1695.27;96.49
9447;38;"2023-02-09";"electricity";420.2;68.86
9448;40;"2024-02-20";"electricity";65.9;13.01
9449;87;"2022-08-08";"gas";200.65;32.52
9450;65;"2023-11-03";"gas";1725.38;158.31
9451;86;"2022-07-27";"gas";1734.0;130.14
9452;3;"2023-12-13";"electricity";445.13;77.75
9453;36;"2021-12-25";"electricity";1847.45;109.05
9454;40;"2022-09-28";"electricity";142.52;21.6
9455;28;"2021-08-29";"electricity";1579.73;93.75
9456;35;"2021-12-07";"gas";817.28;54.51
9457;73;"2023-08-29";"electricity";314.9;58.43
9458;18;"2022-06-14";"electricity";1365.96;79.39
9459;18;"2021-10-14";"electricity";1300.22;99.85
9460;24;"2021-10-24";"electricity";703.79;51.67
9461;40;"2022-11-16";"electricity";240.17;32.61
9462;48;"2024-03-23";"gas";1036.13;77.37
9463;56;"2022-03-11";"gas";492.63;97.79
9464;67;"2022-01-04";"gas";137.36;20.53
9465;27;"2022-07-27";"gas";10.68;1.16
9466;57;"2022-11-13";"electricity";735.63;55.92
9467;4;"2024-01-02";"electricity";326.21;35.97
9468;6;"2023-06-30";"gas";1441.87;137.5
9469;40;"2024-03-13";"electricity";160.82;28.97
9470;71;"2021-12-07";"electricity";264.85;26.33
9471;63;"2023-06-23";"electricity";948.26;135.06
9472;4;"2022-03-26";"electricity";405.88;41.34
9473;16;"2023-09-07";"electricity";1528.64;151.26
9474;39;"2022-07-22";"electricity";59.42;6.89
9475;56;"2022-03-21";"gas";197.42;28.51
9476;3;"2021-09-30";"electricity";415.71;50.27
9477;62;"2024-03-06";"electricity";943.93;116.07
9478;76;"2021-08-26";"gas";217.93;32.43
9479;74;"2023-12-20";"gas";251.4;35.54
9480;57;"2024-01-19";"electricity";546.15;54.18
9481;77;"2021-06-12";"gas";1863.0;103.24
9482;59;"2024-01-08";"electricity";1049.16;99.46
9483;43;"2021-06-20";"gas";332.98;43.32
9484;92;"2021-12-14";"electricity";406.45;42.18
9485;4;"2023-06-01";"electricity";459.05;43.86
9486;69;"2023-04-18";"electricity";1935.92;143.55
9487;73;"2021-05-30";"gas";398.38;48.74
9488;51;"2022-10-17";"electricity";1813.31;141.14
9489;46;"2023-06-18";"gas";1344.53;95.18
9490;44;"2023-05-10";"gas";298.7;54.52
9491;45;"2023-04-18";"gas";1983.85;184.39
9492;17;"2022-05-13";"electricity";127.49;14.88
9493;63;"2022-05-10";"electricity";199.81;20.57
9494;66;"2022-03-12";"electricity";61.61;7.94
9495;89;"2023-10-18";"electricity";1625.59;150.34
9496;22;"2023-05-05";"electricity";156.14;13.46
9497;30;"2022-02-06";"gas";359.83;41.72
9498;33;"2023-11-04";"gas";1195.69;115.32
9499;68;"2023-12-07";"electricity";915.31;46.75
9500;95;"2023-01-20";"gas";963.45;67.06
9501;28;"2023-02-25";"gas";936.43;58.28
9502;24;"2023-11-11";"gas";1604.92;131.3
9503;30;"2024-04-05";"gas";843.11;116.12
9504;33;"2023-10-02";"gas";1623.14;133.94
9505;38;"2021-10-10";"gas";55.17;10.01
9506;49;"2024-04-27";"electricity";1939.44;169.78
9507;23;"2022-06-11";"electricity";158.79;17.09
9508;94;"2022-10-26";"gas";276.44;39.14
9509;36;"2021-10-22";"electricity";1903.07;130.72
9510;25;"2021-09-24";"electricity";514.68;46.59
9511;95;"2021-11-08";"gas";825.53;82.44
9512;43;"2022-11-08";"electricity";546.13;58.02
9513;87;"2021-12-11";"gas";364.5;48.62
9514;99;"2023-01-21";"gas";769.03;80.6
9515;44;"2023-07-16";"electricity";84.52;9.29
9516;38;"2023-02-14";"electricity";233.94;26.06
9517;52;"2023-07-09";"electricity";1991.83;187.11
9518;48;"2021-10-14";"electricity";1656.58;83.3
9519;20;"2021-10-03";"gas";1817.06;124.09
9520;78;"2021-11-13";"gas";490.16;54.45
9521;96;"2021-08-12";"gas";655.58;46.71
9522;46;"2022-07-29";"electricity";790.07;64.65
9523;54;"2024-02-13";"gas";307.07;37.24
9524;39;"2021-08-28";"gas";148.46;25.45
9525;73;"2023-05-16";"electricity";333.7;65.95
9526;41;"2021-09-02";"gas";1596.46;103.34
9527;31;"2023-12-14";"gas";897.37;98.77
9528;97;"2023-06-19";"gas";1356.92;130.92
9529;54;"2021-11-30";"electricity";449.8;74.05
9530;75;"2023-10-14";"gas";441.17;45.04
9531;60;"2021-08-11";"gas";424.94;67.77
9532;7;"2022-04-02";"electricity";34.66;5.03
9533;3;"2021-08-11";"electricity";165.91;24.87
9534;41;"2022-12-04";"gas";1543.36;117.03
9535;11;"2021-09-07";"electricity";449.76;63.77
9536;90;"2022-09-16";"gas";197.38;37.67
9537;70;"2023-02-05";"electricity";515.01;51.45
9538;39;"2021-11-22";"electricity";280.02;49.42
9539;88;"2023-08-19";"gas";568.06;72.0
9540;72;"2022-06-14";"gas";483.62;68.38
9541;88;"2023-02-15";"electricity";255.27;30.32
9542;19;"2021-12-10";"gas";477.66;47.74
9543;69;"2022-09-19";"electricity";829.54;45.97
9544;58;"2021-07-15";"gas";369.43;59.27
9545;60;"2023-03-02";"gas";42.49;8.03
9546;58;"2021-09-05";"electricity";291.09;52.4
9547;21;"2024-02-05";"gas";890.65;95.69
9548;23;"2023-11-16";"electricity";587.03;74.51
9549;41;"2022-09-24";"gas";683.21;64.52
9550;1;"2023-05-27";"electricity";940.21;83.3
9551;44;"2021-09-13";"electricity";186.05;23.21
9552;49;"2022-07-28";"gas";1290.51;118.6
9553;28;"2021-09-28";"gas";1591.29;120.01
9554;76;"2023-07-06";"electricity";907.52;92.31
9555;1;"2023-02-14";"gas";394.18;43.42
9556;51;"2022-09-26";"gas";574.51;45.16
9557;46;"2023-10-12";"gas";1846.59;151.1
9558;53;"2023-07-17";"gas";977.24;98.87
9559;13;"2021-12-11";"gas";163.64;18.28
9560;98;"2024-01-07";"electricity";12.61;2.44
9561;7;"2023-08-25";"gas";449.04;64.64
9562;81;"2022-02-01";"gas";174.99;15.08
9563;22;"2021-06-29";"gas";967.9;96.24
9564;19;"2022-05-29";"electricity";316.51;34.56
9565;9;"2021-09-23";"gas";702.74;96.29
9566;15;"2023-08-14";"electricity";233.88;34.2
9567;28;"2022-05-15";"gas";649.12;40.89
9568;45;"2023-02-23";"gas";1246.16;91.77
9569;92;"2021-10-07";"electricity";643.4;75.13
9570;30;"2023-09-11";"gas";931.31;103.27
9571;100;"2023-04-27";"electricity";304.44;33.88
9572;97;"2022-07-08";"electricity";1209.35;115.25
9573;37;"2024-01-09";"electricity";1817.38;136.93
9574;70;"2024-04-23";"gas";616.11;65.81
9575;90;"2022-01-09";"gas";176.75;28.62
9576;12;"2021-08-27";"electricity";452.04;54.96
9577;66;"2022-05-29";"gas";67.18;8.85
9578;15;"2023-06-26";"gas";805.48;68.9
9579;40;"2022-05-27";"electricity";403.2;46.95
9580;71;"2022-02-18";"electricity";636.82;59.08
9581;99;"2023-03-08";"gas";489.03;42.92
9582;96;"2023-10-08";"gas";896.08;83.59
9583;45;"2021-09-26";"gas";1961.58;151.41
9584;76;"2021-08-06";"gas";165.19;14.21
9585;45;"2022-04-17";"gas";1419.63;86.94
9586;11;"2023-11-30";"electricity";412.3;62.85
9587;10;"2022-05-10";"gas";154.09;18.41
9588;57;"2023-05-23";"gas";1803.15;98.08
9589;58;"2022-04-05";"gas";204.33;31.51
9590;59;"2023-04-03";"gas";618.13;51.78
9591;69;"2022-11-19";"electricity";726.82;68.83
9592;54;"2022-01-26";"electricity";122.23;22.64
9593;68;"2022-12-19";"electricity";1036.67;52.09
9594;100;"2022-09-27";"electricity";150.3;20.91
9595;55;"2023-02-10";"gas";218.12;40.31
9596;91;"2022-05-19";"electricity";1788.19;150.2
9597;54;"2022-10-02";"gas";290.12;51.6
9598;93;"2022-02-10";"gas";1880.42;102.51
9599;87;"2022-10-13";"gas";217.19;37.97
9600;49;"2021-12-14";"electricity";864.05;44.08
9601;81;"2023-02-28";"gas";700.35;90.49
9602;4;"2022-06-10";"gas";310.41;43.52
9603;95;"2024-01-13";"gas";1953.07;180.77
9604;67;"2024-01-12";"electricity";674.77;88.79
9605;77;"2023-01-23";"electricity";1906.68;135.48
9606;48;"2022-03-25";"gas";1742.27;145.68
9607;41;"2023-06-09";"electricity";1921.52;132.84
9608;34;"2023-07-15";"gas";902.53;76.76
9609;20;"2024-05-27";"gas";1733.3;123.53
9610;95;"2022-05-13";"electricity";1531.94;113.63
9611;96;"2022-08-16";"gas";1489.03;128.14
9612;70;"2022-04-13";"gas";983.25;89.32
9613;95;"2023-11-02";"electricity";1455.89;115.19
9614;68;"2023-03-29";"electricity";1451.05;118.62
9615;33;"2021-09-21";"gas";832.42;45.19
9616;61;"2021-06-06";"electricity";441.16;65.01
9617;99;"2021-09-10";"electricity";839.31;106.35
9618;98;"2021-08-16";"gas";131.98;18.35
9619;90;"2022-12-16";"electricity";328.46;40.9
9620;91;"2021-10-07";"electricity";620.59;40.86
9621;60;"2023-06-15";"gas";481.15;75.88
9622;42;"2023-08-12";"electricity";608.25;38.15
9623;63;"2023-07-17";"electricity";569.63;46.98
9624;10;"2021-09-10";"electricity";295.87;44.11
9625;66;"2023-01-26";"electricity";461.94;87.07
9626;29;"2022-07-07";"electricity";1266.98;70.02
9627;59;"2022-12-13";"gas";1115.17;104.81
9628;24;"2024-01-02";"gas";1762.57;101.81
9629;30;"2023-06-28";"gas";404.2;53.12
9630;60;"2023-05-31";"electricity";389.79;76.34
9631;22;"2023-04-10";"electricity";198.82;17.81
9632;13;"2022-09-25";"gas";431.73;68.19
9633;6;"2022-05-27";"electricity";1497.92;124.66
9634;3;"2021-09-26";"electricity";337.11;53.5
9635;14;"2021-10-21";"electricity";424.33;61.58
9636;32;"2021-07-14";"gas";104.46;10.93
9637;76;"2021-08-02";"gas";519.81;56.77
9638;95;"2023-12-30";"gas";612.81;33.42
9639;36;"2023-04-07";"electricity";1340.33;76.4
9640;67;"2022-10-16";"gas";166.48;20.73
9641;82;"2023-12-20";"electricity";414.47;66.52
9642;13;"2022-10-27";"gas";141.39;19.87
9643;57;"2022-05-21";"electricity";1714.74;87.88
9644;26;"2021-12-16";"electricity";1649.88;142.18
9645;68;"2022-09-04";"gas";932.46;69.63
9646;92;"2024-05-28";"gas";268.57;24.31
9647;54;"2023-06-06";"electricity";489.27;76.25
9648;47;"2021-09-27";"electricity";360.87;47.78
9649;16;"2022-06-19";"electricity";1630.47;84.01
9650;18;"2022-01-28";"electricity";1999.98;123.83
9651;6;"2022-10-31";"gas";1611.61;143.94
9652;70;"2023-07-07";"gas";369.32;53.73
9653;28;"2023-12-08";"gas";675.21;53.61
9654;73;"2022-12-15";"gas";186.26;30.39
9655;56;"2024-02-14";"electricity";30.13;3.9
9656;32;"2023-02-28";"gas";437.96;49.1
9657;6;"2024-04-10";"electricity";1849.77;96.75
9658;18;"2023-07-06";"gas";574.41;56.01
9659;75;"2022-06-18";"gas";268.99;28.5
9660;47;"2023-11-04";"electricity";452.43;46.03
9661;29;"2023-03-03";"electricity";1911.23;110.17
9662;61;"2023-05-07";"electricity";743.08;75.61
9663;4;"2021-06-20";"electricity";712.34;96.27
9664;63;"2022-06-06";"electricity";688.72;62.96
9665;60;"2021-06-14";"gas";202.42;31.38
9666;42;"2024-02-09";"gas";787.57;53.27
9667;10;"2023-08-08";"electricity";385.85;56.9
9668;66;"2023-06-19";"electricity";374.66;67.1
9669;40;"2023-06-18";"gas";27.13;3.98
9670;63;"2022-03-21";"gas";239.41;26.18
9671;40;"2023-11-01";"gas";58.44;6.32
9672;37;"2023-10-05";"gas";529.18;30.38
9673;60;"2023-09-06";"gas";380.58;63.81
9674;16;"2023-08-02";"gas";608.2;59.94
9675;1;"2023-03-01";"electricity";979.93;120.81
9676;56;"2023-04-06";"gas";164.39;31.7
9677;93;"2022-08-22";"gas";845.16;74.53
9678;30;"2023-05-04";"gas";569.39;74.31
9679;95;"2021-06-09";"electricity";1599.26;104.72
9680;66;"2023-10-16";"electricity";419.23;68.22
9681;68;"2022-03-26";"gas";1653.17;149.31
9682;28;"2023-09-08";"gas";1756.31;91.96
9683;76;"2022-08-10";"electricity";255.42;32.28
9684;100;"2024-03-25";"electricity";364.11;46.07
9685;22;"2021-08-09";"gas";568.31;77.3
9686;35;"2022-08-25";"electricity";898.77;69.45
9687;44;"2022-12-16";"electricity";408.49;51.89
9688;15;"2023-10-08";"electricity";405.75;48.15
9689;40;"2023-09-12";"gas";450.83;53.45
9690;40;"2021-10-27";"electricity";173.54;19.95
9691;88;"2023-01-14";"electricity";120.58;12.39
9692;75;"2023-07-14";"electricity";611.17;67.79
9693;57;"2023-12-19";"electricity";1835.19;125.63
9694;53;"2023-04-08";"gas";125.95;15.51
9695;96;"2021-06-03";"electricity";1733.28;119.16
9696;34;"2021-08-31";"gas";442.88;57.36
9697;74;"2022-03-12";"electricity";129.61;15.99
9698;81;"2022-08-08";"electricity";122.54;12.38
9699;37;"2021-11-07";"electricity";1836.31;125.83
9700;70;"2023-04-18";"electricity";264.3;27.34
9701;1;"2022-07-05";"gas";707.6;93.39
9702;94;"2023-02-06";"electricity";833.56;100.53
9703;6;"2023-10-31";"electricity";1444.25;79.33
9704;78;"2022-06-01";"electricity";409.18;57.25
9705;94;"2023-11-20";"electricity";201.37;26.74
9706;69;"2022-09-11";"electricity";913.32;62.91
9707;62;"2024-03-26";"electricity";828.51;79.11
9708;9;"2023-11-01";"electricity";581.38;69.49
9709;75;"2024-03-21";"electricity";685.2;78.62
9710;44;"2021-12-10";"gas";187.73;36.54
9711;2;"2021-10-29";"electricity";216.31;24.98
9712;72;"2021-12-07";"gas";137.18;23.17
9713;66;"2021-09-08";"electricity";84.15;10.67
9714;71;"2023-10-24";"electricity";658.02;65.22
9715;10;"2023-12-03";"electricity";145.34;24.47
9716;100;"2021-09-05";"gas";28.83;3.48
9717;10;"2023-01-12";"gas";494.14;87.05
9718;34;"2021-08-21";"gas";935.89;120.94
9719;3;"2023-06-19";"electricity";384.8;46.72
9720;7;"2023-12-30";"gas";75.62;11.01
9721;37;"2023-06-06";"electricity";1061.62;103.55
9722;76;"2022-01-10";"gas";129.58;12.13
9723;5;"2024-05-06";"electricity";600.68;49.36
9724;49;"2023-11-15";"electricity";1095.77;60.15
9725;63;"2021-05-31";"electricity";795.85;113.59
9726;69;"2021-07-11";"gas";906.59;51.13
9727;81;"2023-05-08";"electricity";847.02;112.74
9728;56;"2024-02-18";"gas";270.67;43.68
9729;54;"2021-08-19";"electricity";217.48;36.7
9730;62;"2022-11-24";"electricity";704.89;89.15
9731;64;"2023-12-19";"gas";12.4;2.25
9732;2;"2023-02-08";"electricity";404.08;57.44
9733;37;"2022-04-29";"electricity";1705.38;91.65
9734;99;"2022-08-14";"gas";849.93;126.58
9735;96;"2023-07-06";"electricity";667.52;64.98
9736;5;"2024-03-18";"gas";1477.17;93.48
9737;78;"2023-07-28";"gas";236.91;37.43
9738;88;"2023-11-09";"gas";210.43;24.84
9739;52;"2023-09-07";"gas";1788.62;141.32
9740;93;"2022-09-29";"electricity";506.35;33.45
9741;17;"2021-10-04";"gas";557.21;81.48
9742;44;"2021-06-07";"gas";216.56;42.47
9743;98;"2024-03-16";"gas";415.44;74.81
9744;89;"2023-07-12";"electricity";1753.15;163.69
9745;26;"2022-08-31";"gas";583.85;57.78
9746;89;"2022-06-21";"electricity";1255.03;70.4
9747;55;"2021-06-14";"electricity";184.46;20.99
9748;71;"2024-04-05";"gas";490.89;69.96
9749;22;"2024-01-14";"electricity";688.48;97.28
9750;6;"2022-11-05";"electricity";784.56;77.57
9751;73;"2023-03-04";"gas";439.27;57.23
9752;69;"2022-10-09";"gas";1934.16;183.42
9753;95;"2024-01-27";"gas";515.59;34.96
9754;16;"2023-09-29";"electricity";1515.09;85.49
9755;24;"2022-08-21";"gas";1405.6;90.02
9756;57;"2023-09-11";"electricity";1386.81;81.16
9757;52;"2023-01-24";"electricity";1419.67;115.13
9758;8;"2022-06-14";"electricity";1666.99;94.12
9759;100;"2022-03-19";"electricity";222.31;29.32
9760;57;"2023-08-27";"electricity";1216.57;116.05
9761;90;"2023-09-08";"gas";222.67;37.13
9762;70;"2023-08-28";"electricity";527.33;55.31
9763;62;"2022-07-12";"electricity";582.58;70.51
9764;43;"2022-10-13";"gas";569.42;73.51
9765;80;"2023-07-19";"gas";1692.55;136.76
9766;57;"2021-09-19";"electricity";913.51;85.85
9767;85;"2024-03-11";"electricity";947.36;98.41
9768;64;"2024-05-03";"electricity";231.59;26.91
9769;15;"2023-10-08";"gas";879.08;112.75
9770;76;"2021-10-17";"electricity";953.14;78.61
9771;57;"2022-07-16";"electricity";597.19;51.51
9772;17;"2022-09-10";"gas";399.02;46.13
9773;99;"2023-10-11";"electricity";275.25;31.68
9774;35;"2022-05-27";"gas";1110.1;105.51
9775;28;"2022-04-29";"gas";1395.97;126.53
9776;97;"2023-10-16";"electricity";769.87;67.58
9777;90;"2021-06-18";"electricity";362.93;43.14
9778;92;"2023-04-25";"electricity";419.53;46.78
9779;4;"2023-01-25";"electricity";531.79;55.35
9780;14;"2022-09-09";"gas";278.44;35.97
9781;92;"2022-05-18";"gas";654.63;67.59
9782;57;"2022-08-12";"gas";1075.41;56.0
9783;38;"2023-09-02";"electricity";84.07;9.76
9784;87;"2021-12-17";"gas";396.6;48.24
9785;36;"2021-10-03";"electricity";937.41;64.24
9786;100;"2024-03-05";"electricity";57.54;10.93
9787;15;"2021-10-16";"gas";368.88;49.14
9788;14;"2022-06-19";"electricity";434.22;57.88
9789;41;"2023-03-09";"electricity";1425.75;82.13
9790;71;"2023-07-08";"gas";186.58;22.29
9791;78;"2022-09-20";"electricity";109.56;15.84
9792;73;"2021-08-16";"gas";456.64;57.64
9793;16;"2022-11-13";"gas";935.45;83.97
9794;60;"2023-05-18";"electricity";30.67;3.32
9795;77;"2024-03-14";"gas";1844.3;144.06
9796;9;"2022-06-20";"gas";378.25;50.93
9797;65;"2022-08-18";"electricity";1383.55;103.31
9798;77;"2024-02-10";"electricity";1466.8;124.84
9799;93;"2021-12-11";"gas";943.78;76.09
9800;49;"2023-03-04";"gas";736.52;57.55
9801;60;"2021-08-31";"gas";244.15;25.24
9802;63;"2023-03-20";"electricity";958.71;98.72
9803;56;"2021-11-16";"electricity";386.27;65.32
9804;59;"2021-09-28";"electricity";1355.66;83.74
9805;52;"2022-03-15";"electricity";1068.95;101.97
9806;20;"2023-09-24";"electricity";1611.17;136.76
9807;54;"2024-01-10";"electricity";356.5;42.87
9808;15;"2021-07-09";"electricity";957.68;133.63
9809;100;"2021-12-23";"electricity";224.83;40.2
9810;25;"2022-11-21";"gas";873.82;106.29
9811;85;"2023-05-29";"gas";749.7;88.37
9812;46;"2022-06-27";"gas";514.18;37.42
9813;80;"2023-06-11";"gas";1834.55;111.26
9814;62;"2021-11-18";"gas";550.2;70.2
9815;36;"2021-11-06";"electricity";1706.68;141.68
9816;99;"2023-05-29";"electricity";498.64;71.65
9817;58;"2022-10-12";"electricity";161.85;27.98
9818;5;"2023-11-18";"electricity";546.44;30.26
9819;48;"2021-06-18";"electricity";1452.44;109.96
9820;64;"2023-12-22";"gas";295.47;31.21
9821;2;"2021-11-26";"electricity";640.6;57.96
9822;89;"2022-07-04";"electricity";712.89;55.94
9823;41;"2021-07-14";"gas";1457.41;79.76
9824;45;"2022-03-22";"electricity";1776.36;132.08
9825;51;"2023-10-07";"gas";872.69;72.98
9826;61;"2022-10-06";"electricity";326.42;34.59
9827;91;"2023-10-08";"gas";578.34;55.17
9828;18;"2022-09-04";"electricity";890.29;84.99
9829;3;"2023-11-07";"electricity";73.34;9.47
9830;44;"2022-09-02";"gas";247.76;26.43
9831;65;"2021-12-11";"gas";710.32;38.2
9832;86;"2023-05-09";"electricity";1651.35;105.22
9833;67;"2022-04-22";"gas";499.86;64.51
9834;97;"2022-06-29";"electricity";1365.96;103.43
9835;94;"2024-04-13";"gas";183.66;22.7
9836;45;"2021-06-24";"electricity";1354.19;76.69
9837;42;"2022-08-29";"gas";1115.72;71.38
9838;80;"2024-05-19";"gas";1039.4;59.68
9839;89;"2022-10-19";"electricity";1280.73;79.38
9840;68;"2021-07-26";"gas";682.84;48.89
9841;29;"2024-02-29";"electricity";1063.27;104.96
9842;68;"2023-06-01";"gas";1309.4;74.97
9843;3;"2023-11-03";"gas";103.62;10.42
9844;67;"2022-06-26";"electricity";327.96;45.28
9845;87;"2023-12-25";"gas";199.42;29.13
9846;93;"2021-07-11";"gas";1188.82;63.92
9847;28;"2022-07-07";"electricity";797.59;77.77
9848;78;"2022-05-23";"electricity";237.03;24.8
9849;97;"2022-06-09";"electricity";1221.46;109.22
9850;35;"2023-08-04";"electricity";1788.71;165.99
9851;73;"2021-08-05";"electricity";257.01;38.29
9852;84;"2023-08-13";"gas";208.22;30.22
9853;96;"2023-04-15";"gas";751.19;64.07
9854;28;"2021-09-04";"electricity";1761.34;104.65
9855;8;"2022-11-09";"gas";1130.62;79.01
9856;94;"2022-03-24";"electricity";156.73;20.36
9857;28;"2023-02-08";"electricity";1685.29;131.76
9858;90;"2021-10-20";"gas";314.27;53.67
9859;56;"2024-04-21";"electricity";351.12;44.26
9860;7;"2022-06-23";"gas";269.84;40.0
9861;75;"2024-01-06";"gas";566.11;47.25
9862;10;"2022-02-27";"electricity";357.43;48.43
9863;34;"2024-02-28";"electricity";333.16;28.11
9864;55;"2024-03-20";"gas";258.37;34.02
9865;27;"2023-12-18";"electricity";142.32;19.8
9866;48;"2023-12-31";"electricity";1754.92;122.85
9867;23;"2021-10-16";"electricity";650.79;53.84
9868;97;"2021-06-05";"electricity";1088.8;106.59
9869;73;"2024-04-08";"electricity";417.63;77.4
9870;79;"2021-09-20";"gas";21.64;2.67
9871;62;"2022-05-01";"gas";802.31;119.21
9872;43;"2023-11-28";"electricity";604.77;52.69
9873;59;"2023-09-22";"electricity";1960.37;157.03
9874;17;"2022-10-03";"electricity";666.62;97.3
9875;96;"2022-09-07";"gas";1016.93;69.22
9876;6;"2022-11-27";"electricity";1141.62;98.3
9877;87;"2023-01-09";"electricity";298.26;44.44
9878;51;"2023-03-25";"electricity";1286.42;108.78
9879;82;"2022-01-04";"electricity";160.92;31.04
9880;51;"2024-05-18";"gas";868.38;56.51
9881;73;"2022-10-25";"gas";124.44;24.14
9882;81;"2023-09-15";"gas";762.42;69.27
9883;86;"2021-12-17";"electricity";1354.7;72.11
9884;83;"2021-06-29";"electricity";706.81;66.29
9885;65;"2024-04-02";"gas";1971.79;182.77
9886;25;"2023-07-26";"electricity";485.53;46.78
9887;46;"2024-04-16";"gas";944.53;60.12
9888;62;"2023-05-30";"electricity";912.56;80.87
9889;30;"2024-04-02";"electricity";568.93;68.75
9890;48;"2022-02-18";"gas";1736.98;129.46
9891;12;"2021-08-05";"gas";897.86;101.21
9892;100;"2023-01-28";"gas";486.05;90.2
9893;83;"2024-02-06";"gas";884.43;72.39
9894;22;"2022-10-01";"gas";497.54;56.96
9895;86;"2024-01-15";"gas";764.48;41.37
9896;67;"2024-02-09";"electricity";873.16;102.42
9897;92;"2023-07-31";"electricity";104.69;11.49
9898;56;"2023-10-26";"gas";151.67;28.35
9899;98;"2021-10-14";"gas";290.5;47.2
9900;85;"2022-08-20";"electricity";135.92;18.69
9901;53;"2022-05-17";"gas";889.6;101.61
9902;15;"2022-05-01";"electricity";209.33;17.58
9903;3;"2023-04-20";"electricity";139.56;16.03
9904;67;"2024-04-17";"gas";590.14;78.06
9905;100;"2022-10-08";"gas";453.49;86.94
9906;46;"2023-08-25";"gas";1080.41;76.68
9907;85;"2022-10-05";"electricity";427.11;38.16
9908;77;"2023-04-14";"gas";1086.59;89.58
9909;71;"2023-07-07";"electricity";759.34;98.61
9910;79;"2023-05-31";"electricity";479.27;59.22
9911;70;"2023-10-28";"electricity";515.97;50.97
9912;63;"2022-05-25";"electricity";522.6;49.82
9913;44;"2022-08-20";"electricity";476.44;95.03
9914;92;"2021-11-05";"electricity";907.23;73.37
9915;90;"2021-08-12";"gas";292.36;56.27
9916;75;"2024-01-27";"gas";902.8;107.44
9917;24;"2021-08-17";"electricity";1220.68;96.34
9918;73;"2021-11-10";"electricity";399.41;54.94
9919;26;"2024-05-18";"electricity";751.33;53.92
9920;29;"2023-02-21";"electricity";855.61;44.36
9921;77;"2024-04-27";"gas";1230.58;66.26
9922;46;"2022-09-17";"electricity";608.64;37.05
9923;28;"2023-01-16";"gas";779.62;46.45
9924;34;"2023-08-02";"electricity";275.71;34.07
9925;44;"2021-07-30";"gas";309.72;44.1
9926;75;"2022-11-06";"gas";921.37;126.53
9927;52;"2023-12-29";"electricity";1589.21;105.27
9928;60;"2022-01-01";"electricity";430.52;46.04
9929;94;"2023-10-10";"gas";172.84;14.97
9930;11;"2024-05-27";"gas";288.2;55.31
9931;99;"2021-09-30";"electricity";386.32;47.01
9932;54;"2024-05-02";"electricity";228.54;25.7
9933;95;"2023-08-17";"gas";1990.99;154.6
9934;92;"2023-04-18";"gas";195.93;19.17
9935;64;"2022-01-26";"electricity";261.85;29.98
9936;97;"2021-08-02";"electricity";1543.12;125.47
9937;70;"2022-07-31";"electricity";268.39;29.46
9938;50;"2023-12-24";"electricity";454.33;80.55
9939;46;"2023-07-31";"gas";1254.18;85.25
9940;89;"2023-05-17";"electricity";959.47;72.77
9941;97;"2022-02-13";"gas";1616.05;111.9
9942;5;"2022-12-29";"electricity";642.72;54.66
9943;37;"2024-03-09";"electricity";1115.92;89.79
9944;51;"2022-03-27";"electricity";1524.93;148.04
9945;60;"2022-09-30";"gas";374.83;50.15
9946;44;"2021-08-19";"electricity";12.25;2.07
9947;45;"2021-11-01";"gas";1756.72;131.74
9948;53;"2024-03-23";"gas";125.7;10.9
9949;19;"2022-08-09";"gas";276.72;39.49
9950;88;"2024-02-12";"electricity";997.23;101.76
9951;94;"2023-12-11";"gas";820.83;66.03
9952;77;"2023-11-21";"electricity";1595.66;130.79
9953;66;"2022-12-14";"gas";105.96;19.09
9954;80;"2023-08-29";"electricity";1658.24;111.47
9955;4;"2021-06-04";"gas";163.01;20.59
9956;60;"2022-02-10";"gas";350.81;61.46
9957;36;"2023-11-11";"gas";1004.09;64.6
9958;95;"2022-08-18";"electricity";859.23;59.64
9959;5;"2021-08-02";"electricity";1361.46;96.5
9960;47;"2023-01-22";"electricity";756.59;110.81
9961;72;"2022-11-25";"gas";442.46;70.98
9962;7;"2023-06-21";"gas";230.26;45.63
9963;57;"2023-07-13";"gas";1201.32;110.14
9964;96;"2022-08-05";"gas";621.79;57.76
9965;20;"2022-07-06";"gas";1849.5;175.94
9966;40;"2022-02-16";"electricity";183.68;29.34
9967;57;"2023-06-08";"gas";1904.73;154.63
9968;76;"2024-03-24";"electricity";858.08;113.19
9969;9;"2023-03-22";"electricity";611.17;58.86
9970;37;"2023-04-03";"electricity";547.49;42.71
9971;6;"2022-12-09";"electricity";776.67;58.59
9972;69;"2021-07-25";"gas";992.13;54.29
9973;67;"2022-05-30";"gas";631.45;89.87
9974;12;"2022-08-08";"electricity";465.44;66.77
9975;83;"2021-11-14";"electricity";877.25;116.43
9976;69;"2022-06-23";"electricity";1994.99;172.97
9977;28;"2022-12-02";"gas";881.06;50.58
9978;47;"2021-10-08";"electricity";421.49;36.46
9979;69;"2024-05-16";"gas";1073.3;80.29
9980;48;"2022-03-28";"gas";1085.67;102.3
9981;100;"2022-01-20";"gas";65.17;11.89
9982;63;"2022-07-09";"electricity";397.32;59.51
9983;53;"2022-02-22";"electricity";246.99;27.24
9984;67;"2021-06-29";"gas";961.7;102.61
9985;7;"2024-01-30";"gas";438.78;78.6
9986;77;"2022-07-07";"electricity";701.12;40.61
9987;10;"2022-12-06";"gas";395.79;41.75
9988;62;"2022-01-03";"electricity";364.39;45.06
9989;70;"2023-08-14";"electricity";990.85;85.98
9990;89;"2022-11-08";"electricity";962.9;87.8
9991;3;"2021-06-13";"electricity";74.78;13.85
9992;7;"2022-06-13";"electricity";145.17;23.61
9993;61;"2022-07-31";"electricity";839.88;112.77
9994;18;"2021-10-03";"electricity";1554.01;123.84
9995;76;"2022-07-23";"gas";210.83;22.19
9996;57;"2021-12-04";"electricity";1484.4;120.77
9997;90;"2023-09-03";"gas";497.53;50.56
9998;64;"2024-04-28";"gas";485.57;94.5
9999;92;"2021-08-27";"electricity";373.96;51.81
10000;58;"2021-10-25";"electricity";302.97;43.21
